recipe_id,name,name_ar,category,cuisine,difficulty,dietary_goal,meal_occasion,prep_time_min,cook_time_min,minutes,n_steps,n_ingredients,servings,calories,protein_g,carbohydrates_g,fat_g,saturated_fat_g,fiber_g,sugar_g,sodium_mg,cholesterol_mg,vitamin_c_mg,calcium_mg,iron_mg,is_vegan,is_vegetarian,allergens,health_score,protein_density,glycemic_index_level,calorie_category,macro_balance_label,bmi_suitability,budget_level,avg_rating,review_count
100000,Grilled Chicken Breast,صدر دجاج مشوي,Main Course,Mediterranean,Easy,High Protein / Weight Loss,Dinner,8.0,19.0,27,7,7,6,323,34.4,3.8,13.2,4.4,0.5,1.3,469.0,98.0,,27.0,1.9,0,0,None,46.8,10.65,Low,Low,High Protein,Overweight,Low,5.0,
100001,Egg White Omelette,عجة بياض البيض,Breakfast,International,Very Easy,High Protein / Low Cal,Breakfast,6.0,6.0,12,4,7,4,185,23.4,3.6,6.4,,1.1,1.9,260.0,10.0,,64.0,1.5,0,1,Eggs,53.1,12.65,Low,Very Low,High Protein,Normal,Low,4.33,3.0
100002,Tuna Salad Bowl,بول سلطة التونة,Salad,Mediterranean,Very Easy,Weight Loss,Lunch,11.0,0.0,11,3,7,1,166,26.8,8.2,7.5,2.9,2.8,3.9,453.0,39.0,,36.0,1.9,0,0,Seafood,57.0,16.14,Low,Very Low,High Protein,Overweight,Low,3.0,2.0
100003,Protein Pancakes,بانكيك البروتين,Breakfast,American,Very Easy,Muscle Gain,Breakfast,5.0,11.0,16,5,7,2,330,28.0,29.3,7.5,3.0,2.4,7.2,292.0,184.0,1.7,202.0,2.0,0,1,Dairy|Eggs|Gluten,51.2,8.48,Medium,Low,High Protein,Underweight,Low,5.0,2.0
100004,Greek Yogurt Parfait,بارفيه الزبادي اليوناني,Snack,International,Very Easy,Healthy Snack,Snack,4.0,0.0,4,4,6,4,324,21.5,41.2,6.9,2.6,3.2,18.0,97.0,15.0,12.5,259.0,1.3,0,1,Dairy,50.3,6.64,High,Low,Mixed,Normal,Low,3.43,7.0
100005,Chicken Vegetable Stir Fry,دجاج مقلي بالخضار,Main Course,Asian,Easy,Balanced,Dinner,17.0,12.0,29,9,9,2,391,34.2,28.5,11.9,,3.8,6.9,770.0,81.0,41.3,54.0,2.1,0,0,Nuts|Soy,49.5,8.75,Medium,Low,High Protein,Normal,Medium,4.43,7.0
100006,Baked Salmon with Vegetables,سالمون مشوي بالخضار,Main Course,Western,Easy,Heart Health,Dinner,8.0,18.0,26,7,9,2,479,42.1,14.0,20.3,8.4,,5.7,381.0,95.0,33.8,48.0,2.9,0,0,Seafood,48.8,8.79,Low,Moderate,High Protein,Normal,Medium,4.83,6.0
100007,Turkey Lettuce Wraps,لفائف الخس بالديك الرومي,Light Meal,Asian,Easy,Keto / Low Carb,Dinner,12.0,8.0,20,6,8,2,208,28.0,8.7,10.1,4.0,2.0,2.5,528.0,78.0,14.5,32.0,2.0,0,0,Dairy|Nuts|Soy,51.0,13.46,Low,Low,High Protein,Overweight,Low,4.33,3.0
100008,Boiled Eggs with Avocado,بيض مسلوق مع أفوكادو,Breakfast,International,Very Easy,Keto,Breakfast,2.0,7.0,9,4,6,2,340,15.7,9.3,23.4,7.4,7.5,0.8,287.0,395.0,8.2,44.0,1.7,0,1,Eggs,55.0,4.62,Low,Low,Mixed,Overweight,Low,4.6,5.0
100009,Shrimp Stir Fry,روبيان مقلي,Main Course,Asian,Easy,High Protein / Low Cal,Lunch,10.0,9.0,19,9,9,1,271,31.9,18.1,9.4,3.6,3.5,5.2,563.0,209.0,22.9,78.0,3.7,0,0,Nuts|Soy|Seafood,54.2,11.77,Low,Low,High Protein,Normal,Medium,,6.0
100010,Quinoa Buddha Bowl,بودا بول الكينوا,Main Course,International,Medium,Vegan / Balanced,Dinner,13.0,17.0,30,8,9,2,408,17.4,59.0,13.3,5.6,7.4,6.9,332.0,0.0,62.4,137.0,5.1,1,1,None,60.7,4.26,High,Moderate,High Carb,Normal,Medium,5.0,1.0
100011,Lentil Soup,شوربة العدس,Soup,Middle Eastern,Easy,High Fiber / Budget,Lunch,13.0,35.0,48,12,11,1,272,17.9,49.4,4.3,1.7,10.4,4.0,561.0,0.0,,,5.6,1,1,None,63.5,6.58,High,Low,High Carb,Normal,Medium,3.33,3.0
100012,Veggie Omelette,عجة الخضار,Breakfast,International,Very Easy,Balanced,Breakfast,4.0,5.0,9,4,8,4,208,17.9,6.5,16.1,,1.5,3.0,420.0,381.0,16.3,79.0,,0,1,Eggs,46.5,8.61,Low,Low,High Protein,Normal,Low,3.71,7.0
100013,Hummus with Vegetables,حمص مع الخضار,Snack,Middle Eastern,Very Easy,Healthy Snack,Snack,9.0,0.0,9,7,9,1,237,8.5,23.0,9.5,4.1,5.7,3.2,291.0,0.0,20.7,82.0,3.0,1,1,None,56.9,3.59,Medium,Low,Mixed,Normal,Medium,,6.0
100014,Spinach Lentil Dal,عدس بالسبانخ,Main Course,Indian,Easy,High Iron / Vegan,Dinner,11.0,18.0,29,7,10,4,356,17.5,46.6,6.4,2.4,15.1,4.2,481.0,0.0,25.3,122.0,,0,1,Dairy|Nuts,63.9,4.92,Medium,Low,High Carb,Normal,Medium,4.0,5.0
101928,Caprese Salad,سلطة كابريزي,Salad,Italian,Very Easy,Light / Healthy,Lunch,5.0,0.0,5,3,7,2,200,12.3,5.7,16.0,4.4,0.6,4.6,334.0,36.0,19.5,265.0,0.8,1,1,None,47.0,6.15,Low,Low,Mixed,Normal,Low,4.25,4.0
100016,Overnight Oats,شوفان بالليل,Breakfast,International,Very Easy,Sustained Energy,Breakfast,6.0,0.0,6,4,8,2,385,14.9,59.0,8.4,3.4,6.4,16.6,168.0,5.0,8.2,278.0,3.4,0,1,Dairy|Gluten|Nuts,55.0,3.87,High,Low,High Carb,Normal,Low,3.2,5.0
100017,Avocado Toast with Egg,توست الأفوكادو مع بيض,Breakfast,International,Very Easy,Balanced,Breakfast,6.0,6.0,12,5,8,6,422,17.5,31.9,23.7,9.8,6.5,2.2,,164.0,13.8,66.0,2.8,0,1,Eggs|Gluten,48.7,4.15,Medium,Moderate,Mixed,Normal,Low,,4.0
100018,Black Bean Tacos,تاكو الفول الأسود,Main Course,Mexican,Easy,Vegan / Budget,Lunch,7.0,12.0,19,8,10,2,363,17.0,60.2,9.4,3.4,14.9,3.8,551.0,0.0,14.6,134.0,4.6,1,1,None,59.9,4.68,High,Low,High Carb,Normal,Medium,4.5,4.0
100019,Mushroom Risotto,ريزوتو الفطر,Main Course,Italian,Medium,Comfort Food,Dinner,12.0,,40,14,10,4,414,14.3,65.9,14.8,5.7,,4.8,513.0,23.0,4.1,85.0,3.2,0,1,Dairy,44.3,3.45,High,Moderate,High Carb,Normal,Medium,4.12,8.0
100020,Chicken Vegetable Soup,شوربة الدجاج بالخضار,Soup,International,Easy,Immunity / Recovery,Lunch,15.0,39.0,54,11,11,2,255,30.5,23.9,7.2,2.1,4.3,4.2,,64.0,32.0,53.0,2.7,0,0,None,57.5,11.96,Medium,Low,High Protein,Normal,Medium,2.0,1.0
100021,Tomato Basil Soup,شوربة الطماطم والريحان,Soup,Italian,Easy,Light / Vegan,Lunch,10.0,28.0,38,7,9,2,175,5.3,26.9,6.6,2.9,4.5,14.6,454.0,0.0,32.0,62.0,1.8,0,1,Dairy,49.0,3.03,Medium,Very Low,High Carb,Normal,Medium,4.5,4.0
100022,Minestrone Soup,شوربة مينستروني,Soup,Italian,Easy,High Fiber / Balanced,Lunch,11.0,28.0,39,11,10,1,305,11.3,39.5,6.3,2.5,8.1,5.9,641.0,5.0,26.6,,3.8,1,1,Gluten,59.0,3.7,Medium,Low,High Carb,Normal,Medium,4.4,5.0
100023,Beef Stir Fry,لحم مقلي,Main Course,Asian,Easy,Muscle Gain,Dinner,12.0,12.0,24,9,10,2,455,34.0,27.6,18.7,6.7,3.5,5.1,878.0,93.0,16.3,45.0,4.4,0,0,Nuts|Soy,43.6,7.47,Medium,Moderate,High Protein,Underweight,Medium,1.0,1.0
100024,Lean Beef Rice Bowl,بول أرز باللحمة,Main Course,Asian Fusion,Easy,Muscle Gain / Bulking,Dinner,11.0,,28,10,10,2,526,35.8,55.2,11.4,3.7,3.7,5.5,725.0,76.0,11.6,44.0,3.6,0,0,Nuts|Soy,48.7,6.81,High,Moderate,Mixed,Underweight,Medium,,6.0
100025,Turkey Meatballs,كرات ديك رومي,Main Course,Italian,Easy,High Protein,Dinner,19.0,21.0,40,10,8,2,361,29.2,17.7,14.1,5.9,1.9,2.6,469.0,108.0,,58.0,2.8,0,0,Eggs|Gluten,45.7,8.09,Medium,Low,High Protein,Normal,Low,4.67,3.0
100026,Whole Wheat Pasta Turkey,مكرونة قمح بالديك الرومي,Main Course,Italian,Easy,Balanced,Dinner,12.0,31.0,43,12,9,2,478,36.3,55.8,9.8,2.8,6.9,7.8,683.0,79.0,16.7,78.0,4.4,0,0,Gluten,57.3,7.59,High,Moderate,Mixed,Normal,Medium,3.5,4.0
100027,Stuffed Bell Peppers,فلفل محشي,Main Course,Mediterranean,Medium,Balanced,Dinner,17.0,26.0,43,8,9,2,366,22.6,40.5,12.6,5.5,5.7,8.8,572.0,68.0,89.0,63.0,3.2,0,0,Dairy,53.3,6.17,Medium,Low,Mixed,Normal,Medium,4.33,
100028,Chicken Shawarma Bowl,بول شاورما الدجاج,Main Course,Middle Eastern,Easy,High Protein,Dinner,17.0,14.0,31,6,9,4,496,38.9,39.8,13.9,5.4,4.2,4.7,574.0,103.0,12.6,51.0,2.8,0,0,None,49.3,7.84,High,Moderate,High Protein,Normal,Medium,3.33,6.0
100029,Salmon Teriyaki,سالمون تيرياكي,Main Course,Japanese,Easy,Omega 3 / Healthy,Dinner,12.0,16.0,28,6,100,6,378,37.5,22.0,16.6,7.0,1.1,10.1,627.0,88.0,4.7,40.0,,0,0,Nuts|Soy|Seafood,36.9,9.92,Medium,Low,High Protein,Normal,Medium,3.6,
100030,Chicken Tikka Masala,دجاج تيكا ماسالا,Main Course,Indian,Medium,Balanced,Dinner,26.0,26.0,52,14,11,6,370,34.9,28.8,19.2,5.9,3.2,5.8,621.0,92.0,,74.0,4.0,0,0,Dairy,47.3,9.43,Medium,Low,High Protein,Normal,Medium,4.0,1.0
100031,Zucchini Noodles with Pesto,نودلز الكوسا بالبيستو,Main Course,Italian,Easy,Low Carb / Keto,Lunch,8.0,6.0,14,6,9,2,258,9.9,14.3,21.5,7.8,3.2,5.7,344.0,15.0,17.5,111.0,1.9,1,1,Nuts,44.1,3.84,Low,Low,Mixed,Overweight,Medium,,3.0
101928,Energy Balls,كرات الطاقة,Snack,International,Easy,Healthy Snack,Snack,13.0,0.0,13,4,7,2,127,4.1,16.0,5.3,1.6,1.7,7.1,42.0,0.0,0.9,30.0,0.9,0,1,Dairy|Gluten|Nuts,49.5,3.23,Low,Very Low,High Carb,Normal,Low,5.0,1.0
100033,Chocolate Protein Balls,كرات بروتين بالشوكولاتة,Snack,International,Easy,Post Workout,Snack,16.0,0.0,16,3,7,1,90,5.2,13.1,4.2,1.2,1.3,6.6,37.0,0.0,2.8,19.0,0.8,0,1,Dairy|Gluten|Nuts,50.9,5.78,Low,Very Low,Mixed,Normal,Low,4.5,4.0
100034,Apple Peanut Butter,تفاح مع زبدة فول سوداني,Snack,International,Very Easy,Balanced Snack,Snack,2.0,0.0,2,2,3,1,251,6.1,29.1,9.3,2.5,4.6,17.9,133.0,0.0,,22.0,0.5,0,1,Dairy|Nuts,47.6,2.43,Medium,Low,High Carb,Normal,Low,3.4,5.0
100035,Trail Mix,مكسرات وفواكه مجففة,Snack,International,Very Easy,Energy Boost,Snack,3.0,0.0,3,3,6,1,340,10.6,41.4,22.0,8.2,4.5,20.5,6000.0,,2.4,56.0,2.6,1,1,Nuts,39.6,3.12,High,Low,Mixed,Normal,Low,2.33,3.0
100036,Strawberry Protein Smoothie,سموذي الفراولة والبروتين,Beverage,International,Very Easy,Muscle Gain / Post Workout,Anytime,2.0,0.0,2,3,6,2,329,24.5,35.8,4.1,1.2,3.5,19.1,113.0,9.0,77.6,222.0,1.0,0,1,Dairy,56.0,7.45,Medium,Low,Mixed,Normal,Low,4.0,8.0
100037,Green Detox Smoothie,سموذي أخضر,Beverage,International,Very Easy,Detox / Weight Loss,Anytime,6.0,0.0,6,2,7,2,196,5.1,39.2,3.3,1.1,5.8,20.4,3500.0,0.0,135.6,90.0,2.5,0,1,None,57.4,2.6,Medium,Very Low,High Carb,Overweight,Low,4.2,15.0
100038,Banana Peanut Butter Smoothie,سموذي الموز وزبدة الفول,Beverage,International,Very Easy,Pre Workout / Energy,Anytime,3.0,0.0,3,1,7,6,403,15.2,52.0,12.0,4.2,4.2,22.8,176.0,11.0,12.4,216.0,1.4,0,1,Dairy|Gluten|Nuts,46.3,3.77,High,Moderate,High Carb,Normal,Low,3.33,3.0
100039,Mango Turmeric Smoothie,سموذي المانجو والكركم,Beverage,International,Very Easy,Anti-Inflammatory,Anytime,4.0,0.0,4,4,7,4,270,7.5,44.8,4.1,1.4,4.0,26.8,115.0,5.0,70.7,219.0,0.8,0,1,Dairy|Nuts,53.7,2.78,High,Low,High Carb,Normal,Low,3.67,3.0
100040,Berry Antioxidant Smoothie,سموذي التوت المضاد للأكسدة,Beverage,International,Very Easy,Immunity Boost,Anytime,3.0,0.0,3,4,6,6,204,7.4,44.3,3.2,1.1,6.8,22.4,100.0,5.0,35.3,152.0,1.1,0,1,Dairy|Nuts,58.4,3.63,High,Low,High Carb,Normal,Low,4.33,6.0
100041,Banana Nice Cream,آيس كريم الموز,Dessert,International,Very Easy,Healthy Dessert / Vegan,Dessert,4.0,0.0,4,1,2,6,106,2.2,28.6,0.5,0.2,2.6,16.3,2.0,0.0,13.0,6.0,0.3,1,1,None,49.3,2.08,Medium,Very Low,High Carb,Normal,Low,4.75,4.0
100042,Chia Pudding,بودنج الشيا,Dessert/Snack,International,Very Easy,High Fiber / Omega 3,Snack,9.0,0.0,9,4,5,2,258,10.1,33.2,13.0,4.5,14.0,18.4,155.0,5.0,3.7,257.0,2.9,0,1,Dairy|Nuts,53.8,3.91,Medium,Low,Mixed,Normal,Low,3.86,7.0
100043,Baked Cinnamon Apples,تفاح مخبوز بالقرفة,Dessert,International,Very Easy,Healthy Dessert,Dessert,6.0,21.0,27,7,6,2,177,1.0,40.6,2.1,0.8,4.8,37.5,9.0,0.0,8.7,,0.5,0,1,Dairy|Gluten,49.9,0.56,High,Very Low,High Carb,Normal,Low,3.5,4.0
100044,Falafel Wrap,سندويتش فلافل,Main Course,Middle Eastern,Medium,Vegan / Protein,Dinner,20.0,15.0,35,10,11,4,479,16.3,62.0,16.3,4.3,13.8,4.6,668.0,0.0,13.6,124.0,5.8,1,1,Gluten,56.8,3.4,High,Moderate,High Carb,Normal,Medium,4.0,2.0
100045,Tabbouleh Salad,سلطة التبولة,Salad,Middle Eastern,Easy,Light / Vegan,Lunch,11.0,0.0,11,3,9,1,199,5.4,27.3,6.7,2.1,6.5,4.4,422.0,,43.3,53.0,,1,1,Gluten,61.0,2.71,Medium,Very Low,High Carb,Normal,Medium,4.33,3.0
100046,Shakshuka,شكشوكة,Breakfast,Middle Eastern,Easy,Balanced,Breakfast,6.0,16.0,22,9,11,2,242,16.9,17.3,15.6,4.7,3.4,8.1,591.0,,35.0,71.0,3.5,0,1,Eggs,49.2,6.98,Low,Low,Balanced Macro,Normal,Medium,3.0,3.0
100047,Meal Prep Chicken Rice,دجاج وأرز للميل بريب,Main Course,International,Easy,Muscle Gain / Meal Prep,Dinner,19.0,22.0,41,9,9,2,473,45.4,47.7,9.6,3.5,3.1,1.7,544.0,82.0,,40.0,1.8,0,0,None,51.5,9.6,High,Moderate,High Protein,Normal,Medium,3.78,9.0
100048,Overnight Oats 5 Ways,شوفان بالليل 5 وصفات,Breakfast,International,Very Easy,Meal Prep / Healthy,Breakfast,11.0,0.0,11,6,6,2,402,13.4,57.0,9.3,2.7,6.4,18.5,169.0,9.0,8.9,262.0,2.3,0,1,Dairy|Gluten,54.1,3.33,High,Moderate,High Carb,Normal,Low,4.67,3.0
100049,Grilled Chicken Breast,صدر دجاج مشوي,Main Course,Mediterranean,Easy,High Protein / Weight Loss,Dinner,9.0,19.0,28,7,7,4,327,39.7,4.1,14.9,6.3,0.5,1.4,438.0,90.0,11.6,23.0,2.0,0,0,None,44.9,12.14,Low,Low,High Protein,Overweight,Low,3.67,
100050,Egg White Omelette,عجة بياض البيض,Breakfast,International,Very Easy,High Protein / Low Cal,Breakfast,6.0,6.0,12,4,7,4,182,23.8,4.3,5.7,2.3,1.1,2.0,317.0,11.0,,69.0,1.7,0,1,Eggs,53.5,,Low,Very Low,High Protein,Normal,Low,,3.0
100051,Tuna Salad Bowl,بول سلطة التونة,Salad,Mediterranean,Very Easy,Weight Loss,Lunch,9.0,0.0,9,4,7,6,167,27.4,7.6,6.5,2.5,2.8,4.9,483.0,41.0,29.4,38.0,2.1,0,0,Seafood,57.1,16.41,Low,Very Low,High Protein,Overweight,Low,5.0,1.0
100052,Protein Pancakes,بانكيك البروتين,Breakfast,American,Very Easy,Muscle Gain,Breakfast,4.0,12.0,16,8,7,4,359,28.8,27.5,7.4,2.9,2.9,5.5,279.0,216.0,2.2,,2.1,0,1,Dairy|Eggs|Gluten,53.0,8.02,Medium,Low,High Protein,Underweight,Low,4.5,2.0
100053,Greek Yogurt Parfait,بارفيه الزبادي اليوناني,Snack,International,Very Easy,Healthy Snack,Snack,5.0,0.0,5,4,6,6,324,23.5,38.9,7.6,3.2,3.2,21.5,87.0,14.0,14.4,272.0,1.3,0,1,Dairy,49.2,7.25,High,Low,Mixed,Normal,Low,5.0,4.0
100054,Chicken Vegetable Stir Fry,دجاج مقلي بالخضار,Main Course,Asian,Easy,Balanced,Dinner,18.0,12.0,30,8,9,2,333,33.0,28.8,13.1,5.5,3.4,6.3,780.0,81.0,38.7,67.0,2.1,0,0,Nuts|Soy,48.1,9.91,Medium,Low,High Protein,Normal,Medium,,15.0
100055,Baked Salmon with Vegetables,سالمون مشوي بالخضار,Main Course,Western,Easy,Heart Health,Dinner,12.0,21.0,33,9,9,1,481,40.3,14.8,20.3,8.2,4.6,4.3,364.0,102.0,40.4,54.0,2.5,0,0,Seafood,51.1,8.38,Low,Moderate,High Protein,Normal,Medium,4.0,3.0
100056,Turkey Lettuce Wraps,لفائف الخس بالديك الرومي,Light Meal,Asian,Easy,Keto / Low Carb,Lunch,11.0,,18,8,8,1,237,24.6,8.2,11.5,4.3,2.3,3.2,,70.0,17.5,31.0,1.7,0,0,Dairy|Nuts|Soy,50.0,10.38,Low,Low,High Protein,Overweight,Low,,2.0
100057,Boiled Eggs with Avocado,بيض مسلوق مع أفوكادو,Breakfast,International,Very Easy,Keto,Breakfast,2.0,,12,4,6,4,284,16.4,9.2,25.0,9.9,6.2,0.8,291.0,415.0,9.7,55.0,1.9,0,1,Eggs,49.6,5.77,Low,Low,Mixed,Overweight,Low,,
100058,Shrimp Stir Fry,روبيان مقلي,Main Course,Asian,medium ,High Protein / Low Cal,Lunch,8.0,8.0,16,6,9,4,284,33.1,17.5,8.4,3.7,3.5,4.1,671.0,219.0,21.4,88.0,3.9,0,0,Nuts|Soy|Seafood,53.5,11.65,Low,Low,High Protein,Normal,Medium,3.57,7.0
100059,Quinoa Buddha Bowl,بودا بول الكينوا,Main Course,International,Medium,Vegan / Balanced,Dinner,16.0,17.0,33,10,9,1,466,18.8,60.2,14.3,5.9,8.0,7.2,311.0,0.0,61.8,132.0,5.1,1,1,None,60.3,4.03,High,Moderate,High Carb,Normal,Medium,4.0,4.0
101928,Lentil Soup,شوربة العدس,Soup,Middle Eastern,Easy,High Fiber / Budget,Lunch,9.0,24.0,33,12,11,6,289,18.6,47.8,3.6,,10.9,5.5,653.0,0.0,17.8,70.0,5.6,1,1,None,62.4,6.44,High,Low,High Carb,Normal,Medium,4.8,5.0
100061,Veggie Omelette,عجة الخضار,Breakfast,International,Very Easy,Balanced,Breakfast,,7.0,11,7,8,4,229,17.5,6.3,16.9,4.6,1.8,2.5,329.0,,19.5,84.0,,0,1,Eggs,50.0,7.64,Low,Low,High Protein,Normal,Low,5.0,1.0
100062,Hummus with Vegetables,حمص مع الخضار,Snack,Middle Eastern,Very Easy,Healthy Snack,Snack,7.0,0.0,7,6,9,2,185,9.3,22.4,10.1,3.6,5.5,2.7,355.0,0.0,25.0,,2.8,1,1,None,58.0,5.03,Medium,Very Low,Mixed,Normal,Medium,,2.0
100063,Spinach Lentil Dal,عدس بالسبانخ,Main Course,Indian,Easy,High Iron / Vegan,Dinner,13.0,,43,10,10,6,320,19.2,53.1,5.5,2.3,,3.3,359.0,0.0,25.4,103.0,6.6,0,1,Dairy|Nuts,66.2,6.0,High,Low,High Carb,Normal,Medium,4.17,6.0
100064,Caprese Salad,سلطة كابريزي,Salad,Italian,Very Easy,Light / Healthy,Lunch,5.0,0.0,5,4,7,4,242,13.0,5.5,17.1,6.9,0.4,4.1,383.0,35.0,21.1,,0.7,1,1,None,42.2,5.37,Low,Low,Mixed,Normal,Low,1.0,1.0
100065,Overnight Oats,شوفان بالليل,Breakfast,International,Very Easy,Sustained Energy,Breakfast,6.0,,6,6,8,4,406,14.9,61.7,8.5,3.2,6.4,15.8,155.0,5.0,7.8,282.0,3.1,0,1,Dairy|Gluten|Nuts,55.5,3.67,High,Moderate,High Carb,Normal,Low,4.0,1.0
100066,Avocado Toast with Egg,توست الأفوكادو مع بيض,Breakfast,International,Very Easy,Balanced,Breakfast,4.0,5.0,9,7,8,4,422,16.4,27.9,20.1,5.4,7.8,1.8,392.0,,,63.0,3.4,0,1,Eggs|Gluten,57.5,3.89,Medium,Moderate,Balanced Macro,Normal,Low,4.0,2.0
100067,Black Bean Tacos,تاكو الفول الأسود,Main Course,Mexican,Easy,Vegan / Budget,Lunch,9.0,10.0,19,8,10,6,376,16.2,59.3,10.8,4.2,13.7,4.5,617.0,0.0,15.0,125.0,4.3,1,1,None,57.3,4.31,High,Low,High Carb,Normal,Medium,4.5,2.0
100068,Mushroom Risotto,ريزوتو الفطر,Main Course,Italian,Medium,Comfort Food,Dinner,,38.0,45,13,10,2,483,14.3,66.1,15.2,6.6,2.9,4.4,611.0,,3.7,85.0,3.1,0,1,Dairy,41.8,2.96,High,Moderate,High Carb,Normal,Medium,3.75,4.0
100069,Chicken Vegetable Soup,شوربة الدجاج بالخضار,Soup,International,Easy,Immunity / Recovery,Lunch,16.0,44.0,60,12,11,1,247,28.5,20.4,6.8,,4.7,5.4,600.0,77.0,32.0,60.0,,0,0,None,57.7,,Medium,Low,High Protein,Normal,Medium,,3.0
100070,Tomato Basil Soup,شوربة الطماطم والريحان,Soup,Italian,Easy,Light / Vegan,Lunch,,21.0,31,6,9,2,188,4.9,27.2,6.8,2.6,3.5,12.4,544.0,0.0,,64.0,2.0,0,1,Dairy,47.5,2.61,Medium,Very Low,High Carb,Normal,Medium,,
100071,Minestrone Soup,شوربة مينستروني,Soup,Italian,Easy,High Fiber / Balanced,Lunch,11.0,28.0,39,10,10,2,298,11.2,39.3,7.3,3.0,9.4,7.0,,5.0,22.3,,4.0,1,1,Gluten,57.7,3.76,Medium,Low,High Carb,Normal,Medium,3.6,5.0
100072,Beef Stir Fry,لحم مقلي,Main Course,Asian,Easy,Muscle Gain,Dinner,19.0,18.0,37,9,10,1,403,39.2,28.5,17.9,6.3,,4.8,786.0,89.0,14.2,51.0,4.3,0,0,Nuts|Soy,45.6,9.73,Medium,Moderate,High Protein,Underweight,Medium,4.0,3.0
100073,Lean Beef Rice Bowl,بول أرز باللحمة,Main Course,Asian Fusion,Easy,Muscle Gain / Bulking,Dinner,8.0,19.0,27,11,10,1,458,37.9,55.4,13.0,3.3,3.0,4.9,816.0,80.0,,57.0,3.8,0,0,Nuts|Soy,47.9,8.28,High,Moderate,Mixed,Underweight,Medium,4.67,3.0
100074,Turkey Meatballs,كرات ديك رومي,Main Course,Italian,Easy,High Protein,Dinner,12.0,22.0,34,7,8,1,375,33.0,19.0,13.0,4.6,1.8,3.4,508.0,88.0,9.1,61.0,2.7,0,0,Eggs|Gluten,47.2,8.8,Medium,Low,High Protein,Normal,Low,4.0,1.0
100075,Whole Wheat Pasta Turkey,مكرونة قمح بالديك الرومي,Main Course,Italian,Easy,Balanced,Dinner,12.0,25.0,37,10,9,1,520,36.0,51.8,9.5,2.7,6.9,7.3,556.0,70.0,16.0,76.0,4.1,0,0,Gluten,58.4,6.92,High,Moderate,Mixed,Normal,Medium,,4.0
100076,Stuffed Bell Peppers,فلفل محشي,Main Course,Mediterranean,Medium,Balanced,Dinner,24.0,25.0,49,10,9,4,383,23.3,45.8,12.1,3.3,6.7,8.0,445.0,,66.2,55.0,3.1,0,0,Dairy,60.1,,High,Low,Mixed,Normal,Medium,3.8,5.0
100077,Chicken Shawarma Bowl,بول شاورما الدجاج,Main Course,Middle Eastern,Easy,High Protein,Dinner,20.0,12.0,32,9,9,4,401,36.9,40.6,14.4,,5.7,4.3,664.0,82.0,16.7,67.0,2.8,0,0,None,54.2,9.2,Medium,Moderate,High Protein,Normal,Medium,4.67,3.0
100078,Salmon Teriyaki,سالمون تيرياكي,Main Course,Japanese,Easy,Omega 3 / Healthy,Dinner,12.0,13.0,25,9,9,4,447,36.3,22.8,16.8,6.5,0.9,11.3,629.0,88.0,5.9,,,0,0,Nuts|Soy|Seafood,35.8,,Medium,Moderate,High Protein,Normal,Medium,4.25,4.0
100079,Chicken Tikka Masala,دجاج تيكا ماسالا,Main Course,Indian,Medium,Balanced,Dinner,21.0,27.0,48,13,11,4,473,32.1,29.7,18.8,4.9,2.5,6.2,636.0,93.0,14.6,85.0,3.3,0,0,Dairy,45.5,6.79,Medium,Moderate,Balanced Macro,Normal,Medium,3.0,2.0
100080,Zucchini Noodles with Pesto,نودلز الكوسا بالبيستو,Main Course,Italian,Easy,Low Carb / Keto,Lunch,10.0,6.0,16,5,9,4,290,9.9,14.4,23.3,8.8,3.3,5.3,369.0,16.0,19.5,107.0,1.8,1,1,Nuts,42.7,3.41,Low,Low,Mixed,Overweight,Medium,4.0,9.0
100081,Energy Balls,كرات الطاقة,Snack,International,Easy,Healthy Snack,Snack,16.0,0.0,16,4,7,2,116,4.1,16.3,5.2,1.4,2.4,7.6,43.0,0.0,0.9,,1.1,0,1,Dairy|Gluten|Nuts,51.2,3.53,Low,Very Low,High Carb,Normal,Low,3.6,5.0
100082,Chocolate Protein Balls,كرات بروتين بالشوكولاتة,Snack,International,Easy,Post Workout,Snack,11.0,0.0,720,5,7,2,101,4.7,12.3,4.2,1.2,1.8,5.3,36.0,0.0,3.1,19.0,0.8,0,1,Dairy|Gluten|Nuts,52.0,4.65,Low,Very Low,Mixed,Normal,Low,4.2,5.0
100083,Apple Peanut Butter,تفاح مع زبدة فول سوداني,Snack,International,Very Easy,Balanced Snack,Snack,2.0,0.0,2,1,3,1,239,6.0,25.9,9.4,3.1,3.4,20.1,103.0,0.0,,20.0,,0,1,Dairy|Nuts,43.7,,Medium,Low,High Carb,Normal,Low,4.5,2.0
100084,Trail Mix,مكسرات وفواكه مجففة,Snack,International,Very Easy,Energy Boost,Snack,3.0,,3,0,6,2,337,9.6,34.8,23.8,7.0,,17.0,88.0,0.0,1.8,54.0,2.8,1,1,Nuts,43.7,2.85,Medium,Low,Mixed,Normal,Low,4.0,4.0
100085,Strawberry Protein Smoothie,سموذي الفراولة والبروتين,Beverage,International,Very Easy,Muscle Gain / Post Workout,Anytime,3.0,0.0,3,2,6,1,320,24.7,39.0,4.0,1.7,3.4,20.3,131.0,11.0,88.6,221.0,1.2,0,1,Dairy,54.6,7.72,High,Low,Mixed,Normal,Low,5.0,3.0
100086,Green Detox Smoothie,سموذي أخضر,Beverage,International,Very Easy,Detox / Weight Loss,Anytime,4.0,0.0,4,3,7,6,157,5.4,40.1,2.9,,5.3,20.6,104.0,0.0,128.9,,2.2,0,1,None,56.9,3.44,Medium,Very Low,High Carb,Overweight,Low,4.75,4.0
100087,Banana Peanut Butter Smoothie,سموذي الموز وزبدة الفول,Beverage,International,Very Easy,Pre Workout / Energy,Anytime,3.0,0.0,3,1,7,4,370,13.9,50.3,11.1,3.4,5.7,26.0,206.0,10.0,10.9,185.0,1.3,0,1,Dairy|Gluten|Nuts,49.7,3.76,High,Low,High Carb,Normal,Low,2.33,3.0
100088,Mango Turmeric Smoothie,سموذي المانجو والكركم,Beverage,International,Very Easy,Anti-Inflammatory,Anytime,,0.0,4,4,7,4,266,7.9,48.1,4.3,1.3,4.5,37.6,128.0,4.0,70.7,200.0,0.9,0,1,Dairy|Nuts,54.7,2.97,High,Low,High Carb,Normal,Low,4.33,6.0
100089,Berry Antioxidant Smoothie,سموذي التوت المضاد للأكسدة,Beverage,International,Very Easy,Immunity Boost,Anytime,2.0,0.0,2,3,6,1,2200,7.7,42.8,3.2,1.2,6.4,25.6,77.0,5.0,38.4,153.0,0.9,0,1,Dairy|Nuts,58.1,4.05,High,Very Low,High Carb,Normal,Low,3.5,2.0
100090,Banana Nice Cream,آيس كريم الموز,Dessert,International,Very Easy,Healthy Dessert / Vegan,Dessert,,0.0,4,3,2,4,116,2.0,28.3,0.5,0.1,3.1,16.7,2.0,0.0,12.0,,0.3,1,1,None,50.0,1.72,Medium,Very Low,High Carb,Normal,Low,4.4,5.0
100091,Chia Pudding,بودنج الشيا,Dessert/Snack,International,Very Easy,High Fiber / Omega 3,Snack,9.0,0.0,9,4,5,1,306,10.0,31.6,12.9,,12.0,18.8,132.0,,4.3,235.0,2.7,0,1,Dairy|Nuts,53.7,,Medium,Low,Mixed,Normal,Low,4.17,6.0
100092,Baked Cinnamon Apples,تفاح مخبوز بالقرفة,Dessert,International,Very Easy,Healthy Dessert,Dessert,6.0,29.0,35,5,6,2,206,1.0,44.5,2.1,0.9,5.4,25.9,8.0,0.0,,21.0,0.5,0,1,Dairy|Gluten,50.8,,High,Low,High Carb,Normal,Low,3.67,3.0
100093,Falafel Wrap,سندويتش فلافل,Main Course,Middle Eastern,Medium,Vegan / Protein,Dinner,19.0,12.0,31,12,11,6,526,17.1,62.9,16.6,7.5,10.5,3.9,663.0,0.0,16.2,121.0,6.1,1,1,Gluten,52.7,,High,Moderate,High Carb,Normal,Medium,4.33,3.0
100094,Tabbouleh Salad,سلطة التبولة,Salad,Middle Eastern,Easy,Light / Vegan,Lunch,17.0,0.0,17,6,9,2,181,4.8,26.2,7.6,3.1,,3.8,411.0,0.0,36.8,68.0,3.4,1,1,Gluten,57.9,2.65,Medium,Very Low,High Carb,Normal,Medium,3.33,3.0
100095,Shakshuka,شكشوكة,Breakfast,Middle Eastern,Easy,Balanced,Breakfast,5.0,21.0,26,7,11,6,296,16.0,17.9,16.2,4.9,4.7,8.7,543.0,348.0,32.6,76.0,,0,1,Eggs,50.7,5.41,Low,Low,Balanced Macro,Normal,Medium,4.5,2.0
100096,Meal Prep Chicken Rice,دجاج وأرز للميل بريب,Main Course,International,Easy,Muscle Gain / Meal Prep,Dinner,13.0,18.0,31,8,9,2,411,44.8,45.8,10.1,2.5,2.7,1.7,515.0,88.0,8.7,35.0,2.2,0,0,None,53.4,10.9,High,Moderate,High Protein,Normal,Medium,2.0,1.0
100097,Overnight Oats 5 Ways,شوفان بالليل 5 وصفات,Breakfast,International,Very Easy,Meal Prep / Healthy,Breakfast,11.0,0.0,11,4,6,2,340,15.2,55.9,9.0,3.8,6.2,21.3,151.0,9.0,11.7,270.0,2.3,0,1,Dairy|Gluten,52.4,4.47,High,Low,High Carb,Normal,Low,,6.0
100098,Grilled Chicken Breast,صدر دجاج مشوي,Main Course,Mediterranean,Easy,High Protein / Weight Loss,Dinner,9.0,14.0,23,6,7,6,350,34.5,4.3,14.8,4.1,0.4,1.3,467.0,,12.7,25.0,2.0,0,0,None,46.8,9.86,Low,Low,High Protein,Overweight,Low,3.75,4.0
100099,Egg White Omelette,عجة بياض البيض,Breakfast,International,Very Easy,High Protein / Low Cal,Breakfast,5.0,6.0,11,7,7,4,168,23.4,3.9,6.3,1.8,1.1,2.2,248.0,10.0,6.7,63.0,1.4,0,1,Eggs,54.9,13.93,Low,Very Low,High Protein,Normal,Low,4.25,4.0
100100,Tuna Salad Bowl,بول سلطة التونة,Salad,Mediterranean,Very Easy,Weight Loss,Lunch,10.0,0.0,10,4,7,2,215,25.2,7.8,6.9,3.0,2.7,4.2,533.0,35.0,23.1,39.0,2.0,0,0,Seafood,53.0,11.72,Low,Low,High Protein,Overweight,Low,4.0,1.0
100101,Protein Pancakes,بانكيك البروتين,Breakfast,American,Very Easy,Muscle Gain,Breakfast,5.0,13.0,18,8,7,1,338,30.8,30.5,7.8,2.9,2.2,7.1,278.0,207.0,2.3,194.0,2.1,0,1,Dairy|Eggs|Gluten,51.5,9.11,Medium,Low,High Protein,Underweight,Low,4.38,8.0
100102,Greek Yogurt Parfait,بارفيه الزبادي اليوناني,Snack,International,Very Easy,Healthy Snack,Snack,4.0,0.0,4,5,6,6,312,22.1,36.9,7.6,3.1,3.0,22.6,106.0,14.0,15.5,263.0,1.5,0,1,Dairy,48.8,7.08,Medium,Low,Mixed,Normal,Low,,1.0
100103,Chicken Vegetable Stir Fry,دجاج مقلي بالخضار,Main Course,Asian,Easy,Balanced,Dinner,13.0,11.0,24,7,9,6,338,34.4,28.4,12.1,3.2,,6.3,582.0,81.0,,69.0,2.8,0,0,Nuts|Soy,56.1,10.18,Medium,Low,High Protein,Normal,Medium,4.67,3.0
100104,Baked Salmon with Vegetables,سالمون مشوي بالخضار,Main Course,Western,Easy,Heart Health,Dinner,,19.0,32,7,9,4,361,39.3,14.8,23.2,10.4,4.8,5.3,371.0,106.0,34.1,55.0,,0,0,Seafood,48.7,10.89,Low,Low,High Protein,Normal,Medium,5.0,3.0
100105,Turkey Lettuce Wraps,لفائف الخس بالديك الرومي,Light Meal,Asian,Easy,Keto / Low Carb,Dinner,10.0,10.0,20,8,8,4,242,27.2,7.6,9.9,4.1,1.6,2.8,516.0,65.0,17.6,37.0,1.8,0,0,Dairy|Nuts|Soy,49.1,11.24,Low,Low,High Protein,Overweight,Low,5.0,1.0
100106,Boiled Eggs with Avocado,بيض مسلوق مع أفوكادو,Breakfast,International,Very Easy,Keto,Breakfast,2.0,12.0,14,3,6,2,331,17.4,9.7,22.8,8.0,5.4,0.8,305.0,342.0,8.9,55.0,,0,1,Eggs,50.3,5.26,Low,Low,Mixed,Overweight,Low,,8.0
100107,Shrimp Stir Fry,روبيان مقلي,Main Course,Asian,Easy,High Protein / Low Cal,Dinner,12.0,13.0,25,9,9,4,267,34.7,18.3,9.1,3.4,3.3,5.6,562.0,187.0,,100.0,3.9,0,0,Nuts|Soy|Seafood,54.9,13.0,Medium,Low,High Protein,Normal,Medium,4.29,7.0
100108,Quinoa Buddha Bowl,بودا بول الكينوا,Main Course,International,Medium,Vegan / Balanced,Dinner,14.0,18.0,32,11,9,4,427,16.4,53.3,14.4,5.2,8.1,7.1,360.0,0.0,,131.0,5.1,1,1,None,60.8,3.84,High,Moderate,High Carb,Normal,Medium,3.8,5.0
100109,Lentil Soup,شوربة العدس,Soup,Middle Eastern,Easy,High Fiber / Budget,Lunch,8.0,34.0,42,11,11,2,285,16.7,43.6,3.8,1.4,12.7,5.8,640.0,0.0,12.2,70.0,6.0,1,1,None,61.4,5.86,Medium,Low,High Carb,Normal,Medium,,3.0
100110,Veggie Omelette,عجة الخضار,Breakfast,International,Very Easy,Balanced,Breakfast,4.0,9.0,13,5,8,2,239,19.3,5.8,17.5,5.6,1.5,3.5,433.0,378.0,,87.0,2.2,0,1,Eggs,46.7,8.08,Low,Low,High Protein,Normal,Low,4.0,2.0
100111,Hummus with Vegetables,حمص مع الخضار,Snack,Middle Eastern,Very Easy,Healthy Snack,Snack,8.0,0.0,8,5,9,2,201,9.7,21.9,10.6,3.3,6.5,3.3,293.0,0.0,25.5,92.0,3.4,1,1,None,61.1,4.83,Medium,Low,Mixed,Normal,Medium,3.83,6.0
100112,Spinach Lentil Dal,عدس بالسبانخ,Main Course,Indian,Easy,High Iron / Vegan,Dinner,12.0,32.0,44,8,10,1,304,17.6,53.3,6.0,2.2,14.9,4.3,389.0,0.0,32.6,120.0,7.9,0,1,Dairy|Nuts,67.0,5.79,High,Low,High Carb,Normal,Medium,4.25,8.0
100113,Caprese Salad,سلطة كابريزي,Salad,Italian,Very Easy,Light / Healthy,Lunch,5.0,0.0,5,3,7,6,222,12.8,5.5,17.0,5.9,0.4,3.2,339.0,38.0,20.9,263.0,,1,1,None,45.0,5.77,Low,Low,Mixed,Normal,Low,4.6,5.0
100114,Overnight Oats,شوفان بالليل,Breakfast,International,Very Easy,Sustained Energy,Breakfast,5.0,0.0,5,3,8,4,325,14.1,57.0,8.1,2.5,8.2,18.3,140.0,4.0,7.0,252.0,3.3,0,1,Dairy|Gluten|Nuts,57.7,4.34,High,Low,High Carb,Normal,Low,4.33,6.0
100115,Avocado Toast with Egg,توست الأفوكادو مع بيض,Breakfast,International,Very Easy,Balanced,Breakfast,4.0,6.0,10,7,8,4,332,17.5,29.8,20.9,7.3,8.6,1.8,461.0,189.0,9.9,51.0,2.7,0,1,Eggs|Gluten,54.0,5.27,Medium,Low,Balanced Macro,Normal,Low,3.75,8.0
100116,Black Bean Tacos,تاكو الفول الأسود,Main Course,Mexican,Easy,Vegan / Budget,Dinner,12.0,11.0,23,7,10,4,397,15.5,61.3,10.9,3.1,16.2,4.7,542.0,0.0,16.4,122.0,5.2,1,1,None,60.0,3.9,High,Low,High Carb,Normal,Medium,4.0,4.0
100117,Mushroom Risotto,ريزوتو الفطر,Main Course,Italian,Medium,Comfort Food,Dinner,10.0,36.0,46,13,10,1,410,13.2,63.2,14.9,6.6,3.4,4.7,545.0,18.0,4.8,85.0,3.0,0,1,Dairy,43.5,3.22,High,Moderate,High Carb,Normal,Medium,4.67,3.0
100118,Chicken Vegetable Soup,شوربة الدجاج بالخضار,Soup,International,Easy,Immunity / Recovery,Lunch,13.0,38.0,51,10,11,2,229,26.5,20.1,7.1,1.9,4.2,5.2,,79.0,29.2,58.0,2.6,0,0,None,56.5,11.57,Medium,Low,High Protein,Normal,Medium,4.86,7.0
100119,Tomato Basil Soup,شوربة الطماطم والريحان,Soup,Italian,Easy,Light / Vegan,Lunch,9.0,19.0,28,9,9,1,196,5.2,25.7,6.5,2.3,4.3,14.7,515.0,0.0,25.0,,,0,1,Dairy,48.1,2.65,Medium,Very Low,High Carb,Normal,Medium,4.5,2.0
100120,Minestrone Soup,شوربة مينستروني,Soup,Italian,Easy,High Fiber / Balanced,Lunch,14.0,23.0,37,9,10,2,249,11.6,38.6,7.1,2.0,8.4,5.7,544.0,,22.7,74.0,3.1,1,1,Gluten,60.6,4.66,Medium,Low,High Carb,Normal,Medium,4.25,4.0
100121,Beef Stir Fry,لحم مقلي,Main Course,Asian,Easy,Muscle Gain,Dinner,12.0,11.0,23,10,10,2,410,35.9,23.8,17.1,7.1,3.1,5.3,802.0,87.0,17.2,44.0,3.9,0,0,Nuts|Soy,43.4,,Medium,Moderate,High Protein,Underweight,Medium,4.33,3.0
100122,Lean Beef Rice Bowl,بول أرز باللحمة,Main Course,Asian Fusion,Easy,Muscle Gain / Bulking,Dinner,11.0,22.0,33,10,10,2,461,36.7,60.3,11.9,4.4,,4.8,681.0,88.0,9.6,44.0,4.1,0,0,Nuts|Soy,47.6,7.96,High,Moderate,Mixed,Underweight,Medium,5.0,3.0
100123,Turkey Meatballs,كرات ديك رومي,Main Course,Italian,Easy,High Protein,Dinner,17.0,24.0,41,10,8,6,359,32.3,19.6,13.9,,2.2,2.9,450.0,89.0,7.2,,2.4,0,0,Eggs|Gluten,48.7,9.0,Medium,Low,High Protein,Normal,Low,4.0,5.0
100124,Whole Wheat Pasta Turkey,مكرونة قمح بالديك الرومي,Main Course,Italian,Easy,Balanced,Dinner,12.0,23.0,35,9,9,4,551,37.8,54.9,10.0,4.5,7.6,7.5,648.0,79.0,,84.0,3.5,0,0,Gluten,55.9,6.86,High,Moderate,Mixed,Normal,Medium,,5.0
100125,Stuffed Bell Peppers,فلفل محشي,Main Course,Mediterranean,Medium,Balanced,Dinner,21.0,39.0,60,10,9,1,433,23.2,44.5,11.1,2.8,5.0,7.1,559.0,70.0,82.8,60.0,2.9,0,0,Dairy,56.4,,High,Moderate,Mixed,Normal,Medium,,4.0
100126,Chicken Shawarma Bowl,بول شاورما الدجاج,Main Course,Middle Eastern,Easy,High Protein,Dinner,23.0,15.0,38,6,9,4,422,41.2,38.5,14.9,4.1,5.5,3.8,553.0,,13.9,56.0,3.3,0,0,None,55.9,9.76,Medium,Moderate,High Protein,Normal,Medium,5.0,1.0
100127,Salmon Teriyaki,سالمون تيرياكي,Main Course,Japanese,Easy,Omega 3 / Healthy,Dinner,10.0,19.0,29,7,9,4,407,37.3,22.4,17.5,5.9,0.9,10.4,521.0,94.0,4.8,43.0,1.7,0,0,Nuts|Soy|Seafood,38.9,9.16,Medium,Moderate,High Protein,Normal,Medium,4.25,4.0
100128,Chicken Tikka Masala,دجاج تيكا ماسالا,Main Course,Indian,Medium,Balanced,Dinner,24.0,24.0,48,14,11,4,406,33.3,26.4,18.9,6.2,3.4,5.0,511.0,95.0,14.9,91.0,3.3,0,0,Dairy,48.0,8.2,Medium,Moderate,High Protein,Normal,Medium,3.0,2.0
100129,Zucchini Noodles with Pesto,نودلز الكوسا بالبيستو,Main Course,Italian,Easy,Low Carb / Keto,Lunch,11.0,4.0,15,4,9,4,287,9.7,15.0,22.5,8.3,4.5,5.4,357.0,13.0,19.0,107.0,1.9,1,1,Nuts,45.9,3.38,Low,Low,Mixed,Overweight,Medium,4.67,6.0
100130,Energy Balls,كرات الطاقة,Snack,International,Easy,Healthy Snack,Snack,13.0,0.0,13,2,7,6,117,4.0,16.1,5.4,2.0,2.3,7.0,36.0,0.0,1.0,27.0,1.0,0,1,Dairy|Gluten|Nuts,50.3,3.42,Low,Very Low,High Carb,Normal,Low,3.71,7.0
100131,Chocolate Protein Balls,كرات بروتين بالشوكولاتة,Snack,International,Easy,Post Workout,Snack,12.0,0.0,12,5,7,2,92,5.0,12.5,4.0,1.5,1.3,6.2,44.0,0.0,3.3,20.0,0.8,0,1,Dairy|Gluten|Nuts,50.5,5.43,Low,Very Low,Mixed,Normal,Low,5.0,1.0
100132,Apple Peanut Butter,تفاح مع زبدة فول سوداني,Snack,International,Very Easy,Balanced Snack,Snack,3.0,,3,1,3,2,238,6.4,27.3,10.6,4.3,3.3,19.6,122.0,0.0,9.0,20.0,0.6,0,1,Dairy|Nuts,41.9,2.69,Medium,Low,High Carb,Normal,Low,4.4,5.0
100133,Trail Mix,مكسرات وفواكه مجففة,Snack,International,Very Easy,Energy Boost,Snack,4.0,,4,2,6,1,347,10.5,39.4,25.7,9.4,5.2,19.4,83.0,0.0,1.7,69.0,2.3,1,1,Nuts,39.3,3.03,Medium,Low,Mixed,Normal,Low,4.6,5.0
100134,Strawberry Protein Smoothie,سموذي الفراولة والبروتين,Beverage,International,Very Easy,Muscle Gain / Post Workout,Anytime,2.0,0.0,2,4,6,1,258,27.3,37.3,3.6,,,23.4,138.0,10.0,77.1,,1.2,0,1,Dairy,56.6,10.58,Medium,Low,High Protein,Normal,Low,4.33,3.0
100135,Green Detox Smoothie,سموذي أخضر,Beverage,International,Very Easy,Detox / Weight Loss,Anytime,6.0,0.0,6,4,7,2,175,5.2,39.5,3.2,1.4,5.9,19.9,102.0,0.0,136.8,,2.4,0,1,None,57.3,2.97,Medium,Very Low,High Carb,Overweight,Low,3.5,4.0
100136,Banana Peanut Butter Smoothie,سموذي الموز وزبدة الفول,Beverage,International,Very Easy,Pre Workout / Energy,Anytime,4.0,0.0,4,4,7,2,379,13.5,49.7,12.1,4.1,4.3,31.9,196.0,11.0,10.4,197.0,1.7,0,1,Dairy|Gluten|Nuts,46.1,3.56,High,Low,High Carb,Normal,Low,7.0,2.0
100137,Mango Turmeric Smoothie,سموذي المانجو والكركم,Beverage,International,Very Easy,Anti-Inflammatory,Anytime,5.0,0.0,5,3,7,1,268,7.7,47.3,4.3,1.3,3.3,30.2,105.0,5.0,58.3,,0.7,0,1,Dairy|Nuts,52.1,2.87,High,Low,High Carb,Normal,Low,4.0,3.0
100138,Berry Antioxidant Smoothie,سموذي التوت المضاد للأكسدة,Beverage,International,Very Easy,Immunity Boost,Anytime,3.0,0.0,3,4,6,2,196,7.6,43.5,2.7,0.9,6.5,31.6,103.0,,33.7,144.0,,0,1,Dairy|Nuts,57.8,3.88,High,Very Low,High Carb,Normal,Low,4.5,2.0
100139,Banana Nice Cream,آيس كريم الموز,Dessert,International,Very Easy,Healthy Dessert / Vegan,Dessert,4.0,0.0,4,4,2,4,125,2.1,25.6,0.5,0.2,3.1,13.9,2.0,0.0,,6.0,0.3,1,1,None,51.0,1.68,Medium,Very Low,High Carb,Normal,Low,4.25,4.0
100140,Chia Pudding,بودنج الشيا,Dessert/Snack,International,Very Easy,High Fiber / Omega 3,Snack,12.0,0.0,12,3,5,1,264,9.3,32.5,11.0,3.8,14.3,16.6,145.0,5.0,3.3,280.0,2.8,0,1,Dairy|Nuts,55.8,3.52,Medium,Low,High Carb,Normal,Low,3.67,3.0
100141,Baked Cinnamon Apples,تفاح مخبوز بالقرفة,Dessert,International,Very Easy,Healthy Dessert,Dessert,5.0,30.0,35,5,6,1,166,1.0,38.4,2.2,0.7,4.0,30.2,8.0,0.0,8.9,17.0,0.4,0,1,Dairy|Gluten,48.4,0.6,Medium,Very Low,High Carb,Normal,Low,,3.0
100142,Falafel Wrap,سندويتش فلافل,Main Course,Middle Eastern,Medium,Vegan / Protein,Dinner,19.0,16.0,35,10,11,4,541,19.6,60.7,15.3,5.5,13.0,4.4,664.0,0.0,15.1,109.0,6.6,1,1,Gluten,55.6,3.62,High,Moderate,High Carb,Normal,Medium,4.67,3.0
100143,Tabbouleh Salad,سلطة التبولة,Salad,Middle Eastern,Easy,Light / Vegan,Lunch,13.0,0.0,13,6,9,2,185,5.3,28.8,7.2,1.8,5.5,3.9,432.0,0.0,42.7,63.0,2.7,1,1,Gluten,59.7,2.86,Medium,Very Low,High Carb,Normal,Medium,3.8,
100144,Shakshuka,شكشوكة,Breakfast,Middle Eastern,Easy,Balanced,Breakfast,4.0,23.0,27,6,11,1,297,14.9,19.6,16.1,7.2,4.5,8.7,522.0,354.0,29.2,81.0,,0,1,Eggs,46.5,5.02,Medium,Low,Balanced Macro,Normal,Medium,3.0,1.0
100145,Meal Prep Chicken Rice,دجاج وأرز للميل بريب,Main Course,International,Easy,Muscle Gain / Meal Prep,Dinner,19.0,28.0,47,7,9,1,449,42.1,43.7,10.7,4.7,2.6,1.7,519.0,83.0,7.9,39.0,1.8,0,0,None,48.9,9.38,High,Moderate,High Protein,Normal,Medium,4.4,5.0
100146,Overnight Oats 5 Ways,شوفان بالليل 5 وصفات,Breakfast,International,Very Easy,Meal Prep / Healthy,Breakfast,9.0,0.0,9,3,6,2,356,15.2,54.5,8.9,3.1,6.5,17.4,171.0,9.0,,,2.2,0,1,Dairy|Gluten,55.1,4.27,High,Low,High Carb,Normal,Low,,6.0
100147,Grilled Chicken Breast,صدر دجاج مشوي,Main Course,Mediterranean,Easy,High Protein / Weight Loss,Dinner,11.0,17.0,28,9,7,1,335,36.6,3.7,13.9,6.1,0.5,1.1,456.0,102.0,12.2,27.0,1.6,0,0,None,44.5,10.93,Low,Low,High Protein,Overweight,Low,4.0,2.0
100148,Egg White Omelette,عجة بياض البيض,Breakfast,International,Very Easy,High Protein / Low Cal,Breakfast,6.0,8.0,14,5,7,2,166,21.3,4.3,6.5,1.7,1.2,1.6,304.0,11.0,9.5,54.0,1.4,0,1,Eggs,54.6,12.83,Low,Very Low,High Protein,Normal,Low,3.33,3.0
100149,Tuna Salad Bowl,بول سلطة التونة,Salad,Mediterranean,Very Easy,Weight Loss,Lunch,8.0,0.0,8,3,7,4,213,28.1,8.3,6.8,2.8,3.6,3.8,457.0,46.0,22.4,37.0,1.9,0,0,Seafood,56.7,13.19,Low,Low,High Protein,Overweight,Low,3.25,
100150,Protein Pancakes,بانكيك البروتين,Breakfast,American,Very Easy,Muscle Gain,Breakfast,4.0,10.0,1440,7,7,2,303,28.6,25.6,7.5,3.1,2.8,6.2,251.0,187.0,2.0,199.0,,0,1,Dairy|Eggs|Gluten,53.1,9.44,Medium,Low,High Protein,Underweight,Low,4.67,3.0
100151,Greek Yogurt Parfait,بارفيه الزبادي اليوناني,Snack,International,Very Easy,Healthy Snack,Snack,5.0,0.0,5,3,6,2,340,22.9,34.5,7.5,2.0,3.3,16.7,88.0,17.0,15.3,305.0,1.3,0,1,Dairy,53.0,6.74,Medium,Low,Mixed,Normal,Low,3.5,2.0
100152,Chicken Vegetable Stir Fry,دجاج مقلي بالخضار,Main Course,Asian,Easy,Balanced,Dinner,19.0,11.0,30,7,9,4,337,31.9,29.6,11.3,4.7,3.7,6.5,718.0,77.0,47.6,66.0,2.2,0,0,Nuts|Soy,51.2,9.47,Medium,Low,High Protein,Normal,Medium,4.5,4.0
100153,Baked Salmon with Vegetables,سالمون مشوي بالخضار,Main Course,Western,Easy,Heart Health,Dinner,9.0,19.0,28,8,9,6,372,43.5,12.7,23.9,9.1,3.9,5.4,380.0,93.0,34.4,52.0,2.6,0,0,Seafood,48.8,11.69,Low,Low,High Protein,Normal,Medium,3.0,4.0
100154,Turkey Lettuce Wraps,لفائف الخس بالديك الرومي,Light Meal,Asian,Easy,Keto / Low Carb,Dinner,10.0,11.0,21,8,8,4,234,26.3,7.3,10.5,3.7,1.7,2.6,547.0,67.0,15.3,35.0,2.2,0,0,Dairy|Nuts|Soy,49.7,11.24,Low,Low,High Protein,Overweight,Low,4.17,6.0
101928,Boiled Eggs with Avocado,بيض مسلوق مع أفوكادو,Breakfast,International,Very Easy,Keto,Breakfast,2.0,9.0,11,4,6,2,298,14.5,9.2,21.7,5.7,7.3,0.7,339.0,390.0,9.1,55.0,2.3,0,1,Eggs,57.4,4.87,Low,Low,Mixed,Overweight,Low,3.83,6.0
100156,Shrimp Stir Fry,روبيان مقلي,Main Course,Asian,Easy,High Protein / Low Cal,Dinner,9.0,11.0,20,6,9,6,297,35.1,17.6,9.8,4.1,,4.3,562.0,205.0,20.5,80.0,4.0,0,0,Nuts|Soy|Seafood,54.0,,Low,Low,High Protein,Normal,Medium,4.5,4.0
100157,Quinoa Buddha Bowl,بودا بول الكينوا,Main Course,International,Medium,Vegan / Balanced,Dinner,13.0,21.0,34,9,9,4,425,16.8,49.9,12.8,3.5,8.8,5.7,338.0,,47.2,127.0,4.0,1,1,None,63.5,3.95,High,Moderate,High Carb,Normal,Medium,5.0,3.0
100158,Lentil Soup,شوربة العدس,Soup,Middle Eastern,Easy,High Fiber / Budget,Lunch,8.0,38.0,46,11,11,2,319,17.5,50.1,3.9,1.1,10.1,4.6,517.0,0.0,16.2,90.0,,1,1,None,64.1,5.49,High,Low,High Carb,Normal,Medium,4.5,2.0
100159,Veggie Omelette,عجة الخضار,Breakfast,International,Very Easy,Balanced,Breakfast,6.0,8.0,14,5,8,2,231,18.8,5.8,15.0,6.6,1.4,3.2,388.0,,23.7,82.0,,0,1,Eggs,45.8,8.14,Low,Low,High Protein,Normal,Low,3.4,5.0
100160,Hummus with Vegetables,حمص مع الخضار,Snack,Middle Eastern,Very Easy,Healthy Snack,Snack,11.0,0.0,11,4,9,4,199,8.2,21.3,9.6,,6.3,3.6,340.0,0.0,20.7,83.0,2.8,1,1,None,60.2,4.12,Medium,Very Low,Mixed,Normal,Medium,4.67,6.0
100161,Spinach Lentil Dal,عدس بالسبانخ,Main Course,Indian,Easy,High Iron / Vegan,Dinner,12.0,29.0,41,8,10,1,2200,17.7,46.7,5.9,2.6,16.1,3.8,404.0,0.0,,113.0,6.6,0,1,Dairy|Nuts,65.8,5.64,Medium,Low,High Carb,Normal,Medium,,15.0
100162,Caprese Salad,سلطة كابريزي,Salad,Italian,Very Easy,Light / Healthy,Lunch,6.0,0.0,6,3,7,2,210,12.9,5.6,14.6,5.7,0.6,4.8,362.0,36.0,16.8,228.0,0.7,1,1,None,44.0,6.14,Low,Low,Mixed,Normal,Low,,6.0
100163,Overnight Oats,شوفان بالليل,Breakfast,International,Very Easy,Sustained Energy,Breakfast,4.0,0.0,4,4,8,4,398,13.4,53.3,8.8,2.4,7.6,17.9,130.0,5.0,8.4,286.0,3.0,0,1,Dairy|Gluten|Nuts,58.0,3.37,High,Low,High Carb,Normal,Low,5.0,2.0
100164,Avocado Toast with Egg,توست الأفوكادو مع بيض,Breakfast,International,Very Easy,Balanced,Breakfast,4.0,4.0,8,6,8,4,377,17.3,28.6,22.6,8.7,7.6,1.9,405.0,,10.3,64.0,2.6,0,1,Eggs|Gluten,52.2,4.59,Medium,Low,Balanced Macro,Normal,Low,3.33,3.0
100165,Black Bean Tacos,تاكو الفول الأسود,Main Course,Mexican,Easy,Vegan / Budget,Dinner,12.0,10.0,22,7,10,2,434,16.3,56.6,10.7,4.4,15.8,3.9,596.0,0.0,19.5,120.0,,1,1,None,58.3,3.76,High,Moderate,High Carb,Normal,Medium,4.62,8.0
100166,Mushroom Risotto,ريزوتو الفطر,Main Course,Italian,Medium,Comfort Food,Dinner,10.0,45.0,55,12,10,4,425,14.7,63.6,15.4,5.0,3.6,4.5,515.0,19.0,4.7,90.0,,0,1,Dairy,46.7,3.46,High,Moderate,High Carb,Normal,Medium,4.0,2.0
100167,Chicken Vegetable Soup,شوربة الدجاج بالخضار,Soup,International,Easy,Immunity / Recovery,Lunch,18.0,27.0,45,9,11,2,264,30.0,22.1,7.6,3.2,,5.4,636.0,76.0,33.4,,,0,0,None,53.6,11.36,Medium,Low,High Protein,Normal,Medium,4.25,4.0
100168,Tomato Basil Soup,شوربة الطماطم والريحان,Soup,Italian,Easy,Light / Vegan,Lunch,11.0,18.0,29,7,9,2,174,5.0,28.6,6.4,2.6,3.6,12.0,496.0,0.0,27.2,58.0,1.9,0,1,Dairy,48.0,2.87,Medium,Very Low,High Carb,Normal,Medium,4.5,4.0
100169,Minestrone Soup,شوربة مينستروني,Soup,Italian,Easy,High Fiber / Balanced,Lunch,14.0,36.0,50,11,10,4,271,12.0,43.6,6.4,2.2,10.3,5.1,663.0,4.0,24.4,,3.4,1,1,Gluten,59.8,4.43,Medium,Low,High Carb,Normal,Medium,5.0,
100170,Beef Stir Fry,لحم مقلي,Main Course,Asian,Easy,Muscle Gain,Dinner,18.0,11.0,29,7,10,4,460,36.1,24.2,17.3,7.2,3.5,4.3,862.0,89.0,17.5,48.0,3.7,0,0,Nuts|Soy,43.4,7.85,Medium,Moderate,High Protein,Underweight,Medium,4.14,7.0
100171,Lean Beef Rice Bowl,بول أرز باللحمة,Main Course,Asian Fusion,Easy,Muscle Gain / Bulking,Dinner,11.0,18.0,29,8,10,2,510,33.3,52.6,11.7,4.9,3.6,4.4,800.0,77.0,8.7,,,0,0,Nuts|Soy,46.6,6.53,High,Moderate,Mixed,Underweight,Medium,3.89,9.0
100172,Turkey Meatballs,كرات ديك رومي,Main Course,Italian,Easy,High Protein,Dinner,19.0,22.0,41,8,8,4,358,30.5,17.7,12.7,4.3,2.2,3.3,409.0,104.0,7.4,68.0,2.6,0,0,Eggs|Gluten,49.2,8.52,Medium,Low,High Protein,Normal,Low,5.0,1.0
100173,Whole Wheat Pasta Turkey,مكرونة قمح بالديك الرومي,Main Course,Italian,Easy,Balanced,Dinner,7.0,32.0,39,11,9,2,531,37.7,52.8,9.6,4.1,6.6,7.3,656.0,66.0,16.5,92.0,4.2,0,0,Gluten,55.1,7.1,High,Moderate,Mixed,Normal,Medium,4.75,4.0
100174,Stuffed Bell Peppers,فلفل محشي,Main Course,Mediterranean,Medium,Balanced,Dinner,24.0,42.0,66,10,9,4,398,26.2,43.3,11.3,3.8,6.0,7.2,451.0,,85.0,69.0,2.8,0,0,Dairy,58.6,6.58,High,Low,Mixed,Normal,Medium,3.86,7.0
100175,Chicken Shawarma Bowl,بول شاورما الدجاج,Main Course,Middle Eastern,Easy,High Protein,Dinner,22.0,15.0,37,8,9,2,482,38.6,46.2,14.9,4.1,4.7,4.3,612.0,99.0,17.3,54.0,,0,0,None,52.6,8.01,High,Moderate,Balanced Macro,Normal,Medium,4.5,8.0
100176,Salmon Teriyaki,سالمون تيرياكي,Main Course,Japanese,Easy,Omega 3 / Healthy,Dinner,8.0,18.0,26,8,9,1,416,36.4,26.0,17.4,6.4,1.2,12.7,532.0,84.0,5.7,40.0,1.7,0,0,Nuts|Soy|Seafood,37.3,8.75,Medium,Moderate,High Protein,Normal,Medium,4.0,1.0
100177,Chicken Tikka Masala,دجاج تيكا ماسالا,Main Course,Indian,Medium,Balanced,Dinner,16.0,39.0,55,14,11,4,416,30.0,25.9,18.7,8.4,3.0,5.8,645.0,100.0,13.1,70.0,3.3,0,0,Dairy,41.3,7.21,Medium,Moderate,High Protein,Normal,Medium,2.75,
100178,Zucchini Noodles with Pesto,نودلز الكوسا بالبيستو,Main Course,Italian,Easy,Low Carb / Keto,Lunch,12.0,4.0,16,7,9,1,291,9.0,13.4,23.1,7.5,3.5,5.5,379.0,17.0,19.1,103.0,1.8,1,1,Nuts,44.6,3.09,Low,Low,High Fat / Keto,Overweight,Medium,3.0,3.0
100179,Energy Balls,كرات الطاقة,Snack,International,Easy,Healthy Snack,Snack,18.0,0.0,18,4,7,4,134,4.2,16.1,4.5,,1.6,8.7,37.0,0.0,0.9,28.0,1.1,0,1,Dairy|Gluten|Nuts,48.4,3.13,Low,Very Low,High Carb,Normal,Low,-1.0,
100180,Chocolate Protein Balls,كرات بروتين بالشوكولاتة,Snack,International,Easy,Post Workout,Snack,19.0,0.0,19,4,7,1,93,5.2,11.1,4.4,1.7,1.5,6.6,36.0,0.0,2.4,20.0,0.7,0,1,Dairy|Gluten|Nuts,50.4,5.59,Low,Very Low,Mixed,Normal,Low,4.67,3.0
100181,Apple Peanut Butter,تفاح مع زبدة فول سوداني,Snack,International,Very Easy,Balanced Snack,Snack,2.0,0.0,2,4,3,2,212,6.2,29.5,10.2,3.8,4.2,14.7,106.0,,7.9,,0.5,0,1,Dairy|Nuts,47.0,2.92,Medium,Low,High Carb,Normal,Low,4.0,6.0
100182,Trail Mix,مكسرات وفواكه مجففة,Snack,International,Very Easy,Energy Boost,Snack,3.0,0.0,3,0,6,4,371,9.2,38.2,24.6,7.9,5.4,19.4,90.0,0.0,2.2,,2.9,1,1,Nuts,41.9,2.48,Medium,Low,Mixed,Normal,Low,5.0,3.0
100183,Strawberry Protein Smoothie,سموذي الفراولة والبروتين,Beverage,International,Very Easy,Muscle Gain / Post Workout,Anytime,3.0,0.0,3,4,6,6,272,23.6,38.0,3.8,1.4,4.7,20.5,111.0,,70.6,213.0,1.3,0,1,Dairy,58.3,8.68,Medium,Low,Mixed,Normal,Low,4.0,3.0
100184,Green Detox Smoothie,سموذي أخضر,Beverage,International,Very Easy,Detox / Weight Loss,Anytime,6.0,0.0,6,1,7,1,206,220.0,37.7,2.8,1.0,5.2,16.3,,0.0,104.2,77.0,2.5,0,1,None,58.0,2.33,Medium,Low,High Carb,Overweight,Low,4.0,1.0
100185,Banana Peanut Butter Smoothie,سموذي الموز وزبدة الفول,Beverage,International,Very Easy,Pre Workout / Energy,Anytime,3.0,0.0,3,2,7,6,365,13.6,48.0,11.8,,4.9,31.8,190.0,9.0,,180.0,1.5,0,1,Dairy|Gluten|Nuts,47.3,3.73,High,Low,High Carb,Normal,Low,3.5,4.0
100186,Mango Turmeric Smoothie,سموذي المانجو والكركم,Beverage,International,Very Easy,Anti-Inflammatory,Anytime,4.0,0.0,4,4,7,2,217,7.8,42.8,3.6,1.5,4.3,36.3,137.0,5.0,55.5,212.0,0.8,0,1,Dairy|Nuts,54.3,3.59,High,Low,High Carb,Normal,Low,4.25,4.0
100187,Berry Antioxidant Smoothie,سموذي التوت المضاد للأكسدة,Beverage,International,Very Easy,Immunity Boost,Anytime,3.0,0.0,3,1,6,6,252,8.3,40.6,3.0,0.8,6.5,23.5,94.0,6.0,,149.0,1.0,0,1,Dairy|Nuts,58.5,3.29,Medium,Low,High Carb,Normal,Low,,4.0
100188,Banana Nice Cream,آيس كريم الموز,Dessert,International,Very Easy,Healthy Dessert / Vegan,Dessert,4.0,0.0,4,1,2,4,114,1.9,26.8,0.5,0.1,3.1,15.2,2.0,0.0,10.2,6.0,,1,1,None,50.5,1.67,Medium,Very Low,High Carb,Normal,Low,5.0,3.0
100189,Chia Pudding,بودنج الشيا,Dessert/Snack,International,Very Easy,High Fiber / Omega 3,Snack,10.0,0.0,10,4,5,4,241,10.1,36.2,12.7,4.7,16.6,16.9,156.0,5.0,4.6,,,0,1,Dairy|Nuts,54.2,4.19,Medium,Low,High Carb,Normal,Low,4.2,
100190,Baked Cinnamon Apples,تفاح مخبوز بالقرفة,Dessert,International,Very Easy,Healthy Dessert,Dessert,4.0,25.0,29,5,6,1,192,0.9,44.2,1.9,0.5,4.7,36.2,9.0,0.0,8.8,19.0,0.5,0,1,Dairy|Gluten,50.1,0.47,High,Very Low,High Carb,Normal,Low,3.67,6.0
100191,Falafel Wrap,سندويتش فلافل,Main Course,Middle Eastern,Medium,Vegan / Protein,Dinner,25.0,18.0,43,12,11,4,542,17.6,61.5,16.9,6.7,13.0,3.4,663.0,0.0,15.0,137.0,5.1,1,1,Gluten,53.7,3.25,High,Moderate,High Carb,Normal,Medium,3.5,4.0
100192,Tabbouleh Salad,سلطة التبولة,Salad,Middle Eastern,Easy,Light / Vegan,Lunch,12.0,0.0,12,5,9,4,198,5.0,28.0,7.6,2.5,5.2,4.1,406.0,0.0,,63.0,2.8,1,1,Gluten,58.0,2.53,Medium,Very Low,High Carb,Normal,Medium,4.5,10.0
100193,Shakshuka,شكشوكة,Breakfast,Middle Eastern,Easy,Balanced,Breakfast,6.0,24.0,30,7,11,2,320,15.8,16.7,15.7,7.0,4.3,8.8,545.0,386.0,,76.0,3.7,0,1,Eggs,46.1,4.94,Low,Low,Balanced Macro,Normal,Medium,4.0,5.0
100194,Meal Prep Chicken Rice,دجاج وأرز للميل بريب,Main Course,International,Easy,Muscle Gain / Meal Prep,Dinner,17.0,24.0,41,10,9,2,451,43.6,46.3,9.2,2.7,2.8,2.0,490.0,91.0,6.5,36.0,2.1,0,0,None,52.5,9.67,High,Moderate,High Protein,Normal,Medium,3.8,5.0
100195,Overnight Oats 5 Ways,شوفان بالليل 5 وصفات,Breakfast,International,Very Easy,Meal Prep / Healthy,Breakfast,9.0,0.0,9,6,6,4,401,14.5,48.3,8.2,3.6,,15.9,162.0,9.0,11.2,225.0,,0,1,Dairy|Gluten,56.5,3.62,High,Moderate,High Carb,Normal,Low,4.0,5.0
100196,Grilled Chicken Breast,صدر دجاج مشوي,Main Course,Mediterranean,Easy,High Protein / Weight Loss,Dinner,12.0,24.0,36,8,7,2,302,40.2,4.1,15.3,4.7,0.4,1.3,383.0,96.0,12.5,27.0,2.1,0,0,None,48.5,13.31,Low,Low,High Protein,Overweight,Low,4.57,7.0
100197,Egg White Omelette,عجة بياض البيض,Breakfast,International,Very Easy,High Protein / Low Cal,Breakfast,4.0,,10,6,7,2,206,20.1,4.4,6.3,2.5,0.8,1.6,271.0,11.0,6.5,,1.5,0,1,Eggs,51.3,9.76,Low,Low,High Protein,Normal,Low,3.57,7.0
100198,Tuna Salad Bowl,بول سلطة التونة,Salad,Mediterranean,Very Easy,Weight Loss,Lunch,7.0,0.0,7,6,7,6,189,28.4,7.8,7.4,2.2,2.8,4.0,471.0,37.0,22.1,38.0,,0,0,Seafood,56.6,15.03,Low,Very Low,High Protein,Overweight,Low,4.0,6.0
100199,Protein Pancakes,بانكيك البروتين,Breakfast,American,Very Easy,Muscle Gain,Breakfast,5.0,11.0,16,7,100,4,368,31.9,30.7,7.2,3.0,2.7,5.9,314.0,,2.0,168.0,2.2,0,1,Dairy|Eggs|Gluten,52.1,8.67,Medium,Low,High Protein,Underweight,Low,,1.0
100200,Greek Yogurt Parfait,بارفيه الزبادي اليوناني,Snack,International,Very Easy,Healthy Snack,Snack,4.0,0.0,4,2,6,2,311,22.0,37.9,6.7,2.8,3.7,18.6,83.0,14.0,15.8,,1.6,0,1,Dairy,51.7,7.07,Medium,Low,Mixed,Normal,Low,,4.0
100201,Chicken Vegetable Stir Fry,دجاج مقلي بالخضار,Main Course,Asian,Easy,Balanced,Dinner,12.0,15.0,27,7,9,4,384,36.4,30.7,12.7,5.5,4.4,8.0,730.0,77.0,,52.0,2.7,0,0,Nuts|Soy,49.9,9.48,Medium,Low,High Protein,Normal,Medium,,2.0
100202,Baked Salmon with Vegetables,سالمون مشوي بالخضار,Main Course,Western,Easy,Heart Health,Dinner,11.0,23.0,34,7,9,6,406,41.0,13.8,19.9,8.0,4.3,5.1,396.0,84.0,,47.0,2.2,0,0,Seafood,51.2,10.1,Low,Moderate,High Protein,Normal,Medium,4.67,3.0
100203,Turkey Lettuce Wraps,لفائف الخس بالديك الرومي,Light Meal,Asian,easy,Keto / Low Carb,Dinner,12.0,9.0,21,7,8,1,231,27.7,7.2,10.2,3.4,1.8,3.3,534.0,78.0,12.8,30.0,2.0,0,0,Dairy|Nuts|Soy,50.1,11.99,Low,Low,High Protein,Overweight,Low,,
100204,Boiled Eggs with Avocado,بيض مسلوق مع أفوكادو,Breakfast,International,Very Easy,Keto,Breakfast,2.0,,10,3,6,6,301,16.8,9.7,23.3,10.5,6.3,0.8,311.0,405.0,11.4,55.0,2.3,0,1,Eggs,49.7,5.58,Low,Low,Mixed,Overweight,Low,4.57,
100205,Shrimp Stir Fry,روبيان مقلي,Main Course,Asian,Easy,High Protein / Low Cal,Dinner,9.0,11.0,20,8,9,2,303,29.3,18.6,8.6,2.7,2.6,5.2,693.0,241.0,18.5,,,0,0,Nuts|Soy|Seafood,51.0,9.67,Medium,Low,High Protein,Normal,Medium,3.4,5.0
100206,Quinoa Buddha Bowl,بودا بول الكينوا,Main Course,International,Medium,Vegan / Balanced,Dinner,17.0,19.0,36,10,9,1,428,17.5,53.0,13.8,5.2,6.8,6.3,312.0,0.0,61.0,120.0,4.0,1,1,None,59.8,4.09,High,Moderate,High Carb,Normal,Medium,4.2,15.0
100207,Lentil Soup,شوربة العدس,Soup,Middle Eastern,Easy,High Fiber / Budget,Lunch,7.0,21.0,28,9,11,6,309,19.3,42.7,4.0,1.2,10.9,5.8,506.0,0.0,16.6,73.0,4.7,1,1,None,63.1,6.25,Medium,Low,High Carb,Normal,Medium,3.43,7.0
100208,Veggie Omelette,عجة الخضار,Breakfast,International,Very Easy,Balanced,Breakfast,5.0,5.0,10,4,8,6,251,16.7,5.9,17.3,6.1,1.9,3.4,338.0,411.0,22.5,93.0,2.0,0,1,Eggs,47.1,6.65,Low,Low,High Protein,Normal,Low,3.17,6.0
100209,Hummus with Vegetables,حمص مع الخضار,Snack,Middle Eastern,Very Easy,Healthy Snack,Snack,7.0,0.0,7,6,9,6,189,9.1,22.3,10.7,3.7,,3.3,351.0,0.0,22.1,101.0,3.1,1,1,None,56.9,4.81,Medium,Very Low,Mixed,Normal,Medium,4.0,3.0
100210,Spinach Lentil Dal,عدس بالسبانخ,Main Course,Indian,Easy,High Iron / Vegan,Dinner,11.0,26.0,37,10,10,2,357,16.3,51.5,5.5,,,4.2,391.0,0.0,31.8,132.0,7.0,0,1,Dairy|Nuts,66.6,4.57,Medium,Low,High Carb,Normal,Medium,4.0,2.0
100211,Caprese Salad,سلطة كابريزي,Salad,Italian,Very Easy,Light / Healthy,Lunch,4.0,0.0,4,4,7,4,221,11.6,6.4,16.0,4.7,0.5,4.2,380.0,36.0,18.9,266.0,0.7,1,1,None,45.6,5.25,Low,Low,Mixed,Normal,Low,3.67,6.0
100212,Overnight Oats,شوفان بالليل,Breakfast,International,Very Easy,Sustained Energy,Breakfast,4.0,0.0,720,3,8,1,405,220.0,57.8,8.5,3.1,6.5,20.4,,4.0,7.2,226.0,,0,1,Dairy|Gluten|Nuts,53.5,3.43,High,Moderate,High Carb,Normal,Low,4.8,5.0
100213,Avocado Toast with Egg,توست الأفوكادو مع بيض,Breakfast,International,Very Easy,Balanced,Breakfast,5.0,4.0,9,5,8,4,423,16.7,31.9,24.0,9.5,7.1,2.1,416.0,,,63.0,2.8,0,1,Eggs|Gluten,49.8,3.95,Medium,Moderate,Mixed,Normal,Low,4.25,4.0
100214,Black Bean Tacos,تاكو الفول الأسود,Main Course,Mexican,Easy,Vegan / Budget,Dinner,,11.0,23,5,10,1,428,16.3,51.2,9.8,3.9,11.9,3.2,594.0,0.0,,134.0,5.0,1,1,None,59.2,3.81,High,Moderate,High Carb,Normal,Medium,4.0,5.0
101928,Mushroom Risotto,ريزوتو الفطر,Main Course,Italian,Medium,Comfort Food,Dinner,10.0,32.0,42,14,10,1,477,13.0,69.4,14.9,6.0,3.5,4.4,606.0,22.0,3.8,82.0,3.2,0,1,Dairy,43.9,2.73,High,Moderate,High Carb,Normal,Medium,3.83,6.0
100216,Chicken Vegetable Soup,شوربة الدجاج بالخضار,Soup,International,Easy,Immunity / Recovery,Lunch,13.0,25.0,38,9,11,4,254,26.6,23.2,7.6,2.1,,5.2,628.0,67.0,26.5,60.0,2.4,0,0,None,54.3,10.47,Medium,Low,High Protein,Normal,Medium,4.67,3.0
100217,Tomato Basil Soup,شوربة الطماطم والريحان,Soup,Italian,Easy,Light / Vegan,Lunch,12.0,24.0,36,7,9,2,188,4.8,30.0,6.9,2.7,3.8,12.7,506.0,0.0,27.0,57.0,1.9,0,1,Dairy,47.6,2.55,Medium,Very Low,High Carb,Normal,Medium,3.86,7.0
100218,Minestrone Soup,شوربة مينستروني,Soup,Italian,Easy,High Fiber / Balanced,Lunch,14.0,27.0,41,8,10,4,321,12.4,44.1,6.9,3.0,9.7,5.2,530.0,6.0,20.1,70.0,3.1,1,1,Gluten,58.8,3.86,Medium,Low,High Carb,Normal,Medium,4.44,9.0
100219,Beef Stir Fry,لحم مقلي,Main Course,Asian,Easy,Muscle Gain,Dinner,16.0,13.0,29,8,10,1,368,34.3,25.3,18.4,5.7,3.8,5.9,757.0,,13.2,47.0,4.4,0,0,Nuts|Soy,47.2,9.32,Medium,Low,High Protein,Underweight,Medium,4.5,2.0
100220,Lean Beef Rice Bowl,بول أرز باللحمة,Main Course,Asian Fusion,Easy,Muscle Gain / Bulking,Dinner,13.0,15.0,28,10,10,2,532,36.1,60.3,12.3,5.3,3.7,4.7,753.0,78.0,8.8,43.0,4.2,0,0,Nuts|Soy,46.4,6.79,High,Moderate,Mixed,Underweight,Medium,4.25,4.0
100221,Turkey Meatballs,كرات ديك رومي,Main Course,Italian,Easy,High Protein,Dinner,15.0,,34,8,8,2,363,32.4,18.3,13.6,5.6,2.3,2.7,547.0,84.0,6.6,56.0,2.8,0,0,Eggs|Gluten,46.5,8.93,Medium,Low,High Protein,Normal,Low,4.0,3.0
100222,Whole Wheat Pasta Turkey,مكرونة قمح بالديك الرومي,Main Course,Italian,Easy,Balanced,Dinner,12.0,32.0,44,12,9,2,534,40.4,56.8,10.4,3.1,7.7,7.2,692.0,75.0,18.1,77.0,4.3,0,0,Gluten,58.3,7.57,High,Moderate,Mixed,Normal,Medium,4.0,4.0
100223,Stuffed Bell Peppers,فلفل محشي,Main Course,Mediterranean,Medium,Balanced,Dinner,19.0,40.0,59,9,9,2,414,23.6,40.8,12.1,4.7,6.5,7.2,487.0,62.0,92.6,56.0,3.4,0,0,Dairy,57.6,5.7,Medium,Moderate,Mixed,Normal,Medium,4.17,6.0
100224,Chicken Shawarma Bowl,بول شاورما الدجاج,Main Course,Middle Eastern,Easy,High Protein,Dinner,,12.0,33,6,9,4,450,35.7,44.0,15.0,6.3,4.4,3.5,536.0,90.0,12.0,66.0,3.4,0,0,None,49.8,7.93,High,Moderate,Balanced Macro,Normal,Medium,3.67,3.0
100225,Salmon Teriyaki,سالمون تيرياكي,Main Course,Japanese,Easy,Omega 3 / Healthy,Dinner,12.0,13.0,25,7,9,2,404,35.9,26.3,17.3,5.7,1.1,12.0,664.0,98.0,5.0,40.0,1.5,0,0,Nuts|Soy|Seafood,37.1,8.89,Medium,Moderate,High Protein,Normal,Medium,4.0,1.0
100226,Chicken Tikka Masala,دجاج تيكا ماسالا,Main Course,Indian,Medium,Balanced,Dinner,15.0,28.0,43,13,11,4,415,29.6,28.1,17.3,5.1,2.4,6.4,559.0,,15.7,77.0,3.5,0,0,Dairy,46.0,7.13,Medium,Moderate,Balanced Macro,Normal,Medium,4.25,8.0
100227,Zucchini Noodles with Pesto,نودلز الكوسا بالبيستو,Main Course,Italian,Easy,Low Carb / Keto,Lunch,11.0,6.0,17,7,9,2,269,9.8,13.9,22.3,7.5,4.8,5.4,416.0,16.0,21.9,119.0,1.7,1,1,Nuts,47.5,3.64,Low,Low,Mixed,Overweight,Medium,4.0,
100228,Energy Balls,كرات الطاقة,Snack,International,Easy,Healthy Snack,Snack,16.0,0.0,16,3,7,2,138,4.3,16.1,5.2,1.7,2.2,7.4,41.0,0.0,1.1,30.0,1.0,0,1,Dairy|Gluten|Nuts,50.2,3.12,Low,Very Low,High Carb,Normal,Low,4.75,4.0
100229,Chocolate Protein Balls,كرات بروتين بالشوكولاتة,Snack,International,Easy,Post Workout,Snack,15.0,0.0,15,5,7,2,91,4.9,11.6,4.1,,1.6,6.2,42.0,0.0,3.3,22.0,0.8,0,1,Dairy|Gluten|Nuts,51.4,5.38,Low,Very Low,Mixed,Normal,Low,4.11,9.0
100230,Apple Peanut Butter,تفاح مع زبدة فول سوداني,Snack,International,Very Easy,Balanced Snack,Snack,2.0,0.0,2,3,3,6,244,6.2,30.4,9.8,4.3,4.2,17.3,135.0,0.0,7.7,22.0,0.5,0,1,Dairy|Nuts,44.5,2.54,Medium,Low,High Carb,Normal,Low,3.5,
100231,Trail Mix,مكسرات وفواكه مجففة,Snack,International,Very Easy,Energy Boost,Snack,2.0,0.0,2,0,6,2,370,9.4,34.4,25.1,6.8,5.3,23.5,85.0,0.0,2.2,60.0,2.9,1,1,Nuts,43.1,2.54,Medium,Low,Mixed,Normal,Low,4.4,5.0
100232,Strawberry Protein Smoothie,سموذي الفراولة والبروتين,Beverage,International,Very Easy,Muscle Gain / Post Workout,Anytime,3.0,0.0,3,3,6,2,254,28.2,37.2,3.8,1.4,4.4,21.5,115.0,11.0,83.9,222.0,1.4,0,1,Dairy,59.0,11.1,Medium,Low,High Protein,Normal,Low,4.67,3.0
100233,Green Detox Smoothie,سموذي أخضر,Beverage,International,Very Easy,Detox / Weight Loss,Anytime,5.0,,5,4,7,1,205,5.2,35.5,3.1,,6.3,21.1,102.0,0.0,117.2,77.0,,0,1,None,58.3,2.54,Medium,Low,High Carb,Overweight,Low,4.0,3.0
100234,Banana Peanut Butter Smoothie,سموذي الموز وزبدة الفول,Beverage,International,Very Easy,Pre Workout / Energy,Anytime,3.0,0.0,3,2,7,4,383,14.7,48.2,11.5,3.4,5.1,30.1,180.0,10.0,,223.0,1.5,0,1,Dairy|Gluten|Nuts,49.2,3.84,High,Low,High Carb,Normal,Low,5.0,1.0
100235,Mango Turmeric Smoothie,سموذي المانجو والكركم,Beverage,International,Very Easy,Anti-Inflammatory,Anytime,6.0,0.0,6,4,7,6,264,7.6,40.3,4.1,1.2,4.0,35.8,124.0,5.0,,208.0,0.8,0,1,Dairy|Nuts,53.9,2.88,High,Low,High Carb,Normal,Low,3.5,2.0
100236,Berry Antioxidant Smoothie,سموذي التوت المضاد للأكسدة,Beverage,International,Very Easy,Immunity Boost,Anytime,3.0,0.0,3,2,6,1,199,7.2,38.2,3.0,1.0,5.2,23.5,84.0,5.0,,163.0,1.0,0,1,Dairy|Nuts,55.9,3.62,Medium,Very Low,High Carb,Normal,Low,3.71,7.0
100237,Banana Nice Cream,آيس كريم الموز,Dessert,International,Very Easy,Healthy Dessert / Vegan,Dessert,4.0,,4,1,2,6,114,2.1,30.5,0.5,0.1,3.3,13.3,2.0,0.0,,,0.3,1,1,None,52.2,1.84,Medium,Very Low,High Carb,Normal,Low,5.0,
100238,Chia Pudding,بودنج الشيا,Dessert/Snack,International,Very Easy,High Fiber / Omega 3,Snack,8.0,0.0,8,2,5,1,300,9.2,35.1,11.3,3.3,13.4,19.0,158.0,5.0,3.5,279.0,2.8,0,1,Dairy|Nuts,55.0,3.07,Medium,Low,High Carb,Normal,Low,4.67,3.0
100239,Baked Cinnamon Apples,تفاح مخبوز بالقرفة,Dessert,International,Very Easy,Healthy Dessert,Dessert,6.0,26.0,32,5,6,1,166,1.0,37.9,2.1,0.9,5.2,30.7,7.0,0.0,8.0,21.0,0.5,0,1,Dairy|Gluten,50.5,0.6,Medium,Very Low,High Carb,Normal,Low,4.4,5.0
100240,Falafel Wrap,سندويتش فلافل,Main Course,Middle Eastern,Medium,Vegan / Protein,Dinner,23.0,17.0,40,10,11,2,417,18.5,64.5,16.9,6.6,10.2,3.6,778.0,,16.3,111.0,5.2,1,1,Gluten,53.1,4.44,High,Moderate,High Carb,Normal,Medium,3.33,3.0
100241,Tabbouleh Salad,سلطة التبولة,Salad,Middle Eastern,Easy,Light / Vegan,Lunch,16.0,0.0,16,4,9,2,182,5.0,28.4,7.1,2.5,5.6,3.9,422.0,0.0,,,3.2,1,1,Gluten,58.9,2.75,Medium,Very Low,High Carb,Normal,Medium,3.6,5.0
100242,Shakshuka,شكشوكة,Breakfast,Middle Eastern,Easy,Balanced,Breakfast,6.0,16.0,22,7,11,2,312,16.4,17.5,16.4,4.3,3.7,6.6,661.0,,31.7,71.0,3.5,0,1,Eggs,49.3,5.26,Low,Low,Balanced Macro,Normal,Medium,5.0,3.0
100243,Meal Prep Chicken Rice,دجاج وأرز للميل بريب,Main Course,International,Easy,Muscle Gain / Meal Prep,Dinner,15.0,27.0,42,7,9,1,407,38.1,44.2,9.4,3.3,2.4,2.1,464.0,93.0,6.6,45.0,1.8,0,0,None,50.9,9.36,High,Moderate,High Protein,Normal,Medium,4.67,3.0
100244,Overnight Oats 5 Ways,شوفان بالليل 5 وصفات,Breakfast,International,Very Easy,Meal Prep / Healthy,Breakfast,7.0,,7,3,6,4,347,14.4,50.6,9.4,2.8,8.1,20.3,174.0,7.0,8.9,241.0,2.2,0,1,Dairy|Gluten,55.5,4.15,High,Low,High Carb,Normal,Low,4.5,2.0
100245,Grilled Chicken Breast,صدر دجاج مشوي,Main Course,Mediterranean,Easy,High Protein / Weight Loss,Dinner,8.0,22.0,30,9,7,2,281,38.2,3.8,14.4,,0.4,1.3,409.0,93.0,10.1,27.0,1.8,0,0,None,47.4,13.59,Low,Low,High Protein,Overweight,Low,,
100246,Egg White Omelette,عجة بياض البيض,Breakfast,International,Very Easy,High Protein / Low Cal,Breakfast,5.0,8.0,13,5,7,6,182,22.4,4.3,6.5,2.9,1.0,2.4,320.0,9.0,8.9,68.0,1.4,0,1,Eggs,51.7,12.31,Low,Very Low,High Protein,Normal,Low,,3.0
100247,Tuna Salad Bowl,بول سلطة التونة,Salad,Mediterranean,Very Easy,Weight Loss,Lunch,7.0,0.0,7,3,7,1,216,25.2,7.3,6.7,2.4,2.4,3.8,581.0,44.0,29.2,40.0,2.0,0,0,Seafood,53.6,11.67,Low,Low,High Protein,Overweight,Low,4.0,1.0
100248,Protein Pancakes,بانكيك البروتين,Breakfast,American,Very Easy,Muscle Gain,Breakfast,,9.0,13,5,7,1,276,29.1,26.0,7.8,2.8,2.6,5.4,,207.0,1.7,198.0,2.1,0,1,Dairy|Eggs|Gluten,53.7,10.54,Medium,Low,High Protein,Underweight,Low,5.0,2.0
100249,Greek Yogurt Parfait,بارفيه الزبادي اليوناني,Snack,International,Very Easy,Healthy Snack,Snack,5.0,0.0,5,3,6,1,319,21.1,39.8,7.1,1.9,2.9,16.4,103.0,,,312.0,1.6,0,1,Dairy,52.7,6.61,High,Low,Mixed,Normal,Low,,8.0
100250,Chicken Vegetable Stir Fry,دجاج مقلي بالخضار,Main Course,Asian,Easy,Balanced,Dinner,19.0,17.0,36,7,9,1,359,35.5,27.0,12.5,4.6,3.6,7.3,781.0,,43.1,53.0,2.2,0,0,Nuts|Soy,49.7,9.89,Medium,Low,High Protein,Normal,Medium,4.0,4.0
100251,Baked Salmon with Vegetables,سالمون مشوي بالخضار,Main Course,Western,Easy,Heart Health,Dinner,8.0,19.0,27,8,9,4,426,38.1,13.7,21.7,5.9,4.3,5.5,378.0,88.0,38.9,53.0,2.6,0,0,Seafood,53.4,8.94,Low,Moderate,High Protein,Normal,Medium,,1.0
100252,Turkey Lettuce Wraps,لفائف الخس بالديك الرومي,Light Meal,Asian,Easy,Keto / Low Carb,Dinner,11.0,13.0,24,6,8,1,234,25.2,7.7,11.2,4.4,1.6,2.8,562.0,79.0,13.4,37.0,1.8,0,0,Dairy|Nuts|Soy,47.6,10.77,Low,Low,High Protein,Overweight,Low,4.2,5.0
100253,Boiled Eggs with Avocado,بيض مسلوق مع أفوكادو,Breakfast,International,Very Easy,Keto,Breakfast,2.0,8.0,10,3,6,2,283,14.6,9.8,26.0,9.4,7.5,0.9,265.0,399.0,8.8,,2.2,0,1,Eggs,52.9,,Low,Low,High Fat / Keto,Overweight,Low,4.6,5.0
100254,Shrimp Stir Fry,روبيان مقلي,Main Course,Asian,Easy,High Protein / Low Cal,Lunch,8.0,11.0,19,9,9,1,307,33.1,17.6,9.7,3.1,3.0,4.5,530.0,187.0,21.3,94.0,3.9,0,0,Nuts|Soy|Seafood,54.2,10.78,Low,Low,High Protein,Normal,Medium,4.0,5.0
100255,Quinoa Buddha Bowl,بودا بول الكينوا,Main Course,International,Medium,Vegan / Balanced,Dinner,13.0,24.0,37,9,9,2,359,19.3,56.6,13.2,5.7,8.1,8.3,299.0,0.0,56.3,128.0,3.9,1,1,None,60.2,5.38,High,Low,High Carb,Normal,Medium,4.5,2.0
100256,Lentil Soup,شوربة العدس,Soup,Middle Eastern,Easy,High Fiber / Budget,Lunch,13.0,30.0,43,11,11,2,266,17.6,42.8,3.9,1.3,11.3,5.3,534.0,0.0,,73.0,5.2,1,1,None,63.5,6.62,Medium,Low,High Carb,Normal,Medium,3.75,
100257,Veggie Omelette,عجة الخضار,Breakfast,International,Very Easy,Balanced,Breakfast,4.0,,13,7,8,2,210,17.6,6.6,16.4,6.9,1.9,2.7,350.0,339.0,17.1,,2.4,0,1,Eggs,46.6,8.38,Low,Low,High Protein,Normal,Low,5.0,1.0
100258,Hummus with Vegetables,حمص مع الخضار,Snack,Middle Eastern,Very Easy,Healthy Snack,Snack,10.0,0.0,10,4,9,4,222,9.7,23.8,9.9,4.4,7.0,3.3,325.0,0.0,,,3.0,1,1,None,59.1,,Medium,Low,Mixed,Normal,Medium,5.0,4.0
100259,Spinach Lentil Dal,عدس بالسبانخ,Main Course,Indian,Easy,High Iron / Vegan,Dinner,8.0,18.0,26,8,10,6,301,18.9,53.2,6.2,1.7,15.3,3.4,381.0,0.0,24.3,105.0,7.6,0,1,Dairy|Nuts,67.4,6.28,High,Low,High Carb,Normal,Medium,4.0,6.0
100260,Caprese Salad,سلطة كابريزي,Salad,Italian,Very Easy,Light / Healthy,Lunch,6.0,0.0,6,3,7,6,234,11.7,6.4,16.0,7.2,0.4,3.5,327.0,46.0,22.1,217.0,0.9,1,1,None,42.3,5.0,Low,Low,Mixed,Normal,Low,3.6,5.0
100261,Overnight Oats,شوفان بالليل,Breakfast,International,Very Easy,Sustained Energy,Breakfast,6.0,0.0,6,3,8,4,401,15.0,62.5,8.9,3.1,8.3,18.8,165.0,5.0,9.0,,3.4,0,1,Dairy|Gluten|Nuts,55.9,3.74,High,Moderate,High Carb,Normal,Low,4.2,15.0
100262,Avocado Toast with Egg,توست الأفوكادو مع بيض,Breakfast,International,Very Easy,Balanced,Breakfast,6.0,6.0,12,5,8,6,435,14.5,29.3,23.2,9.7,9.5,1.8,412.0,192.0,9.9,60.0,2.7,0,1,Eggs|Gluten,50.0,3.33,Medium,Moderate,Mixed,Normal,Low,4.67,3.0
100263,Black Bean Tacos,تاكو الفول الأسود,Main Course,Mexican,Easy,Vegan / Budget,Lunch,9.0,,16,6,10,1,333,16.0,52.4,10.2,4.0,16.2,4.1,571.0,0.0,19.4,135.0,5.4,1,1,None,59.6,4.8,High,Low,High Carb,Normal,Medium,4.33,6.0
100264,Mushroom Risotto,ريزوتو الفطر,Main Course,Italian,Medium,Comfort Food,Dinner,11.0,28.0,39,11,10,2,421,14.6,69.8,12.8,5.4,3.2,4.4,663.0,22.0,4.1,84.0,,0,1,Dairy,43.8,3.47,High,Moderate,High Carb,Normal,Medium,2.0,3.0
100265,Chicken Vegetable Soup,شوربة الدجاج بالخضار,Soup,International,Easy,Immunity / Recovery,Lunch,19.0,45.0,64,11,11,2,281,25.5,21.2,7.3,2.5,4.7,4.6,561.0,70.0,30.0,60.0,2.6,0,0,None,57.2,9.07,Medium,Low,High Protein,Normal,Medium,4.2,15.0
100266,Tomato Basil Soup,شوربة الطماطم والريحان,Soup,Italian,Easy,Light / Vegan,Lunch,11.0,26.0,37,7,9,2,185,5.0,27.5,6.4,2.7,4.2,12.6,487.0,0.0,24.4,66.0,2.1,0,1,Dairy,48.7,,Medium,Very Low,High Carb,Normal,Medium,3.6,5.0
100267,Minestrone Soup,شوربة مينستروني,Soup,Italian,Easy,High Fiber / Balanced,Lunch,17.0,31.0,48,11,10,1,275,11.0,38.7,7.7,3.3,7.8,5.5,608.0,5.0,20.4,86.0,3.3,1,1,Gluten,57.8,4.0,Medium,Low,High Carb,Normal,Medium,4.5,6.0
100268,Beef Stir Fry,لحم مقلي,Main Course,Asian,Easy,Muscle Gain,Dinner,14.0,12.0,26,7,10,2,453,38.5,23.7,17.9,6.9,3.0,5.7,740.0,96.0,15.8,52.0,4.0,0,0,Nuts|Soy,43.7,8.5,Medium,Moderate,High Protein,Underweight,Medium,3.57,7.0
100269,Lean Beef Rice Bowl,بول أرز باللحمة,Main Course,Asian Fusion,Easy,Muscle Gain / Bulking,Dinner,10.0,23.0,33,9,10,1,479,38.5,55.2,12.2,4.6,3.7,5.9,745.0,,11.9,43.0,3.4,0,0,Nuts|Soy,47.4,8.04,High,Moderate,Mixed,Underweight,Medium,4.0,4.0
100270,Turkey Meatballs,كرات ديك رومي,Main Course,Italian,Easy,High Protein,Dinner,12.0,22.0,34,7,8,1,364,30.1,18.4,13.8,4.4,1.6,2.8,524.0,95.0,7.4,51.0,2.6,0,0,Eggs|Gluten,46.6,8.27,Medium,Low,High Protein,Normal,Low,3.5,2.0
100271,Whole Wheat Pasta Turkey,مكرونة قمح بالديك الرومي,Main Course,Italian,Easy,Balanced,Dinner,8.0,20.0,28,11,9,1,528,35.7,59.7,10.8,4.2,6.4,6.9,551.0,85.0,,81.0,4.1,0,0,Gluten,55.4,6.76,High,Moderate,Mixed,Normal,Medium,3.75,4.0
100272,Stuffed Bell Peppers,فلفل محشي,Main Course,Mediterranean,Medium,Balanced,Dinner,,45.0,59,11,9,2,347,24.9,44.5,12.9,,5.6,9.5,486.0,58.0,,57.0,3.3,0,0,Dairy,54.7,7.18,High,Low,Mixed,Normal,Medium,4.38,
100273,Chicken Shawarma Bowl,بول شاورما الدجاج,Main Course,Middle Eastern,Easy,High Protein,Dinner,15.0,18.0,33,9,9,2,438,38.0,39.8,13.9,4.8,,3.5,546.0,,,54.0,2.9,0,0,None,55.5,8.68,Medium,Moderate,High Protein,Normal,Medium,4.0,4.0
100274,Salmon Teriyaki,سالمون تيرياكي,Main Course,Japanese,Easy,Omega 3 / Healthy,Dinner,11.0,15.0,26,6,9,2,422,33.4,25.8,17.0,4.4,1.2,12.8,516.0,95.0,,35.0,1.5,0,0,Nuts|Soy|Seafood,39.8,7.91,Medium,Moderate,High Protein,Normal,Medium,3.25,4.0
100275,Chicken Tikka Masala,دجاج تيكا ماسالا,Main Course,Indian,Medium,Balanced,Dinner,23.0,33.0,56,12,11,4,360,33.7,28.8,17.0,5.4,,5.5,586.0,77.0,15.7,80.0,3.2,0,0,Dairy,47.1,9.36,Medium,Low,High Protein,Normal,Medium,4.0,3.0
100276,Zucchini Noodles with Pesto,نودلز الكوسا بالبيستو,Main Course,Italian,Easy,Low Carb / Keto,Lunch,10.0,4.0,14,4,9,6,261,10.9,14.9,22.3,8.2,3.5,4.6,425.0,13.0,,108.0,2.1,1,1,Nuts,44.3,4.18,Low,Low,Mixed,Overweight,Medium,,15.0
100277,Energy Balls,كرات الطاقة,Snack,International,Easy,Healthy Snack,Snack,17.0,0.0,17,5,7,2,124,3.8,17.0,5.2,2.3,2.1,8.1,46.0,0.0,1.1,32.0,1.0,0,1,Dairy|Gluten|Nuts,48.7,3.06,Low,Very Low,High Carb,Normal,Low,4.43,7.0
100278,Chocolate Protein Balls,كرات بروتين بالشوكولاتة,Snack,International,Easy,Post Workout,Snack,18.0,,18,6,7,1,105,5.1,13.0,3.9,,1.6,6.4,43.0,0.0,3.4,19.0,0.8,0,1,Dairy|Gluten|Nuts,50.8,4.86,Low,Very Low,Mixed,Normal,Low,3.75,4.0
100279,Apple Peanut Butter,تفاح مع زبدة فول سوداني,Snack,International,Very Easy,Balanced Snack,Snack,2.0,0.0,720,2,3,4,214,6.3,25.8,10.1,4.5,3.3,16.6,119.0,0.0,,21.0,0.5,0,1,Dairy|Nuts,43.0,2.94,Medium,Low,High Carb,Normal,Low,4.6,5.0
100280,Trail Mix,مكسرات وفواكه مجففة,Snack,International,Very Easy,Energy Boost,Snack,3.0,0.0,3,3,6,4,385,9.5,39.2,22.0,8.9,5.9,20.6,80.0,0.0,1.7,53.0,2.7,1,1,Nuts,40.9,2.47,Medium,Low,Mixed,Normal,Low,,1.0
100281,Strawberry Protein Smoothie,سموذي الفراولة والبروتين,Beverage,International,Very Easy,Muscle Gain / Post Workout,Anytime,4.0,0.0,4,3,6,2,275,26.8,34.7,3.8,1.4,3.4,22.7,140.0,10.0,74.7,211.0,,0,1,Dairy,55.8,9.75,Medium,Low,High Protein,Normal,Low,4.0,8.0
100282,Green Detox Smoothie,سموذي أخضر,Beverage,International,Very Easy,Detox / Weight Loss,Anytime,,0.0,5,3,7,1,203,5.4,39.7,3.2,1.0,7.2,20.7,103.0,0.0,,91.0,2.2,0,1,None,60.2,2.66,Medium,Low,High Carb,Overweight,Low,3.67,3.0
100283,Banana Peanut Butter Smoothie,سموذي الموز وزبدة الفول,Beverage,International,Very Easy,Pre Workout / Energy,Anytime,3.0,0.0,3,4,7,1,350,14.6,50.9,11.6,3.2,4.8,26.7,182.0,11.0,10.3,230.0,1.6,0,1,Dairy|Gluten|Nuts,49.2,4.17,High,Low,High Carb,Normal,Low,,3.0
100284,Mango Turmeric Smoothie,سموذي المانجو والكركم,Beverage,International,Very Easy,Anti-Inflammatory,Anytime,6.0,0.0,6,2,7,1,251,7.4,47.4,4.1,1.4,4.8,27.3,107.0,5.0,67.7,193.0,0.7,0,1,Dairy|Nuts,55.2,2.95,High,Low,High Carb,Normal,Low,4.75,4.0
100285,Berry Antioxidant Smoothie,سموذي التوت المضاد للأكسدة,Beverage,International,Very Easy,Immunity Boost,Anytime,4.0,0.0,4,4,6,6,225,8.6,39.8,3.0,1.2,5.8,28.5,86.0,4.0,43.7,172.0,,0,1,Dairy|Nuts,57.5,3.82,Medium,Low,High Carb,Normal,Low,4.33,3.0
100286,Banana Nice Cream,آيس كريم الموز,Dessert,International,Very Easy,Healthy Dessert / Vegan,Dessert,6.0,0.0,6,1,2,4,121,-5.0,28.6,0.5,,3.2,17.0,2.0,0.0,11.9,6.0,0.3,1,1,None,49.8,1.65,Medium,Very Low,High Carb,Normal,Low,4.0,
100287,Chia Pudding,بودنج الشيا,Dessert/Snack,International,Very Easy,High Fiber / Omega 3,Snack,12.0,0.0,12,3,5,2,268,11.0,32.6,11.2,3.9,15.1,16.6,132.0,,3.7,268.0,2.1,0,1,Dairy|Nuts,55.7,4.1,Medium,Low,Mixed,Normal,Low,4.33,12.0
100288,Baked Cinnamon Apples,تفاح مخبوز بالقرفة,Dessert,International,Very Easy,Healthy Dessert,Dessert,4.0,20.0,24,5,6,1,180,1.1,40.1,1.9,0.5,4.6,36.6,7.0,,7.0,,0.5,0,1,Dairy|Gluten,49.9,0.61,High,Very Low,High Carb,Normal,Low,4.2,5.0
100289,Falafel Wrap,سندويتش فلافل,Main Course,Middle Eastern,Medium,Vegan / Protein,Dinner,23.0,13.0,36,10,11,2,457,16.5,57.6,17.4,4.8,10.3,4.0,781.0,0.0,14.1,125.0,6.5,1,1,Gluten,55.7,3.61,High,Moderate,High Carb,Normal,Medium,4.0,
100290,Tabbouleh Salad,سلطة التبولة,Salad,Middle Eastern,Easy,Light / Vegan,Lunch,14.0,0.0,14,3,9,4,178,5.0,27.9,7.6,2.0,,3.6,401.0,,37.1,61.0,,1,1,Gluten,62.6,2.81,Medium,Very Low,High Carb,Normal,Medium,4.0,3.0
100291,Shakshuka,شكشوكة,Breakfast,Middle Eastern,Easy,Balanced,Breakfast,5.0,19.0,24,7,11,1,318,15.8,19.5,17.1,4.3,3.7,7.3,510.0,392.0,35.9,76.0,3.0,0,1,Eggs,50.5,4.97,Medium,Low,Balanced Macro,Normal,Medium,4.33,3.0
100292,Meal Prep Chicken Rice,دجاج وأرز للميل بريب,Main Course,International,Easy,Muscle Gain / Meal Prep,Dinner,11.0,19.0,30,8,9,2,384,38.6,44.2,9.9,3.2,2.7,1.8,436.0,80.0,9.5,35.0,2.1,0,0,None,52.7,10.05,High,Low,High Protein,Normal,Medium,4.33,3.0
100293,Overnight Oats 5 Ways,شوفان بالليل 5 وصفات,Breakfast,International,Very Easy,Meal Prep / Healthy,Breakfast,9.0,0.0,9,4,6,2,392,14.5,49.4,8.9,2.7,8.2,19.0,180.0,7.0,8.2,232.0,2.9,0,1,Dairy|Gluten,56.1,3.7,High,Low,High Carb,Normal,Low,3.6,5.0
100294,Grilled Chicken Breast,صدر دجاج مشوي,Main Course,Mediterranean,Easy,High Protein / Weight Loss,Dinner,10.0,19.0,29,8,7,2,280,34.7,4.4,13.2,5.7,0.5,1.3,371.0,83.0,12.3,23.0,1.8,0,0,None,46.6,12.39,Low,Low,High Protein,Overweight,Low,4.5,4.0
100295,Egg White Omelette,عجة بياض البيض,Breakfast,International,Very Easy,High Protein / Low Cal,Breakfast,4.0,8.0,12,7,7,6,188,19.8,3.6,5.9,2.6,0.9,1.9,281.0,11.0,8.9,61.0,1.3,0,1,Eggs,51.6,10.53,Low,Very Low,High Protein,Normal,Low,3.75,4.0
100296,Tuna Salad Bowl,بول سلطة التونة,Salad,Mediterranean,Very Easy,Weight Loss,Lunch,11.0,0.0,11,6,7,4,168,28.2,8.8,6.8,2.0,2.8,3.7,598.0,42.0,21.8,34.0,1.9,0,0,Seafood,56.6,16.79,Low,Very Low,High Protein,Overweight,Low,4.33,3.0
100297,Protein Pancakes,بانكيك البروتين,Breakfast,American,Very Easy,Muscle Gain,Breakfast,4.0,11.0,15,8,7,1,358,30.8,27.2,7.3,3.0,2.6,6.6,250.0,207.0,2.1,180.0,,0,1,Dairy|Eggs|Gluten,52.4,8.6,Medium,Low,High Protein,Underweight,Low,4.0,2.0
100298,Greek Yogurt Parfait,بارفيه الزبادي اليوناني,Snack,International,Very Easy,Healthy Snack,Snack,5.0,,5,3,6,2,267,20.0,40.2,6.4,2.4,3.0,22.5,100.0,16.0,14.9,257.0,1.7,0,1,Dairy,50.1,7.49,High,Low,High Carb,Normal,Low,4.33,6.0
100299,Chicken Vegetable Stir Fry,دجاج مقلي بالخضار,Main Course,Asian,Easy,Balanced,Dinner,12.0,16.0,28,10,9,4,403,32.4,26.2,10.9,4.9,3.9,7.6,671.0,78.0,50.5,59.0,2.7,0,0,Nuts|Soy,50.9,8.04,Medium,Moderate,High Protein,Normal,Medium,4.2,15.0
100300,Baked Salmon with Vegetables,سالمون مشوي بالخضار,Main Course,Western,Easy,Heart Health,Dinner,11.0,18.0,29,8,9,2,398,43.8,14.2,20.4,7.5,4.5,5.6,410.0,86.0,37.9,45.0,2.3,0,0,Seafood,51.7,11.01,Low,Low,High Protein,Normal,Medium,4.0,6.0
100301,Turkey Lettuce Wraps,لفائف الخس بالديك الرومي,Light Meal,Asian,Easy,Keto / Low Carb,Lunch,8.0,8.0,16,8,8,2,211,27.8,8.2,11.6,3.9,1.6,3.0,417.0,74.0,13.2,36.0,2.0,0,0,Dairy|Nuts|Soy,50.9,13.18,Low,Low,High Protein,Overweight,Low,5.0,1.0
100302,Boiled Eggs with Avocado,بيض مسلوق مع أفوكادو,Breakfast,International,Very Easy,Keto,Breakfast,2.0,7.0,9,3,6,2,331,14.5,8.4,24.0,8.2,7.7,0.8,336.0,385.0,,57.0,2.0,0,1,Eggs,53.9,4.38,Low,Low,High Fat / Keto,Overweight,Low,4.0,2.0
100303,Shrimp Stir Fry,روبيان مقلي,Main Course,Asian,Easy,High Protein / Low Cal,Lunch,11.0,7.0,18,7,9,2,271,30.0,19.1,9.3,3.7,3.6,4.9,551.0,,22.4,97.0,3.0,0,0,Nuts|Soy|Seafood,53.9,11.07,Medium,Low,High Protein,Normal,Medium,5.0,3.0
100304,Quinoa Buddha Bowl,بودا بول الكينوا,Main Course,International,Medium,Vegan / Balanced,Dinner,14.0,23.0,37,8,9,6,377,16.3,55.2,12.8,3.8,7.6,6.8,348.0,0.0,60.2,133.0,4.3,1,1,None,63.1,4.32,High,Low,High Carb,Normal,Medium,4.33,3.0
100305,Lentil Soup,شوربة العدس,Soup,Middle Eastern,Easy,High Fiber / Budget,Lunch,10.0,24.0,34,10,11,4,287,16.4,45.4,3.8,1.3,12.5,4.4,558.0,0.0,15.4,75.0,4.9,1,1,None,62.9,5.71,Medium,Low,High Carb,Normal,Medium,5.0,2.0
100306,Veggie Omelette,عجة الخضار,Breakfast,International,Very Easy,Balanced,Breakfast,4.0,9.0,13,7,8,4,216,17.4,6.5,16.3,5.0,2.0,3.2,393.0,371.0,24.0,92.0,2.4,0,1,Eggs,49.5,8.06,Low,Low,High Protein,Normal,Low,4.75,4.0
100307,Hummus with Vegetables,حمص مع الخضار,Snack,Middle Eastern,Very Easy,Healthy Snack,Snack,10.0,0.0,10,7,9,6,225,8.5,21.2,10.2,4.2,6.9,3.1,277.0,0.0,25.3,,3.5,1,1,None,60.2,,Low,Low,Mixed,Normal,Medium,4.2,5.0
100308,Spinach Lentil Dal,عدس بالسبانخ,Main Course,Indian,Easy,High Iron / Vegan,Dinner,8.0,32.0,40,9,10,2,320,16.5,52.5,6.2,2.1,13.5,3.5,402.0,0.0,30.8,123.0,8.0,0,1,Dairy|Nuts,67.0,5.16,High,Low,High Carb,Normal,Medium,4.0,3.0
100309,Caprese Salad,سلطة كابريزي,Salad,Italian,Very Easy,Light / Healthy,Lunch,4.0,0.0,4,2,7,1,245,11.8,6.3,15.6,4.5,0.5,4.2,421.0,43.0,,258.0,0.8,1,1,None,45.5,4.82,Low,Low,Mixed,Normal,Low,4.5,2.0
100310,Overnight Oats,شوفان بالليل,Breakfast,International,Very Easy,Sustained Energy,Breakfast,,0.0,5,5,8,2,394,13.5,63.0,9.0,4.0,8.7,17.0,130.0,5.0,6.6,266.0,2.7,0,1,Dairy|Gluten|Nuts,55.6,,High,Low,High Carb,Normal,Low,4.0,5.0
100311,Avocado Toast with Egg,توست الأفوكادو مع بيض,Breakfast,International,Very Easy,Balanced,Breakfast,6.0,4.0,10,7,8,2,385,16.5,31.4,23.1,6.3,9.2,2.2,,162.0,,60.0,3.0,0,1,Eggs|Gluten,55.3,4.29,Medium,Low,Mixed,Normal,Low,4.71,7.0
100312,Black Bean Tacos,تاكو الفول الأسود,Main Course,Mexican,Easy,Vegan / Budget,Dinner,12.0,8.0,20,7,10,1,375,15.6,57.9,10.4,3.0,16.7,4.6,535.0,0.0,15.2,107.0,4.5,1,1,None,59.8,4.16,High,Low,High Carb,Normal,Medium,4.33,3.0
100313,Mushroom Risotto,ريزوتو الفطر,Main Course,Italian,Medium,Comfort Food,Dinner,9.0,26.0,35,13,10,6,450,15.3,68.6,13.0,5.1,2.8,3.9,605.0,19.0,4.2,76.0,3.1,0,1,Dairy,44.4,3.4,High,Moderate,High Carb,Normal,Medium,4.33,3.0
100314,Chicken Vegetable Soup,شوربة الدجاج بالخضار,Soup,International,Easy,Immunity / Recovery,Lunch,13.0,42.0,55,11,11,2,257,28.4,23.8,6.7,1.9,4.5,4.5,596.0,72.0,25.9,56.0,2.3,0,0,None,57.8,11.05,Medium,Low,High Protein,Normal,Medium,2.0,1.0
100315,Tomato Basil Soup,شوربة الطماطم والريحان,Soup,Italian,Easy,Light / Vegan,Lunch,11.0,,38,8,9,2,162,4.6,30.8,7.1,3.1,,13.3,,0.0,30.4,53.0,1.7,0,1,Dairy,48.0,2.84,Medium,Very Low,High Carb,Normal,Medium,3.6,5.0
100316,Minestrone Soup,شوربة مينستروني,Soup,Italian,Easy,High Fiber / Balanced,Lunch,13.0,37.0,50,9,10,1,329,13.0,39.1,7.7,,9.2,6.0,606.0,5.0,29.2,76.0,,1,1,Gluten,59.1,3.95,Medium,Low,High Carb,Normal,Medium,,5.0
100317,Beef Stir Fry,لحم مقلي,Main Course,Asian,Easy,Muscle Gain,Dinner,11.0,16.0,27,8,10,4,375,36.4,25.0,17.6,7.8,4.0,4.9,685.0,82.0,12.5,50.0,,0,0,Nuts|Soy,45.7,9.71,Medium,Low,High Protein,Underweight,Medium,4.0,1.0
100318,Lean Beef Rice Bowl,بول أرز باللحمة,Main Course,Asian Fusion,Easy,Muscle Gain / Bulking,Dinner,12.0,18.0,30,10,10,4,445,34.7,59.2,13.1,5.6,4.1,4.7,644.0,75.0,9.8,51.0,3.7,0,0,Nuts|Soy,48.2,7.8,High,Moderate,Mixed,Underweight,Medium,3.75,4.0
100319,Turkey Meatballs,كرات ديك رومي,Main Course,Italian,Easy,High Protein,Dinner,16.0,15.0,31,10,8,4,371,30.6,19.1,15.3,4.1,1.9,3.5,428.0,109.0,6.6,68.0,2.7,0,0,Eggs|Gluten,48.4,8.25,Medium,Low,High Protein,Normal,Low,4.67,6.0
100320,Whole Wheat Pasta Turkey,مكرونة قمح بالديك الرومي,Main Course,Italian,Easy,Balanced,Dinner,12.0,,34,11,9,2,500,36.3,52.4,9.9,2.5,6.7,8.2,582.0,71.0,20.5,79.0,3.4,0,0,Gluten,57.9,7.26,High,Moderate,Mixed,Normal,Medium,4.0,4.0
100321,Stuffed Bell Peppers,فلفل محشي,Main Course,Mediterranean,Medium,Balanced,Dinner,25.0,38.0,63,10,9,6,357,24.7,43.1,11.1,3.3,6.4,7.3,470.0,67.0,75.6,60.0,2.9,0,0,Dairy,60.0,6.92,High,Low,Mixed,Normal,Medium,4.75,4.0
100322,Chicken Shawarma Bowl,بول شاورما الدجاج,Main Course,Middle Eastern,Easy,High Protein,Dinner,16.0,15.0,31,7,9,1,514,40.4,40.9,14.7,4.5,4.0,3.6,594.0,86.0,15.8,68.0,2.6,0,0,None,51.0,7.86,High,Moderate,High Protein,Normal,Medium,7.0,5.0
100323,Salmon Teriyaki,سالمون تيرياكي,Main Course,Japanese,Easy,Omega 3 / Healthy,Dinner,,17.0,29,8,9,6,392,37.9,22.5,14.7,4.8,1.1,12.2,645.0,92.0,5.6,34.0,1.5,0,0,Nuts|Soy|Seafood,38.9,9.67,Medium,Low,High Protein,Normal,Medium,4.25,4.0
100324,Chicken Tikka Masala,دجاج تيكا ماسالا,Main Course,Indian,Medium,Balanced,Dinner,21.0,33.0,54,11,11,4,409,34.7,26.1,17.0,5.4,3.0,6.8,631.0,101.0,,71.0,,0,0,Dairy,45.9,8.48,Medium,Moderate,High Protein,Normal,Medium,4.0,3.0
100325,Zucchini Noodles with Pesto,نودلز الكوسا بالبيستو,Main Course,Italian,Easy,Low Carb / Keto,Lunch,11.0,4.0,15,5,9,1,250,9.9,15.4,22.1,8.9,4.8,4.3,358.0,14.0,17.7,137.0,2.0,1,1,Nuts,46.6,3.96,Low,Low,Mixed,Overweight,Medium,3.25,4.0
100326,Energy Balls,كرات الطاقة,Snack,International,Easy,Healthy Snack,Snack,11.0,0.0,11,2,7,2,105,4.2,16.8,4.5,1.7,1.7,8.9,40.0,0.0,,27.0,1.0,0,1,Dairy|Gluten|Nuts,48.9,4.0,Medium,Very Low,High Carb,Normal,Low,3.8,5.0
101928,Chocolate Protein Balls,كرات بروتين بالشوكولاتة,Snack,International,Easy,Post Workout,Snack,12.0,0.0,12,3,7,1,86,4.9,11.0,4.3,1.2,1.8,7.1,38.0,0.0,3.0,21.0,0.9,0,1,Dairy|Gluten|Nuts,51.7,5.7,Low,Very Low,Mixed,Normal,Low,4.0,3.0
100328,Apple Peanut Butter,تفاح مع زبدة فول سوداني,Snack,International,Very Easy,Balanced Snack,Snack,2.0,0.0,2,4,3,2,251,5.5,26.4,10.0,,4.3,17.0,123.0,0.0,7.7,22.0,0.5,0,1,Dairy|Nuts,46.1,2.19,Medium,Low,High Carb,Normal,Low,4.2,15.0
100329,Trail Mix,مكسرات وفواكه مجففة,Snack,International,Very Easy,Energy Boost,Snack,3.0,0.0,3,3,6,2,380,9.7,36.4,25.1,9.7,4.2,19.9,77.0,,1.7,66.0,,1,1,Nuts,36.5,2.55,Medium,Low,Mixed,Normal,Low,3.0,1.0
100330,Strawberry Protein Smoothie,سموذي الفراولة والبروتين,Beverage,International,Very Easy,Muscle Gain / Post Workout,Anytime,3.0,0.0,3,2,6,4,248,26.9,39.3,3.9,1.1,4.0,23.6,115.0,11.0,79.5,206.0,1.4,0,1,Dairy,58.4,10.85,High,Low,Mixed,Normal,Low,4.8,5.0
100331,Green Detox Smoothie,سموذي أخضر,Beverage,International,Very Easy,Detox / Weight Loss,Anytime,5.0,0.0,5,4,7,2,192,4.8,39.6,3.0,0.9,,22.3,104.0,0.0,,71.0,2.5,0,1,None,56.8,2.5,Medium,Very Low,High Carb,Overweight,Low,,3.0
100332,Banana Peanut Butter Smoothie,سموذي الموز وزبدة الفول,Beverage,International,Very Easy,Pre Workout / Energy,Anytime,3.0,0.0,3,4,7,1,326,14.7,55.4,12.0,3.8,4.1,24.4,186.0,9.0,12.8,199.0,1.4,0,1,Dairy|Gluten|Nuts,46.9,4.51,High,Low,High Carb,Normal,Low,4.5,2.0
100333,Mango Turmeric Smoothie,سموذي المانجو والكركم,Beverage,International,Very Easy,Anti-Inflammatory,Anytime,5.0,0.0,5,3,7,6,8,7.3,43.4,4.3,1.2,3.8,29.6,116.0,5.0,51.2,213.0,0.8,0,1,Dairy|Nuts,53.5,2.67,High,Low,High Carb,Normal,Low,,
100334,Berry Antioxidant Smoothie,سموذي التوت المضاد للأكسدة,Beverage,International,Very Easy,Immunity Boost,Anytime,3.0,0.0,3,3,6,4,231,8.3,42.6,3.0,,6.9,28.1,87.0,5.0,34.1,144.0,1.1,0,1,Dairy|Nuts,58.5,3.59,High,Low,High Carb,Normal,Low,4.5,2.0
100335,Banana Nice Cream,آيس كريم الموز,Dessert,International,Very Easy,Healthy Dessert / Vegan,Dessert,,0.0,4,1,2,4,116,2.0,30.8,0.5,0.2,2.5,14.4,2.0,0.0,,6.0,0.3,1,1,None,49.7,1.72,Medium,Very Low,High Carb,Normal,Low,4.0,1.0
100336,Chia Pudding,بودنج الشيا,Dessert/Snack,International,Very Easy,High Fiber / Omega 3,Snack,12.0,0.0,12,5,5,1,260,10.4,34.6,13.2,4.6,13.3,15.3,143.0,5.0,,240.0,2.5,0,1,Dairy|Nuts,55.1,4.0,Medium,Low,Mixed,Normal,Low,4.67,3.0
100337,Baked Cinnamon Apples,تفاح مخبوز بالقرفة,Dessert,International,Very Easy,Healthy Dessert,Dessert,6.0,19.0,25,6,6,2,198,1.0,40.2,1.8,0.5,6.0,30.7,7.0,0.0,8.1,20.0,0.5,0,1,Dairy|Gluten,52.7,0.51,Medium,Very Low,High Carb,Normal,Low,4.67,6.0
100338,Falafel Wrap,سندويتش فلافل,Main Course,Middle Eastern,Medium,Vegan / Protein,Dinner,22.0,15.0,37,10,11,4,481,17.3,64.0,15.4,6.7,11.6,3.6,683.0,0.0,,129.0,5.9,1,1,Gluten,54.1,3.6,High,Moderate,High Carb,Normal,Medium,4.25,8.0
100339,Tabbouleh Salad,سلطة التبولة,Salad,Middle Eastern,Easy,Light / Vegan,Lunch,17.0,,17,3,9,2,203,5.2,25.5,6.6,2.6,5.9,3.6,408.0,0.0,36.3,56.0,2.7,1,1,Gluten,58.8,2.56,Medium,Low,High Carb,Normal,Medium,3.75,4.0
100340,Shakshuka,شكشوكة,Breakfast,Middle Eastern,Easy,Balanced,Breakfast,5.0,22.0,27,7,11,1,272,14.8,16.9,15.2,5.8,4.5,7.9,590.0,319.0,33.5,75.0,3.6,0,1,Eggs,49.1,5.44,Low,Low,Balanced Macro,Normal,Medium,6.5,1.0
101928,Meal Prep Chicken Rice,دجاج وأرز للميل بريب,Main Course,International,Easy,Muscle Gain / Meal Prep,Dinner,19.0,24.0,43,7,9,2,513,41.9,43.4,10.7,2.9,2.5,2.1,533.0,99.0,,41.0,,0,0,None,50.5,,High,Moderate,High Protein,Normal,Medium,3.0,1.0
100342,Overnight Oats 5 Ways,شوفان بالليل 5 وصفات,Breakfast,International,Very Easy,Meal Prep / Healthy,Breakfast,12.0,0.0,12,4,6,4,350,12.9,53.0,9.5,2.5,6.5,20.4,171.0,7.0,,233.0,2.8,0,1,Dairy|Gluten,54.0,3.69,High,Low,High Carb,Normal,Low,4.0,2.0
100343,Grilled Chicken Breast,صدر دجاج مشوي,Main Course,Mediterranean,Easy,High Protein / Weight Loss,Dinner,8.0,20.0,28,6,7,2,3,35.1,4.0,13.9,6.0,0.4,1.1,456.0,82.0,13.1,27.0,1.6,0,0,None,44.4,10.67,Low,Low,High Protein,Overweight,Low,,3.0
100344,Egg White Omelette,عجة بياض البيض,Breakfast,International,Very Easy,High Protein / Low Cal,Breakfast,4.0,7.0,11,6,7,6,167,21.5,4.1,6.2,1.7,1.2,2.1,,11.0,8.8,56.0,1.7,0,1,Eggs,54.6,12.87,Low,Very Low,High Protein,Normal,Low,,
100345,Tuna Salad Bowl,بول سلطة التونة,Salad,Mediterranean,Very Easy,Weight Loss,Lunch,13.0,0.0,13,6,7,4,197,30.1,8.4,6.9,2.6,2.4,5.2,570.0,44.0,27.0,40.0,1.9,0,0,Seafood,54.3,15.28,Low,Very Low,High Protein,Overweight,Low,,2.0
100346,Protein Pancakes,بانكيك البروتين,Breakfast,American,Very Easy,Muscle Gain,Breakfast,5.0,11.0,16,5,7,4,316,27.2,25.5,8.2,2.3,2.6,6.7,249.0,176.0,2.2,194.0,2.1,0,1,Dairy|Eggs|Gluten,53.4,8.61,Medium,Low,High Protein,Underweight,Low,3.8,5.0
100347,Greek Yogurt Parfait,بارفيه الزبادي اليوناني,Snack,International,Very Easy,Healthy Snack,Snack,6.0,,6,3,6,2,337,21.2,37.8,7.3,,3.2,21.5,104.0,17.0,17.3,275.0,1.7,0,1,Dairy,49.0,6.29,Medium,Low,Mixed,Normal,Low,3.0,
100348,Chicken Vegetable Stir Fry,دجاج مقلي بالخضار,Main Course,Asian,Easy,Balanced,Dinner,13.0,11.0,24,7,9,2,426,38.3,26.3,12.5,4.4,3.6,6.5,665.0,86.0,49.9,68.0,2.7,0,0,Nuts|Soy,52.2,8.99,Medium,Moderate,High Protein,Normal,Medium,3.67,6.0
100349,Baked Salmon with Vegetables,سالمون مشوي بالخضار,Main Course,Western,Easy,Heart Health,Dinner,12.0,21.0,33,8,9,2,447,37.5,15.0,23.2,8.7,3.7,5.0,338.0,92.0,34.3,47.0,2.3,0,0,Seafood,47.7,8.39,Low,Moderate,High Protein,Normal,Medium,4.8,5.0
100350,Turkey Lettuce Wraps,لفائف الخس بالديك الرومي,Light Meal,Asian,Easy,Keto / Low Carb,Dinner,11.0,11.0,22,7,8,1,231,27.0,7.9,9.9,3.2,1.7,2.8,518.0,71.0,12.3,,2.0,0,0,Dairy|Nuts|Soy,50.5,11.69,Low,Low,High Protein,Overweight,Low,4.0,3.0
100351,Boiled Eggs with Avocado,بيض مسلوق مع أفوكادو,Breakfast,International,Very Easy,Keto,Breakfast,2.0,8.0,10,6,6,1,1800,16.0,8.8,26.3,7.2,6.9,0.7,346.0,331.0,,50.0,1.8,0,1,Eggs,54.5,5.86,Low,Low,High Fat / Keto,Overweight,Low,4.2,15.0
100352,Shrimp Stir Fry,روبيان مقلي,Main Course,Asian,Easy,High Protein / Low Cal,Dinner,9.0,12.0,21,8,9,6,332,32.0,19.7,8.6,3.6,2.8,4.9,684.0,203.0,24.0,97.0,3.1,0,0,Nuts|Soy|Seafood,50.6,,Medium,Low,High Protein,Normal,Medium,4.0,3.0
100353,Quinoa Buddha Bowl,بودا بول الكينوا,Main Course,International,Medium,Vegan / Balanced,Dinner,19.0,25.0,44,10,9,1,364,16.7,52.0,12.7,3.5,7.7,7.6,334.0,0.0,54.8,132.0,5.0,1,1,None,63.7,4.59,High,Low,High Carb,Normal,Medium,4.25,4.0
100354,Lentil Soup,شوربة العدس,Soup,Middle Eastern,Easy,High Fiber / Budget,Lunch,8.0,39.0,47,10,11,1,255,17.2,49.1,4.2,1.3,,5.1,608.0,0.0,15.0,70.0,5.2,1,1,None,62.6,6.75,High,Low,High Carb,Normal,Medium,3.67,3.0
100355,Veggie Omelette,عجة الخضار,Breakfast,International,Very Easy,Balanced,Breakfast,5.0,7.0,12,4,8,2,232,18.3,6.5,17.1,6.8,1.6,2.5,418.0,389.0,23.6,85.0,2.4,0,1,Eggs,45.9,7.89,Low,Low,High Protein,Normal,Low,5.0,
100356,Hummus with Vegetables,حمص مع الخضار,Snack,Middle Eastern,Very Easy,Healthy Snack,Snack,9.0,0.0,9,7,9,2,192,8.2,22.6,9.6,3.8,4.9,2.5,352.0,0.0,,,3.0,1,1,None,56.1,4.27,Medium,Very Low,Mixed,Normal,Medium,4.4,5.0
100357,Spinach Lentil Dal,عدس بالسبانخ,Main Course,Indian,Easy,High Iron / Vegan,Dinner,11.0,30.0,41,10,10,2,284,18.0,49.3,6.4,2.6,,4.3,374.0,0.0,30.8,117.0,7.5,0,1,Dairy|Nuts,66.4,6.34,High,Low,High Carb,Normal,Medium,,2.0
100358,Caprese Salad,سلطة كابريزي,Salad,Italian,Very Easy,Light / Healthy,Lunch,,0.0,4,4,7,2,216,11.8,5.4,15.5,6.0,0.5,3.6,401.0,35.0,,235.0,0.9,1,1,None,44.0,5.46,Low,Low,Mixed,Normal,Low,2.0,1.0
100359,Overnight Oats,شوفان بالليل,Breakfast,International,Very Easy,Sustained Energy,Breakfast,5.0,0.0,5,5,8,2,419,14.1,55.6,8.2,2.3,6.2,14.7,132.0,4.0,8.0,221.0,3.1,0,1,Dairy|Gluten|Nuts,56.5,3.37,High,Moderate,High Carb,Normal,Low,,3.0
100360,Avocado Toast with Egg,توست الأفوكادو مع بيض,Breakfast,International,Very Easy,Balanced,Breakfast,,6.0,11,5,8,1,419,14.5,29.5,22.9,8.2,7.4,2.2,452.0,200.0,,67.0,2.6,0,1,Eggs|Gluten,51.8,3.46,Medium,Moderate,Mixed,Normal,Low,4.25,
100361,Black Bean Tacos,تاكو الفول الأسود,Main Course,Mexican,Easy,Vegan / Budget,Dinner,11.0,9.0,20,8,10,2,368,14.4,57.7,9.9,3.9,13.5,4.3,633.0,0.0,,109.0,5.5,1,1,None,58.0,3.91,High,Low,High Carb,Normal,Medium,3.71,7.0
100362,Mushroom Risotto,ريزوتو الفطر,Main Course,Italian,Medium,Comfort Food,Dinner,8.0,31.0,39,14,10,1,532,13.2,70.0,14.4,,2.9,4.2,630.0,18.0,,86.0,3.0,0,1,Dairy,44.0,2.48,High,Moderate,High Carb,Normal,Medium,3.33,
100363,Chicken Vegetable Soup,شوربة الدجاج بالخضار,Soup,International,Easy,Immunity / Recovery,Lunch,16.0,39.0,55,11,11,6,288,28.5,20.7,7.1,3.1,4.5,4.1,6000.0,68.0,30.2,59.0,2.8,0,0,None,57.0,9.9,Medium,Low,High Protein,Normal,Medium,4.25,
100364,Tomato Basil Soup,شوربة الطماطم والريحان,Soup,Italian,Easy,Light / Vegan,Lunch,12.0,19.0,31,9,9,4,166,4.6,25.3,7.1,2.1,4.1,12.7,501.0,0.0,26.3,57.0,1.8,0,1,Dairy,49.2,2.77,Medium,Very Low,High Carb,Normal,Medium,4.33,6.0
100365,Minestrone Soup,شوربة مينستروني,Soup,Italian,Easy,High Fiber / Balanced,Lunch,14.0,38.0,52,9,10,6,327,12.8,43.8,7.0,2.0,10.4,6.5,561.0,5.0,27.5,84.0,3.1,1,1,Gluten,60.2,3.91,Medium,Low,High Carb,Normal,Medium,5.0,1.0
100366,Beef Stir Fry,لحم مقلي,Main Course,Asian,Easy,Muscle Gain,Dinner,18.0,14.0,32,7,10,4,370,35.4,28.6,17.3,6.0,3.1,4.1,667.0,86.0,12.7,41.0,4.1,0,0,Nuts|Soy,47.0,9.57,Medium,Low,High Protein,Underweight,Medium,4.0,
100367,Lean Beef Rice Bowl,بول أرز باللحمة,Main Course,Asian Fusion,Easy,Muscle Gain / Bulking,Dinner,11.0,15.0,26,11,10,1,532,37.9,61.1,12.1,3.3,4.1,5.7,801.0,91.0,11.1,52.0,4.4,0,0,Nuts|Soy,49.8,,High,Moderate,Mixed,Underweight,Medium,4.0,3.0
100368,Turkey Meatballs,كرات ديك رومي,Main Course,Italian,Easy,High Protein,Dinner,17.0,20.0,37,9,8,6,341,29.9,16.6,13.2,3.3,1.9,3.3,510.0,84.0,7.0,,2.7,0,0,Eggs|Gluten,49.2,8.77,Low,Low,High Protein,Normal,Low,4.25,4.0
100369,Whole Wheat Pasta Turkey,مكرونة قمح بالديك الرومي,Main Course,Italian,Easy,Balanced,Dinner,8.0,29.0,37,10,9,4,457,38.0,51.4,9.7,4.0,7.2,6.6,672.0,73.0,19.3,79.0,4.4,0,0,Gluten,57.5,8.32,High,Moderate,Mixed,Normal,Medium,4.33,3.0
100370,Stuffed Bell Peppers,فلفل محشي,Main Course,Mediterranean,Medium,Balanced,Dinner,19.0,41.0,60,11,9,2,431,23.7,44.3,12.5,4.7,6.0,6.6,495.0,68.0,84.5,67.0,2.6,0,0,Dairy,56.4,5.5,High,Moderate,Mixed,Normal,Medium,5.0,
100371,Chicken Shawarma Bowl,بول شاورما الدجاج,Main Course,Middle Eastern,Easy,High Protein,Dinner,24.0,19.0,43,9,9,4,439,40.9,43.7,15.0,5.8,5.4,3.7,553.0,82.0,15.3,65.0,3.1,0,0,None,53.1,9.32,High,Moderate,High Protein,Normal,Medium,4.33,3.0
100372,Salmon Teriyaki,سالمون تيرياكي,Main Course,Japanese,Easy,Omega 3 / Healthy,Dinner,10.0,15.0,25,8,9,2,422,38.7,22.0,16.1,5.9,1.0,13.1,646.0,97.0,,34.0,1.6,0,0,Nuts|Soy|Seafood,36.3,9.17,Medium,Moderate,High Protein,Normal,Medium,4.5,4.0
100373,Chicken Tikka Masala,دجاج تيكا ماسالا,Main Course,Indian,Medium,Balanced,Dinner,,23.0,1440,13,11,2,462,30.7,27.6,18.0,6.6,3.3,6.8,538.0,77.0,14.0,,3.8,0,0,Dairy,45.3,6.65,Medium,Moderate,High Protein,Normal,Medium,6.5,3.0
101928,Zucchini Noodles with Pesto,نودلز الكوسا بالبيستو,Main Course,Italian,Easy,Low Carb / Keto,Lunch,8.0,4.0,12,6,9,2,267,9.6,14.8,22.9,7.7,4.3,5.4,382.0,13.0,,117.0,1.8,1,1,Nuts,46.3,3.6,Low,Low,Mixed,Overweight,Medium,4.25,4.0
100375,Energy Balls,كرات الطاقة,Snack,International,Easy,Healthy Snack,Snack,13.0,0.0,13,5,7,1,119,4.0,15.6,5.0,1.4,2.1,8.1,39.0,0.0,0.9,27.0,1.1,0,1,Dairy|Gluten|Nuts,50.3,3.36,Low,Very Low,High Carb,Normal,Low,4.2,15.0
100376,Chocolate Protein Balls,كرات بروتين بالشوكولاتة,Snack,International,Easy,Post Workout,Snack,18.0,0.0,18,5,7,2,101,5.0,10.9,3.7,1.3,1.5,7.0,35.0,0.0,2.8,23.0,0.8,0,1,Dairy|Gluten|Nuts,50.6,4.95,Low,Very Low,Mixed,Normal,Low,4.33,
100377,Apple Peanut Butter,تفاح مع زبدة فول سوداني,Snack,International,Very Easy,Balanced Snack,Snack,2.0,0.0,2,1,3,2,196,6.1,25.5,10.8,3.7,,16.0,131.0,0.0,8.2,22.0,0.5,0,1,Dairy|Nuts,47.2,3.11,Medium,Very Low,High Carb,Normal,Low,4.0,
100378,Trail Mix,مكسرات وفواكه مجففة,Snack,International,Very Easy,Energy Boost,Snack,4.0,0.0,4,1,6,2,410,10.0,37.7,23.8,9.0,4.9,22.9,76.0,0.0,,67.0,2.7,1,1,Nuts,39.0,2.44,Medium,Moderate,Mixed,Normal,Low,,3.0
100379,Strawberry Protein Smoothie,سموذي الفراولة والبروتين,Beverage,International,Very Easy,Muscle Gain / Post Workout,Anytime,2.0,0.0,2,2,100,2,308,26.4,40.3,4.2,1.9,,18.7,132.0,10.0,68.6,209.0,1.2,0,1,Dairy,56.7,,High,Low,Mixed,Normal,Low,3.67,3.0
100380,Green Detox Smoothie,سموذي أخضر,Beverage,International,Very Easy,Detox / Weight Loss,Anytime,5.0,0.0,5,4,7,2,195,4.7,39.6,3.2,1.4,5.9,22.5,103.0,0.0,121.3,77.0,2.2,0,1,None,56.7,2.41,Medium,Very Low,High Carb,Overweight,Low,4.0,4.0
100381,Banana Peanut Butter Smoothie,سموذي الموز وزبدة الفول,Beverage,International,Very Easy,Pre Workout / Energy,Anytime,4.0,0.0,0,4,7,1,356,13.1,54.8,11.2,4.8,5.9,30.0,156.0,9.0,13.9,185.0,1.7,0,1,Dairy|Gluten|Nuts,49.0,3.68,High,Low,High Carb,Normal,Low,-1.0,3.0
100382,Mango Turmeric Smoothie,سموذي المانجو والكركم,Beverage,International,Very Easy,Anti-Inflammatory,Anytime,4.0,0.0,4,4,7,1,219,8.4,44.8,4.0,1.5,4.4,30.5,106.0,5.0,69.9,171.0,0.8,0,1,Dairy|Nuts,54.5,3.84,High,Low,High Carb,Normal,Low,4.0,5.0
100383,Berry Antioxidant Smoothie,سموذي التوت المضاد للأكسدة,Beverage,International,Very Easy,Immunity Boost,Anytime,,0.0,2,2,6,6,203,8.1,44.4,2.9,0.7,,23.3,94.0,5.0,38.8,169.0,1.0,0,1,Dairy|Nuts,57.7,3.99,High,Low,High Carb,Normal,Low,4.43,7.0
100384,Banana Nice Cream,آيس كريم الموز,Dessert,International,Very Easy,Healthy Dessert / Vegan,Dessert,4.0,0.0,4,2,2,1,137,2.0,28.9,0.5,0.1,2.5,18.7,2.0,0.0,10.4,,0.3,1,1,None,47.5,1.46,Medium,Very Low,High Carb,Normal,Low,4.2,5.0
100385,Chia Pudding,بودنج الشيا,Dessert/Snack,International,Very Easy,High Fiber / Omega 3,Snack,12.0,0.0,12,5,5,2,308,10.5,37.4,12.9,4.1,12.4,16.0,153.0,5.0,3.7,228.0,2.8,0,1,Dairy|Nuts,55.1,3.41,Medium,Low,High Carb,Normal,Low,7.0,4.0
100386,Baked Cinnamon Apples,تفاح مخبوز بالقرفة,Dessert,International,Very Easy,Healthy Dessert,Dessert,6.0,29.0,35,4,6,4,188,0.9,41.8,2.2,1.0,5.3,30.9,9.0,0.0,9.0,,0.4,0,1,Dairy|Gluten,50.5,0.48,High,Very Low,High Carb,Normal,Low,3.0,3.0
100387,Falafel Wrap,سندويتش فلافل,Main Course,Middle Eastern,Medium,Vegan / Protein,Dinner,25.0,15.0,40,9,11,2,527,17.5,58.0,16.9,6.3,12.9,3.2,672.0,0.0,16.3,109.0,6.6,1,1,Gluten,54.9,3.32,High,Moderate,High Carb,Normal,Medium,3.62,8.0
100388,Tabbouleh Salad,سلطة التبولة,Salad,Middle Eastern,Easy,Light / Vegan,Lunch,12.0,0.0,12,5,9,2,166,5.0,27.2,6.7,2.6,7.0,4.3,347.0,0.0,,63.0,3.1,1,1,Gluten,62.2,3.01,Medium,Very Low,High Carb,Normal,Medium,4.0,2.0
100389,Shakshuka,شكشوكة,Breakfast,Middle Eastern,Easy,Balanced,Breakfast,6.0,16.0,22,8,11,4,243,14.8,16.4,15.2,5.8,4.1,7.1,584.0,,24.0,,,0,1,Eggs,48.2,6.09,Low,Low,Balanced Macro,Normal,Medium,4.5,4.0
100390,Meal Prep Chicken Rice,دجاج وأرز للميل بريب,Main Course,International,Easy,Muscle Gain / Meal Prep,Dinner,18.0,21.0,39,10,9,2,441,46.2,45.8,10.4,4.7,3.0,1.9,517.0,87.0,7.5,45.0,2.2,0,0,None,50.4,10.48,High,Moderate,High Protein,Normal,Medium,4.0,6.0
100391,Overnight Oats 5 Ways,شوفان بالليل 5 وصفات,Breakfast,International,Very Easy,Meal Prep / Healthy,Breakfast,8.0,,8,5,6,2,400,13.8,47.6,8.5,,6.1,16.6,166.0,7.0,9.9,273.0,2.7,0,1,Dairy|Gluten,53.8,3.45,High,Moderate,High Carb,Normal,Low,3.67,3.0
100392,Grilled Chicken Breast,صدر دجاج مشوي,Main Course,Mediterranean,Easy,High Protein / Weight Loss,Dinner,7.0,14.0,21,6,7,1,351,40.1,4.1,14.7,4.9,0.5,1.2,368.0,83.0,13.5,22.0,1.9,0,0,None,47.6,11.42,Low,Low,High Protein,Overweight,Low,4.4,5.0
100393,Egg White Omelette,عجة بياض البيض,Breakfast,International,Very Easy,High Protein / Low Cal,Breakfast,5.0,8.0,13,7,7,6,190,22.3,3.8,5.9,2.4,,2.2,267.0,11.0,8.4,57.0,1.7,0,1,Eggs,52.4,11.74,Low,Very Low,High Protein,Normal,Low,4.2,5.0
100394,Tuna Salad Bowl,بول سلطة التونة,Salad,Mediterranean,Very Easy,Weight Loss,Lunch,12.0,0.0,12,5,7,2,191,28.5,7.4,6.3,1.7,3.3,4.7,573.0,43.0,24.4,,2.2,0,0,Seafood,57.3,14.92,Low,Very Low,High Protein,Overweight,Low,4.5,2.0
100395,Protein Pancakes,بانكيك البروتين,Breakfast,American,Very Easy,Muscle Gain,Breakfast,,11.0,16,5,7,1,328,30.1,28.8,7.8,2.8,2.6,6.1,250.0,199.0,1.7,166.0,2.2,0,1,Dairy|Eggs|Gluten,53.0,9.18,Medium,Low,High Protein,Underweight,Low,4.0,8.0
100396,Greek Yogurt Parfait,بارفيه الزبادي اليوناني,Snack,International,Very Easy,Healthy Snack,Snack,6.0,0.0,6,4,6,1,303,20.7,35.7,7.6,2.1,,18.7,100.0,15.0,14.0,282.0,1.4,0,1,Dairy,52.6,6.83,Medium,Low,Mixed,Normal,Low,5.0,1.0
100397,Chicken Vegetable Stir Fry,دجاج مقلي بالخضار,Main Course,Asian,Easy,Balanced,Dinner,17.0,18.0,35,10,100,2,380,37.9,28.8,12.5,,4.1,6.0,676.0,82.0,37.3,52.0,2.2,0,0,Nuts|Soy,52.9,9.97,Medium,Low,High Protein,Normal,Medium,3.33,3.0
100398,Baked Salmon with Vegetables,سالمون مشوي بالخضار,Main Course,Western,Easy,Heart Health,Dinner,9.0,16.0,25,8,9,1,437,43.3,13.6,24.1,6.7,3.5,4.6,348.0,86.0,36.2,,2.7,0,0,Seafood,51.5,9.91,Low,Moderate,High Protein,Normal,Medium,4.33,3.0
100399,Turkey Lettuce Wraps,لفائف الخس بالديك الرومي,Light Meal,Asian,Easy,Keto / Low Carb,Dinner,12.0,11.0,23,5,8,4,228,24.5,7.9,10.7,4.2,1.9,2.6,494.0,78.0,,32.0,2.0,0,0,Dairy|Nuts|Soy,49.2,10.75,Low,Low,High Protein,Overweight,Low,4.0,4.0
100400,Boiled Eggs with Avocado,بيض مسلوق مع أفوكادو,Breakfast,International,Very Easy,Keto,Breakfast,2.0,9.0,11,5,6,6,330,17.5,8.5,21.8,5.8,6.8,0.7,313.0,411.0,11.9,56.0,1.8,0,1,Eggs,56.7,5.3,Low,Low,Mixed,Overweight,Low,4.33,6.0
100401,Shrimp Stir Fry,روبيان مقلي,Main Course,Asian,Easy,High Protein / Low Cal,Lunch,10.0,8.0,18,9,9,2,315,32.7,16.8,8.8,3.3,3.5,5.5,587.0,,20.6,94.0,3.8,0,0,Nuts|Soy|Seafood,53.5,10.38,Low,Low,High Protein,Normal,Medium,4.0,6.0
100402,Quinoa Buddha Bowl,بودا بول الكينوا,Main Course,International,Medium,Vegan / Balanced,Dinner,19.0,18.0,37,9,9,4,385,16.9,59.0,13.7,4.8,7.8,8.1,347.0,0.0,55.4,,3.9,1,1,None,60.5,4.39,High,Low,High Carb,Normal,Medium,4.33,
100403,Lentil Soup,شوربة العدس,Soup,Middle Eastern,Easy,High Fiber / Budget,Lunch,8.0,33.0,41,11,11,1,274,17.9,45.2,4.2,1.1,11.1,4.8,524.0,0.0,15.9,,6.2,1,1,None,64.5,6.53,Medium,Low,High Carb,Normal,Medium,,7.0
100404,Veggie Omelette,عجة الخضار,Breakfast,International,Very Easy,Balanced,Breakfast,6.0,6.0,12,6,8,1,230,18.2,5.8,16.6,6.9,1.6,3.3,411.0,348.0,18.8,103.0,2.5,0,1,Eggs,45.2,7.91,Low,Low,High Protein,Normal,Low,2.5,4.0
100405,Hummus with Vegetables,حمص مع الخضار,Snack,Middle Eastern,Very Easy,Healthy Snack,Snack,10.0,0.0,10,7,9,6,208,9.0,23.1,9.3,2.7,5.8,2.7,333.0,,21.9,97.0,3.4,1,1,None,59.9,4.33,Medium,Low,Mixed,Normal,Medium,4.0,2.0
100406,Spinach Lentil Dal,عدس بالسبانخ,Main Course,Indian,Easy,High Iron / Vegan,Dinner,11.0,23.0,34,10,10,1,354,16.3,46.4,6.4,2.3,12.9,4.4,420.0,0.0,32.3,113.0,7.2,0,1,Dairy|Nuts,65.4,4.6,Medium,Low,High Carb,Normal,Medium,4.0,1.0
100407,Caprese Salad,سلطة كابريزي,Salad,Italian,Very Easy,Light / Healthy,Lunch,6.0,0.0,6,2,7,1,248,11.2,6.5,15.5,6.6,0.5,4.2,,36.0,16.9,255.0,0.8,1,1,None,42.0,4.52,Low,Low,Mixed,Normal,Low,4.0,4.0
100408,Overnight Oats,شوفان بالليل,Breakfast,International,Very Easy,Sustained Energy,Breakfast,6.0,0.0,6,5,8,4,343,14.5,54.3,9.6,4.1,7.8,14.6,136.0,4.0,6.6,251.0,2.7,0,1,Dairy|Gluten|Nuts,56.8,4.23,High,Low,High Carb,Normal,Low,4.33,3.0
100409,Avocado Toast with Egg,توست الأفوكادو مع بيض,Breakfast,International,Very Easy,Balanced,Breakfast,4.0,6.0,10,7,8,2,368,17.6,27.8,21.6,7.4,8.8,1.9,471.0,190.0,11.1,55.0,3.2,0,1,Eggs|Gluten,53.9,4.78,Medium,Low,Balanced Macro,Normal,Low,4.6,5.0
100410,Black Bean Tacos,تاكو الفول الأسود,Main Course,Mexican,Easy,Vegan / Budget,Dinner,12.0,10.0,22,5,10,2,324,14.9,51.1,9.8,3.0,15.7,4.0,663.0,0.0,17.7,127.0,5.3,1,1,None,59.9,4.6,High,Low,High Carb,Normal,Medium,1.0,1.0
100411,Mushroom Risotto,ريزوتو الفطر,Main Course,Italian,Medium,Comfort Food,Dinner,8.0,39.0,47,12,100,6,468,13.1,69.6,13.8,5.9,2.9,4.3,615.0,20.0,4.3,70.0,3.2,0,1,Dairy,42.8,2.8,High,Moderate,High Carb,Normal,Medium,4.0,5.0
100412,Chicken Vegetable Soup,شوربة الدجاج بالخضار,Soup,International,Easy,Immunity / Recovery,Lunch,14.0,28.0,42,9,11,2,253,29.5,20.3,6.8,2.7,4.4,5.0,672.0,61.0,32.3,59.0,2.4,0,0,None,56.4,11.66,Medium,Low,High Protein,Normal,Medium,3.86,7.0
100413,Tomato Basil Soup,شوربة الطماطم والريحان,Soup,Italian,Easy,Light / Vegan,Lunch,7.0,26.0,33,9,9,2,174,4.5,25.8,7.6,2.1,,15.4,478.0,0.0,34.1,54.0,1.7,0,1,Dairy,47.9,,Medium,Very Low,High Carb,Normal,Medium,3.5,2.0
100414,Minestrone Soup,شوربة مينستروني,Soup,Italian,Easy,High Fiber / Balanced,Lunch,12.0,34.0,46,11,10,4,257,12.6,39.2,7.2,,7.2,5.5,570.0,6.0,28.1,83.0,3.7,1,1,Gluten,59.2,4.9,Medium,Low,High Carb,Normal,Medium,,
100415,Beef Stir Fry,لحم مقلي,Main Course,Asian,Easy,Muscle Gain,Dinner,19.0,12.0,31,7,10,2,444,35.6,26.5,16.4,4.4,3.3,4.4,721.0,99.0,16.1,39.0,4.6,0,0,Nuts|Soy,48.9,8.02,Medium,Moderate,High Protein,Underweight,Medium,,3.0
100416,Lean Beef Rice Bowl,بول أرز باللحمة,Main Course,Asian Fusion,Easy,Muscle Gain / Bulking,Dinner,13.0,19.0,32,9,10,6,523,32.7,58.1,12.8,4.2,3.3,5.3,747.0,77.0,,49.0,3.8,0,0,Nuts|Soy,46.6,6.25,High,Moderate,Mixed,Underweight,Medium,4.33,3.0
100417,Turkey Meatballs,كرات ديك رومي,Main Course,Italian,Easy,High Protein,Dinner,17.0,20.0,37,8,8,2,311,33.0,17.2,14.3,6.4,1.6,3.5,467.0,98.0,,64.0,2.6,0,0,Eggs|Gluten,45.4,10.61,Medium,Low,High Protein,Normal,Low,3.33,6.0
100418,Whole Wheat Pasta Turkey,مكرونة قمح بالديك الرومي,Main Course,Italian,Easy,Balanced,Dinner,11.0,26.0,37,10,9,2,456,39.0,60.3,9.6,2.6,7.4,6.9,608.0,80.0,16.1,69.0,4.3,0,0,Gluten,60.1,,High,Moderate,Mixed,Normal,Medium,3.86,7.0
100419,Stuffed Bell Peppers,فلفل محشي,Main Course,Mediterranean,Medium,Balanced,Dinner,16.0,25.0,41,10,9,2,407,25.2,43.0,10.9,3.6,5.7,7.3,466.0,61.0,89.2,52.0,3.3,0,0,Dairy,58.0,6.19,High,Moderate,Mixed,Normal,Medium,4.0,5.0
100420,Chicken Shawarma Bowl,بول شاورما الدجاج,Main Course,Middle Eastern,Easy,High Protein,Dinner,26.0,18.0,1440,9,9,1,484,35.9,44.0,13.6,6.0,4.4,3.3,653.0,81.0,15.8,52.0,3.0,0,0,None,48.9,7.42,High,Moderate,Balanced Macro,Normal,Medium,5.0,4.0
100421,Salmon Teriyaki,سالمون تيرياكي,Main Course,Japanese,Easy,Omega 3 / Healthy,Lunch,8.0,11.0,19,7,9,2,406,33.4,22.6,14.7,5.0,,13.6,655.0,83.0,4.4,37.0,1.4,0,0,Nuts|Soy|Seafood,36.8,8.23,Medium,Moderate,High Protein,Normal,Medium,4.5,4.0
100422,Chicken Tikka Masala,دجاج تيكا ماسالا,Main Course,Indian,Medium,Balanced,Dinner,20.0,34.0,54,11,11,2,391,33.8,25.6,19.7,7.0,2.9,5.2,570.0,88.0,12.5,90.0,3.3,0,0,Dairy,45.1,8.64,Medium,Low,High Protein,Normal,Medium,4.5,2.0
100423,Zucchini Noodles with Pesto,نودلز الكوسا بالبيستو,Main Course,Italian,Easy,Low Carb / Keto,Lunch,10.0,4.0,14,4,9,4,260,9.9,13.9,21.5,7.1,4.2,4.1,339.0,16.0,19.0,117.0,1.9,1,1,Nuts,48.2,3.81,Low,Low,Mixed,Overweight,Medium,4.17,6.0
100424,Energy Balls,كرات الطاقة,Snack,International,Easy,Healthy Snack,Snack,19.0,0.0,19,4,7,2,2500,3.8,17.6,4.6,2.0,2.3,9.6,35.0,0.0,1.1,32.0,1.0,0,1,Dairy|Gluten|Nuts,49.0,3.28,Medium,Very Low,High Carb,Normal,Low,3.67,3.0
100425,Chocolate Protein Balls,كرات بروتين بالشوكولاتة,Snack,International,Easy,Post Workout,Snack,13.0,0.0,13,4,7,4,88,4.5,12.8,4.1,1.6,1.6,6.5,42.0,0.0,3.4,17.0,0.9,0,1,Dairy|Gluten|Nuts,50.6,5.11,Low,Very Low,Mixed,Normal,Low,,4.0
100426,Apple Peanut Butter,تفاح مع زبدة فول سوداني,Snack,International,Very Easy,Balanced Snack,Snack,2.0,0.0,2,4,3,4,213,6.1,30.2,10.0,2.7,3.5,17.4,132.0,0.0,8.8,,0.6,0,1,Dairy|Nuts,45.8,2.86,Medium,Low,High Carb,Normal,Low,4.0,2.0
100427,Trail Mix,مكسرات وفواكه مجففة,Snack,International,Very Easy,Energy Boost,Snack,3.0,0.0,3,3,6,2,416,9.5,35.8,25.2,7.3,5.4,16.1,72.0,0.0,1.7,58.0,2.7,1,1,Nuts,44.3,2.28,Medium,Moderate,Mixed,Normal,Low,4.0,6.0
100428,Strawberry Protein Smoothie,سموذي الفراولة والبروتين,Beverage,International,Very Easy,Muscle Gain / Post Workout,Anytime,2.0,0.0,2,1,6,2,290,24.0,38.5,3.8,1.2,3.5,24.2,142.0,9.0,78.0,193.0,,0,1,Dairy,55.4,8.28,High,Low,Mixed,Normal,Low,4.0,3.0
100429,Green Detox Smoothie,سموذي أخضر,Beverage,International,Very Easy,Detox / Weight Loss,Anytime,6.0,,6,4,7,4,179,5.2,35.0,2.7,0.9,6.6,16.1,102.0,0.0,132.5,90.0,2.5,0,1,None,61.4,2.91,Medium,Very Low,High Carb,Overweight,Low,,3.0
100430,Banana Peanut Butter Smoothie,سموذي الموز وزبدة الفول,Beverage,International,Very Easy,Pre Workout / Energy,Anytime,3.0,0.0,3,1,7,2,361,14.5,50.4,11.6,3.2,4.5,26.4,175.0,10.0,,226.0,1.3,0,1,Dairy|Gluten|Nuts,48.7,4.02,High,Low,High Carb,Normal,Low,3.33,3.0
100431,Mango Turmeric Smoothie,سموذي المانجو والكركم,Beverage,International,Very Easy,Anti-Inflammatory,Anytime,5.0,0.0,5,3,7,1,272,8.4,41.8,4.0,1.4,4.3,36.7,121.0,6.0,65.7,211.0,0.7,0,1,Dairy|Nuts,54.3,3.09,High,Low,High Carb,Normal,Low,4.33,3.0
100432,Berry Antioxidant Smoothie,سموذي التوت المضاد للأكسدة,Beverage,International,Very Easy,Immunity Boost,Anytime,3.0,0.0,3,1,6,2,210,8.7,45.7,3.0,1.3,6.4,30.2,79.0,5.0,36.8,158.0,1.0,0,1,Dairy|Nuts,57.9,4.14,High,Low,High Carb,Normal,Low,,4.0
100433,Banana Nice Cream,آيس كريم الموز,Dessert,International,Very Easy,Healthy Dessert / Vegan,Dessert,6.0,0.0,6,3,2,2,134,2.2,27.9,0.5,0.1,2.7,13.9,2.0,0.0,10.8,6.0,0.3,1,1,None,50.4,1.64,Medium,Very Low,High Carb,Normal,Low,4.33,6.0
100434,Chia Pudding,بودنج الشيا,Dessert/Snack,International,Very Easy,High Fiber / Omega 3,Snack,,0.0,13,5,5,2,316,10.3,33.9,12.7,3.8,13.1,14.2,143.0,5.0,4.7,245.0,2.3,0,1,Dairy|Nuts,56.5,3.26,Medium,Low,Mixed,Normal,Low,4.67,3.0
100435,Baked Cinnamon Apples,تفاح مخبوز بالقرفة,Dessert,International,Very Easy,Healthy Dessert,Dessert,6.0,32.0,38,4,6,2,158,0.9,44.0,2.2,0.9,5.5,27.1,8.0,0.0,7.0,19.0,0.5,0,1,Dairy|Gluten,51.0,0.57,High,Very Low,High Carb,Normal,Low,4.0,4.0
100436,Falafel Wrap,سندويتش فلافل,Main Course,Middle Eastern,Medium,Vegan / Protein,Dinner,25.0,18.0,43,12,11,4,483,18.4,58.6,15.7,4.0,12.2,3.9,608.0,0.0,16.5,133.0,6.6,1,1,Gluten,59.2,3.81,High,Moderate,High Carb,Normal,Medium,4.5,2.0
100437,Tabbouleh Salad,سلطة التبولة,Salad,Middle Eastern,Easy,Light / Vegan,Lunch,15.0,0.0,15,5,9,2,170,5.5,25.9,7.7,2.0,6.5,4.0,417.0,,43.7,66.0,3.2,1,1,Gluten,62.1,3.24,Medium,Very Low,High Carb,Normal,Medium,5.0,1.0
100438,Shakshuka,شكشوكة,Breakfast,Middle Eastern,Easy,Balanced,Breakfast,5.0,19.0,24,9,11,4,310,16.7,17.3,17.0,7.2,4.7,6.9,,375.0,27.4,85.0,3.2,0,1,Eggs,48.1,5.39,Low,Low,Balanced Macro,Normal,Medium,4.17,6.0
100439,Meal Prep Chicken Rice,دجاج وأرز للميل بريب,Main Course,International,Easy,Muscle Gain / Meal Prep,Dinner,16.0,26.0,42,10,9,1,396,40.5,50.8,10.7,3.5,2.5,2.3,452.0,82.0,9.0,36.0,2.1,0,0,None,51.5,10.23,High,Low,Balanced Macro,Normal,Medium,4.12,8.0
100440,Overnight Oats 5 Ways,شوفان بالليل 5 وصفات,Breakfast,International,Very Easy,Meal Prep / Healthy,Breakfast,8.0,0.0,8,3,6,1,369,15.4,48.3,9.8,2.9,6.8,20.5,180.0,8.0,9.7,215.0,2.7,0,1,Dairy|Gluten,54.0,4.17,High,Low,High Carb,Normal,Low,4.67,3.0
100441,Grilled Chicken Breast,صدر دجاج مشوي,Main Course,Mediterranean,Easy,High Protein / Weight Loss,Dinner,12.0,22.0,34,9,7,2,286,37.9,4.2,15.3,5.3,,1.1,444.0,99.0,11.4,,1.6,0,0,None,46.8,,Low,Low,High Protein,Overweight,Low,3.75,8.0
100442,Egg White Omelette,عجة بياض البيض,Breakfast,International,Very Easy,High Protein / Low Cal,Breakfast,5.0,8.0,13,5,7,1,154,22.3,4.1,5.7,2.4,1.1,2.2,262.0,9.0,9.3,65.0,1.4,0,1,Eggs,54.4,14.48,Low,Very Low,High Protein,Normal,Low,4.75,
100443,Tuna Salad Bowl,بول سلطة التونة,Salad,Mediterranean,Very Easy,Weight Loss,Lunch,12.0,0.0,12,3,7,2,184,29.8,8.5,7.0,1.8,2.5,5.1,526.0,42.0,20.1,39.0,1.9,0,0,Seafood,55.9,16.2,Low,Very Low,High Protein,Overweight,Low,,5.0
100444,Protein Pancakes,بانكيك البروتين,Breakfast,American,Very Easy,Muscle Gain,Breakfast,6.0,8.0,1440,7,7,4,335,27.5,26.6,8.4,2.9,2.1,5.1,263.0,213.0,1.8,,1.8,0,1,Dairy|Eggs|Gluten,51.7,8.21,Medium,Low,High Protein,Underweight,Low,2.0,2.0
101928,Greek Yogurt Parfait,بارفيه الزبادي اليوناني,Snack,International,Very Easy,Healthy Snack,Snack,4.0,0.0,4,3,0,2,312,24.1,36.9,7.1,,3.1,16.8,104.0,14.0,14.2,267.0,1.6,0,1,Dairy,52.7,7.72,Medium,Low,Mixed,Normal,Low,2.75,4.0
100446,Chicken Vegetable Stir Fry,دجاج مقلي بالخضار,Main Course,Asian,Easy,Balanced,Dinner,12.0,12.0,24,8,9,4,353,36.0,26.1,11.9,4.9,4.9,7.3,770.0,87.0,47.7,,2.2,0,0,Nuts|Soy,52.7,10.2,Medium,Low,High Protein,Normal,Medium,3.25,4.0
100447,Baked Salmon with Vegetables,سالمون مشوي بالخضار,Main Course,Western,Easy,Heart Health,Dinner,10.0,15.0,25,9,9,2,482,39.5,12.7,22.5,10.0,3.3,4.2,,85.0,44.8,47.0,2.2,0,0,Seafood,46.3,8.2,Low,Moderate,High Protein,Normal,Medium,4.5,4.0
100448,Turkey Lettuce Wraps,لفائف الخس بالديك الرومي,Light Meal,Asian,Easy,Keto / Low Carb,Dinner,10.0,10.0,20,7,8,4,231,23.9,8.7,10.3,3.3,2.2,2.8,537.0,78.0,,40.0,1.9,0,0,Dairy|Nuts|Soy,50.5,10.35,Low,Low,High Protein,Overweight,Low,,5.0
100449,Boiled Eggs with Avocado,بيض مسلوق مع أفوكادو,Breakfast,International,Very Easy,Keto,Breakfast,2.0,7.0,9,4,6,2,318,14.8,8.1,24.1,8.3,5.6,0.7,299.0,363.0,9.8,,1.9,0,1,Eggs,50.2,4.65,Low,Low,High Fat / Keto,Overweight,Low,3.0,2.0
100450,Shrimp Stir Fry,روبيان مقلي,Main Course,Asian,Easy,High Protein / Low Cal,Dinner,13.0,9.0,22,6,9,6,270,31.5,19.6,9.7,3.0,3.4,4.6,675.0,198.0,16.7,92.0,3.1,0,0,Nuts|Soy|Seafood,53.2,11.67,Medium,Low,High Protein,Normal,Medium,4.25,4.0
100451,Quinoa Buddha Bowl,بودا بول الكينوا,Main Course,International,Medium,Vegan / Balanced,Dinner,,22.0,39,8,9,4,459,16.2,59.9,14.5,5.7,10.0,6.0,340.0,0.0,64.0,,4.8,1,1,None,60.5,3.53,High,Moderate,High Carb,Normal,Medium,3.67,3.0
100452,Lentil Soup,شوربة العدس,Soup,Middle Eastern,Easy,High Fiber / Budget,Lunch,11.0,38.0,49,10,11,4,259,18.9,50.1,4.3,1.4,13.8,5.1,599.0,0.0,15.1,91.0,5.4,1,1,None,63.1,7.3,High,Low,High Carb,Normal,Medium,5.0,2.0
100453,Veggie Omelette,عجة الخضار,Breakfast,International,Very Easy,Balanced,Breakfast,5.0,6.0,11,7,8,6,274,17.4,6.2,17.1,7.5,2.1,3.4,356.0,,23.7,90.0,2.5,0,1,Eggs,45.4,6.35,Low,Low,High Protein,Normal,Low,3.5,2.0
100454,Hummus with Vegetables,حمص مع الخضار,Snack,Middle Eastern,Very Easy,Healthy Snack,Snack,9.0,0.0,9,5,9,2,182,8.1,21.8,9.6,2.7,5.1,2.8,331.0,0.0,21.5,80.0,,1,1,None,58.2,4.45,Medium,Very Low,Mixed,Normal,Medium,4.0,5.0
100455,Spinach Lentil Dal,عدس بالسبانخ,Main Course,Indian,Easy,High Iron / Vegan,Dinner,10.0,30.0,40,9,10,2,1800,17.6,48.0,5.9,1.8,12.2,4.5,371.0,0.0,34.6,128.0,6.2,0,1,Dairy|Nuts,67.2,5.99,High,Low,High Carb,Normal,Medium,3.5,4.0
100456,Caprese Salad,سلطة كابريزي,Salad,Italian,Very Easy,Light / Healthy,Lunch,4.0,0.0,4,3,7,1,213,12.6,6.5,14.9,4.1,0.4,4.0,399.0,40.0,23.4,276.0,0.8,1,1,None,47.1,5.92,Low,Low,Mixed,Normal,Low,5.0,4.0
100457,Overnight Oats,شوفان بالليل,Breakfast,International,Very Easy,Sustained Energy,Breakfast,5.0,0.0,5,6,8,2,413,13.0,56.2,8.1,2.9,8.1,14.8,165.0,5.0,8.8,231.0,2.7,0,1,Dairy|Gluten|Nuts,57.7,3.15,High,Moderate,High Carb,Normal,Low,4.2,5.0
100458,Avocado Toast with Egg,توست الأفوكادو مع بيض,Breakfast,International,Very Easy,Balanced,Breakfast,6.0,4.0,10,5,8,2,355,14.8,28.6,22.9,7.0,,1.9,417.0,193.0,10.3,53.0,2.9,0,1,Eggs|Gluten,54.5,,Medium,Low,Mixed,Normal,Low,4.6,5.0
100459,Black Bean Tacos,تاكو الفول الأسود,Main Course,Mexican,Easy,Vegan / Budget,Lunch,11.0,,19,8,10,4,429,15.8,57.3,9.2,4.0,11.5,3.9,556.0,0.0,,106.0,4.8,1,1,None,58.3,3.68,High,Moderate,High Carb,Normal,Medium,4.0,2.0
100460,Mushroom Risotto,ريزوتو الفطر,Main Course,Italian,Medium,Comfort Food,Dinner,9.0,37.0,46,13,10,2,444,15.1,63.7,12.6,5.1,3.2,3.7,543.0,19.0,3.4,84.0,3.2,0,1,Dairy,46.0,3.4,High,Moderate,High Carb,Normal,Medium,4.25,4.0
100461,Chicken Vegetable Soup,شوربة الدجاج بالخضار,Soup,International,Easy,Immunity / Recovery,Lunch,12.0,33.0,45,9,11,1,247,29.4,21.4,7.4,2.5,4.0,4.7,648.0,80.0,34.6,60.0,2.3,0,0,None,56.6,11.9,Medium,Low,High Protein,Normal,Medium,4.0,3.0
100462,Tomato Basil Soup,شوربة الطماطم والريحان,Soup,Italian,Easy,Light / Vegan,Lunch,7.0,20.0,27,8,9,1,157,5.0,27.1,7.3,,4.8,12.3,512.0,0.0,34.7,59.0,2.1,0,1,Dairy,50.2,3.18,Medium,Very Low,High Carb,Normal,Medium,4.5,2.0
100463,Minestrone Soup,شوربة مينستروني,Soup,Italian,Easy,High Fiber / Balanced,Lunch,13.0,38.0,51,9,10,4,289,12.1,45.8,7.4,2.5,7.8,5.5,661.0,,25.3,80.0,3.1,1,1,Gluten,58.9,4.19,High,Low,High Carb,Normal,Medium,3.67,6.0
100464,Beef Stir Fry,لحم مقلي,Main Course,Asian,Easy,Muscle Gain,Dinner,11.0,19.0,30,9,10,2,428,35.2,26.6,16.9,6.0,2.8,5.1,802.0,85.0,13.6,40.0,3.7,0,0,Nuts|Soy,43.8,8.22,Medium,Moderate,High Protein,Underweight,Medium,4.67,3.0
100465,Lean Beef Rice Bowl,بول أرز باللحمة,Main Course,Asian Fusion,Easy,Muscle Gain / Bulking,Dinner,,24.0,32,8,10,2,422,33.5,62.4,13.0,5.5,3.2,5.6,751.0,83.0,,47.0,,0,0,Nuts|Soy,45.7,7.94,High,Moderate,Mixed,Underweight,Medium,3.8,
100466,Turkey Meatballs,كرات ديك رومي,Main Course,Italian,Easy,High Protein,Dinner,12.0,26.0,38,7,8,4,363,31.4,18.4,13.5,5.4,1.6,3.4,527.0,109.0,8.9,,2.2,0,0,Eggs|Gluten,45.1,8.65,Medium,Low,High Protein,Normal,Low,4.0,6.0
100467,Whole Wheat Pasta Turkey,مكرونة قمح بالديك الرومي,Main Course,Italian,Easy,Balanced,Dinner,8.0,27.0,35,12,9,2,544,36.2,57.4,10.2,2.9,5.7,6.8,606.0,80.0,18.9,90.0,3.5,0,0,Gluten,55.5,6.65,High,Moderate,Mixed,Normal,Medium,,4.0
100468,Stuffed Bell Peppers,فلفل محشي,Main Course,Mediterranean,Medium,Balanced,Dinner,25.0,42.0,67,8,9,2,416,22.4,42.6,13.1,5.2,5.2,7.3,490.0,64.0,78.6,63.0,2.9,0,0,Dairy,53.8,5.38,High,Moderate,Mixed,Normal,Medium,5.0,3.0
100469,Chicken Shawarma Bowl,بول شاورما الدجاج,Main Course,Middle Eastern,Easy,High Protein,Dinner,22.0,,33,8,9,4,481,40.3,42.9,13.7,4.9,,4.5,626.0,93.0,16.8,51.0,3.3,0,0,None,50.2,8.38,High,Moderate,High Protein,Normal,Medium,4.0,1.0
100470,Salmon Teriyaki,سالمون تيرياكي,Main Course,Japanese,Easy,Omega 3 / Healthy,Dinner,10.0,13.0,23,8,9,4,431,33.0,22.3,16.8,5.9,1.2,13.5,546.0,,5.6,35.0,1.4,0,0,Nuts|Soy|Seafood,36.8,7.66,Medium,Moderate,High Protein,Normal,Medium,3.5,4.0
100471,Chicken Tikka Masala,دجاج تيكا ماسالا,Main Course,Indian,Medium,Balanced,Dinner,25.0,28.0,53,12,11,1,375,34.6,25.3,17.7,4.8,2.6,6.4,532.0,79.0,17.7,77.0,3.6,0,0,Dairy,48.4,9.23,Medium,Low,High Protein,Normal,Medium,4.67,
100472,Zucchini Noodles with Pesto,نودلز الكوسا بالبيستو,Main Course,Italian,Easy,Low Carb / Keto,Lunch,11.0,4.0,15,4,9,1,313,10.2,13.1,22.1,5.9,4.2,5.4,340.0,16.0,23.5,,2.1,1,1,Nuts,49.8,3.26,Low,Low,Mixed,Overweight,Medium,,1.0
100473,Energy Balls,كرات الطاقة,Snack,International,Easy,Healthy Snack,Snack,19.0,0.0,19,5,7,6,133,4.4,16.9,4.6,1.5,1.7,7.8,44.0,0.0,0.9,27.0,1.1,0,1,Dairy|Gluten|Nuts,49.4,3.31,Medium,Very Low,High Carb,Normal,Low,4.0,1.0
100474,Chocolate Protein Balls,كرات بروتين بالشوكولاتة,Snack,International,Easy,Post Workout,Snack,13.0,0.0,13,6,7,2,93,5.2,11.8,4.2,1.5,1.4,6.7,42.0,0.0,2.9,20.0,0.8,0,1,Dairy|Gluten|Nuts,50.5,5.59,Low,Very Low,Mixed,Normal,Low,4.0,3.0
100475,Apple Peanut Butter,تفاح مع زبدة فول سوداني,Snack,International,Very Easy,Balanced Snack,Snack,3.0,0.0,3,2,3,2,233,5.7,25.2,11.0,3.3,3.2,18.4,136.0,0.0,9.1,23.0,0.6,0,1,Dairy|Nuts,43.6,2.45,Medium,Low,High Carb,Normal,Low,4.0,4.0
100476,Trail Mix,مكسرات وفواكه مجففة,Snack,International,Very Easy,Energy Boost,Snack,3.0,0.0,3,3,6,4,329,9.3,41.5,25.0,6.6,4.8,16.2,91.0,0.0,1.6,58.0,2.2,1,1,Nuts,43.9,2.83,High,Low,Mixed,Normal,Low,4.2,10.0
100477,Strawberry Protein Smoothie,سموذي الفراولة والبروتين,Beverage,International,Very Easy,Muscle Gain / Post Workout,Anytime,3.0,0.0,3,1,6,4,260,24.3,39.9,4.2,,4.3,20.2,,11.0,69.1,215.0,1.2,0,1,Dairy,58.1,9.35,High,Low,Mixed,Normal,Low,4.0,6.0
100478,Green Detox Smoothie,سموذي أخضر,Beverage,International,Very Easy,Detox / Weight Loss,Anytime,5.0,0.0,5,4,7,1,190,5.4,38.4,3.2,1.3,7.0,20.0,106.0,0.0,125.7,73.0,2.3,0,1,None,59.3,,Medium,Very Low,High Carb,Overweight,Low,4.33,
100479,Banana Peanut Butter Smoothie,سموذي الموز وزبدة الفول,Beverage,International,Very Easy,Pre Workout / Energy,Anytime,3.0,0.0,3,1,7,2,416,13.9,50.1,12.3,3.3,5.7,24.2,196.0,11.0,11.2,184.0,,0,1,Dairy|Gluten|Nuts,49.8,3.34,High,Moderate,High Carb,Normal,Low,,4.0
100480,Mango Turmeric Smoothie,سموذي المانجو والكركم,Beverage,International,Very Easy,Anti-Inflammatory,Anytime,6.0,0.0,6,1,7,2,247,8.4,42.3,4.0,1.8,4.2,26.0,112.0,4.0,55.4,229.0,0.9,0,1,Dairy|Nuts,54.0,3.4,High,Low,High Carb,Normal,Low,4.67,3.0
100481,Berry Antioxidant Smoothie,سموذي التوت المضاد للأكسدة,Beverage,International,Very Easy,Immunity Boost,Anytime,3.0,0.0,3,4,6,1,208,7.8,40.8,2.8,0.7,6.4,26.1,101.0,6.0,32.6,135.0,1.1,0,1,Dairy|Nuts,57.8,3.75,Medium,Low,High Carb,Normal,Low,3.5,6.0
100482,Banana Nice Cream,آيس كريم الموز,Dessert,International,Very Easy,Healthy Dessert / Vegan,Dessert,5.0,0.0,5,3,2,4,136,1.9,26.4,0.5,0.2,,17.4,2.0,0.0,11.3,7.0,0.3,1,1,None,48.2,1.4,Medium,Very Low,High Carb,Normal,Low,5.0,3.0
100483,Chia Pudding,بودنج الشيا,Dessert/Snack,International,Very Easy,High Fiber / Omega 3,Snack,7.0,0.0,7,2,5,4,1800,11.0,34.7,13.1,4.8,14.4,19.2,123.0,5.0,3.5,235.0,2.2,0,1,Dairy|Nuts,52.9,4.26,Medium,Low,Mixed,Normal,Low,3.5,4.0
100484,Baked Cinnamon Apples,تفاح مخبوز بالقرفة,Dessert,International,Very Easy,Healthy Dessert,Dessert,5.0,20.0,25,7,6,4,158,0.9,44.3,1.9,0.5,4.9,28.9,9.0,0.0,7.7,,0.6,0,1,Dairy|Gluten,50.5,0.57,High,Very Low,High Carb,Normal,Low,4.0,2.0
100485,Falafel Wrap,سندويتش فلافل,Main Course,Middle Eastern,Medium,Vegan / Protein,Dinner,26.0,11.0,37,10,11,1,482,18.4,59.7,14.7,4.8,11.6,3.9,757.0,0.0,17.1,112.0,5.4,1,1,Gluten,55.7,3.82,High,Moderate,High Carb,Normal,Medium,4.25,4.0
100486,Tabbouleh Salad,سلطة التبولة,Salad,Middle Eastern,Easy,Light / Vegan,Lunch,11.0,0.0,11,6,9,6,165,5.4,28.9,6.8,2.7,5.9,4.1,416.0,0.0,37.1,69.0,3.0,1,1,Gluten,59.1,3.27,Medium,Very Low,High Carb,Normal,Medium,4.67,3.0
100487,Shakshuka,شكشوكة,Breakfast,Middle Eastern,Easy,Balanced,Breakfast,6.0,23.0,29,9,11,2,248,15.9,18.2,17.4,5.3,3.4,7.1,592.0,322.0,34.4,91.0,3.7,0,1,Eggs,48.8,6.41,Low,Low,Balanced Macro,Normal,Medium,4.0,3.0
100488,Meal Prep Chicken Rice,دجاج وأرز للميل بريب,Main Course,International,Easy,Muscle Gain / Meal Prep,Dinner,17.0,21.0,38,10,9,2,394,38.4,47.1,9.6,3.7,3.3,2.3,484.0,81.0,,39.0,2.0,0,0,None,52.1,9.75,High,Low,High Protein,Normal,Medium,4.5,2.0
100489,Overnight Oats 5 Ways,شوفان بالليل 5 وصفات,Breakfast,International,Very Easy,Meal Prep / Healthy,Breakfast,8.0,0.0,8,4,6,2,399,13.8,56.3,9.1,,7.9,18.4,179.0,9.0,11.8,257.0,2.7,0,1,Dairy|Gluten,56.5,3.46,High,Low,High Carb,Normal,Low,4.5,2.0
100490,Grilled Chicken Breast,صدر دجاج مشوي,Main Course,Mediterranean,Easy,High Protein / Weight Loss,Dinner,11.0,26.0,37,9,7,2,347,41.3,4.0,13.5,4.8,0.6,1.3,390.0,84.0,10.6,29.0,1.8,0,0,None,47.7,11.9,Low,Low,High Protein,Overweight,Low,,
100491,Egg White Omelette,عجة بياض البيض,Breakfast,International,Very Easy,High Protein / Low Cal,Breakfast,5.0,6.0,11,4,7,4,185,20.8,3.8,5.6,2.0,,2.4,279.0,10.0,7.9,58.0,1.4,0,1,Eggs,52.9,11.24,Low,Very Low,High Protein,Normal,Low,,3.0
100492,Tuna Salad Bowl,بول سلطة التونة,Salad,Mediterranean,Very Easy,Weight Loss,Lunch,12.0,0.0,12,5,7,1,168,26.2,7.9,6.5,2.7,3.1,4.6,502.0,45.0,29.1,35.0,1.8,0,0,Seafood,56.8,15.6,Low,Very Low,High Protein,Overweight,Low,4.0,
100493,Protein Pancakes,بانكيك البروتين,Breakfast,American,Very Easy,Muscle Gain,Breakfast,5.0,10.0,15,7,7,1,334,30.7,27.5,8.0,,2.8,7.0,246.0,174.0,2.2,,1.8,0,1,Dairy|Eggs|Gluten,52.1,9.19,Medium,Low,High Protein,Underweight,Low,2.5,2.0
100494,Greek Yogurt Parfait,بارفيه الزبادي اليوناني,Snack,International,Very Easy,Healthy Snack,Snack,6.0,0.0,6,4,6,4,296,23.3,37.7,7.6,1.9,3.7,22.3,92.0,14.0,17.4,337.0,1.6,0,1,Dairy,53.5,7.87,Medium,Low,Mixed,Normal,Low,,3.0
100495,Chicken Vegetable Stir Fry,دجاج مقلي بالخضار,Main Course,Asian,Easy,Balanced,Dinner,12.0,16.0,28,10,9,4,327,31.7,29.6,12.8,3.5,4.2,7.5,643.0,,50.9,65.0,2.6,0,0,Nuts|Soy,54.8,9.69,Medium,Low,High Protein,Normal,Medium,4.0,5.0
100496,Baked Salmon with Vegetables,سالمون مشوي بالخضار,Main Course,Western,Easy,Heart Health,Dinner,10.0,22.0,32,9,9,2,480,37.4,15.1,22.1,5.6,3.9,4.2,414.0,85.0,37.2,44.0,2.1,0,0,Seafood,52.3,7.79,Low,Moderate,High Protein,Normal,Medium,4.2,5.0
100497,Turkey Lettuce Wraps,لفائف الخس بالديك الرومي,Light Meal,Asian,Easy,Keto / Low Carb,Dinner,10.0,11.0,21,6,8,2,206,27.1,8.7,10.1,4.1,1.9,3.3,436.0,66.0,15.2,32.0,2.2,0,0,Dairy|Nuts|Soy,51.2,13.16,Low,Low,High Protein,Overweight,Low,3.33,3.0
100498,Boiled Eggs with Avocado,بيض مسلوق مع أفوكادو,Breakfast,International,Very Easy,Keto,Breakfast,2.0,11.0,13,5,6,6,335,15.3,9.8,24.6,,6.9,0.8,273.0,327.0,10.0,48.0,2.2,0,1,Eggs,53.4,4.57,Low,Low,Mixed,Overweight,Low,4.33,3.0
100499,Shrimp Stir Fry,روبيان مقلي,Main Course,Asian,Easy,High Protein / Low Cal,Dinner,11.0,10.0,21,8,9,4,316,31.4,18.0,9.2,2.9,2.7,4.8,681.0,225.0,21.0,100.0,,0,0,Nuts|Soy|Seafood,51.5,9.94,Medium,Low,High Protein,Normal,Medium,4.0,3.0
100500,Quinoa Buddha Bowl,بودا بول الكينوا,Main Course,International,Medium,Vegan / Balanced,Dinner,11.0,14.0,25,9,9,2,2200,18.4,55.5,13.0,5.1,9.3,8.2,309.0,0.0,48.8,114.0,4.1,1,1,None,60.4,4.4,High,Moderate,High Carb,Normal,Medium,2.5,
100501,Lentil Soup,شوربة العدس,Soup,Middle Eastern,Easy,High Fiber / Budget,Lunch,10.0,30.0,40,11,11,2,260,17.9,50.2,3.9,1.4,12.2,4.6,623.0,0.0,,75.0,5.3,1,1,None,62.9,6.88,High,Low,High Carb,Normal,Medium,4.4,5.0
100502,Veggie Omelette,عجة الخضار,Breakfast,International,Very Easy,Balanced,Breakfast,4.0,5.0,9,5,8,2,216,-5.0,6.3,15.8,4.1,1.8,3.1,354.0,358.0,21.1,78.0,2.0,0,1,Eggs,50.2,,Low,Low,High Protein,Normal,Low,3.0,1.0
100503,Hummus with Vegetables,حمص مع الخضار,Snack,Middle Eastern,Very Easy,Healthy Snack,Snack,8.0,0.0,8,5,9,1,215,8.6,23.4,10.3,,7.1,2.8,266.0,0.0,23.7,98.0,,1,1,None,62.1,4.0,Medium,Low,Mixed,Normal,Medium,4.75,4.0
100504,Spinach Lentil Dal,عدس بالسبانخ,Main Course,Indian,Easy,High Iron / Vegan,Dinner,8.0,21.0,29,7,10,6,341,17.0,50.7,5.8,1.7,12.5,3.3,393.0,0.0,33.1,113.0,6.6,0,1,Dairy|Nuts,67.1,4.99,High,Low,High Carb,Normal,Medium,4.5,4.0
100505,Caprese Salad,سلطة كابريزي,Salad,Italian,Very Easy,Light / Healthy,Lunch,5.0,,5,5,7,1,220,13.2,5.9,14.8,3.8,0.4,3.7,367.0,44.0,,280.0,0.9,1,1,None,47.7,6.0,Low,Low,Mixed,Normal,Low,4.67,3.0
100506,Overnight Oats,شوفان بالليل,Breakfast,International,Very Easy,Sustained Energy,Breakfast,5.0,0.0,5,5,8,1,331,12.9,61.5,9.4,,6.8,19.8,146.0,5.0,8.5,281.0,3.3,0,1,Dairy|Gluten|Nuts,53.3,3.9,High,Low,High Carb,Normal,Low,,6.0
100507,Avocado Toast with Egg,توست الأفوكادو مع بيض,Breakfast,International,Very Easy,Balanced,Breakfast,4.0,4.0,8,4,8,4,326,14.6,27.1,20.3,5.4,7.4,2.2,412.0,173.0,13.4,53.0,3.4,0,1,Eggs|Gluten,57.3,4.48,Medium,Low,Mixed,Normal,Low,,2.0
100508,Black Bean Tacos,تاكو الفول الأسود,Main Course,Mexican,Easy,Vegan / Budget,Lunch,9.0,8.0,17,8,10,6,401,16.9,54.7,10.4,3.2,16.4,4.1,523.0,0.0,16.1,119.0,5.0,1,1,None,60.3,4.21,High,Moderate,High Carb,Normal,Medium,3.5,6.0
100509,Mushroom Risotto,ريزوتو الفطر,Main Course,Italian,Medium,Comfort Food,Dinner,11.0,29.0,40,14,10,2,441,13.3,65.2,12.8,3.5,3.1,4.6,608.0,17.0,3.5,88.0,,0,1,Dairy,46.7,3.02,High,Moderate,High Carb,Normal,Medium,4.2,
100510,Chicken Vegetable Soup,شوربة الدجاج بالخضار,Soup,International,Easy,Immunity / Recovery,Lunch,,27.0,45,11,11,2,284,29.5,22.1,6.7,2.0,4.7,5.4,649.0,78.0,30.2,60.0,2.3,0,0,None,57.2,10.39,Medium,Low,High Protein,Normal,Medium,3.62,8.0
100511,Tomato Basil Soup,شوربة الطماطم والريحان,Soup,Italian,Easy,Light / Vegan,Lunch,7.0,24.0,31,9,9,2,190,5.5,28.4,6.4,,3.9,11.8,424.0,0.0,27.2,68.0,1.8,0,1,Dairy,50.1,2.89,Medium,Very Low,High Carb,Normal,Medium,4.0,3.0
100512,Minestrone Soup,شوربة مينستروني,Soup,Italian,Easy,High Fiber / Balanced,Lunch,19.0,24.0,43,9,10,1,281,11.8,40.6,6.9,2.6,8.5,4.9,560.0,5.0,,78.0,3.7,1,1,Gluten,60.3,4.2,Medium,Low,High Carb,Normal,Medium,,3.0
100513,Beef Stir Fry,لحم مقلي,Main Course,Asian,Easy,Muscle Gain,Dinner,16.0,17.0,33,7,10,2,385,32.8,23.6,17.2,5.0,2.9,4.2,716.0,99.0,16.2,45.0,3.6,0,0,Nuts|Soy,47.2,8.52,Medium,Low,High Protein,Underweight,Medium,4.5,2.0
100514,Lean Beef Rice Bowl,بول أرز باللحمة,Main Course,Asian Fusion,Easy,Muscle Gain / Bulking,Dinner,12.0,22.0,34,8,10,1,520,34.5,52.2,11.2,3.8,4.1,5.2,772.0,76.0,9.8,57.0,4.2,0,0,Nuts|Soy,49.1,6.63,High,Moderate,Mixed,Underweight,Medium,4.0,8.0
100515,Turkey Meatballs,كرات ديك رومي,Main Course,Italian,Easy,High Protein,Dinner,16.0,20.0,36,7,8,2,307,30.5,16.5,14.5,4.1,2.3,3.1,548.0,97.0,,66.0,2.5,0,0,Eggs|Gluten,49.3,,Low,Low,High Protein,Normal,Low,5.0,5.0
100516,Whole Wheat Pasta Turkey,مكرونة قمح بالديك الرومي,Main Course,Italian,Easy,Balanced,Dinner,11.0,21.0,32,11,9,6,520,35.0,59.4,9.7,4.1,6.5,6.6,649.0,,20.1,84.0,4.4,0,0,Gluten,55.5,6.73,High,Moderate,Mixed,Normal,Medium,4.33,6.0
100517,Stuffed Bell Peppers,فلفل محشي,Main Course,Mediterranean,Medium,Balanced,Dinner,16.0,35.0,51,11,9,6,336,24.9,43.9,10.8,4.8,7.1,9.1,,70.0,70.2,,3.1,0,0,Dairy,57.9,7.41,High,Low,Mixed,Normal,Medium,,2.0
100518,Chicken Shawarma Bowl,بول شاورما الدجاج,Main Course,Middle Eastern,Easy,High Protein,Dinner,25.0,13.0,38,8,9,1,516,40.9,39.3,15.1,,4.7,3.7,596.0,80.0,,61.0,3.3,0,0,None,52.3,7.93,Medium,Moderate,High Protein,Normal,Medium,4.5,2.0
100519,Salmon Teriyaki,سالمون تيرياكي,Main Course,Japanese,Easy,Omega 3 / Healthy,Dinner,11.0,13.0,24,8,9,4,445,36.0,24.9,15.9,4.9,,14.2,602.0,78.0,4.6,41.0,1.3,0,0,Nuts|Soy|Seafood,36.9,8.09,Medium,Moderate,High Protein,Normal,Medium,,4.0
100520,Chicken Tikka Masala,دجاج تيكا ماسالا,Main Course,Indian,Medium,Balanced,Dinner,26.0,31.0,57,13,11,4,401,34.1,25.5,16.7,5.8,3.5,6.7,580.0,82.0,15.5,70.0,,0,0,Dairy,47.3,8.5,Medium,Moderate,High Protein,Normal,Medium,4.5,
100521,Zucchini Noodles with Pesto,نودلز الكوسا بالبيستو,Main Course,Italian,Easy,Low Carb / Keto,Lunch,11.0,4.0,15,6,9,2,259,10.4,13.7,21.6,6.3,4.6,5.8,428.0,13.0,22.1,111.0,1.9,1,1,Nuts,48.8,4.02,Low,Low,Mixed,Overweight,Medium,4.0,7.0
100522,Energy Balls,كرات الطاقة,Snack,International,Easy,Healthy Snack,Snack,12.0,0.0,12,4,7,4,105,4.1,16.4,5.0,1.8,1.9,9.2,39.0,0.0,1.0,,0.9,0,1,Dairy|Gluten|Nuts,48.9,3.9,Low,Very Low,High Carb,Normal,Low,,8.0
100523,Chocolate Protein Balls,كرات بروتين بالشوكولاتة,Snack,International,Easy,Post Workout,Snack,19.0,0.0,19,4,7,1,83,4.6,13.0,4.2,1.1,1.5,5.7,41.0,0.0,3.4,22.0,,0,1,Dairy|Gluten|Nuts,51.8,5.54,Low,Very Low,Mixed,Normal,Low,,2.0
100524,Apple Peanut Butter,تفاح مع زبدة فول سوداني,Snack,International,Very Easy,Balanced Snack,Snack,2.0,0.0,2,1,3,2,205,6.6,25.8,10.2,4.4,,18.5,127.0,0.0,8.2,23.0,0.4,0,1,Dairy|Nuts,44.7,3.22,Medium,Low,High Carb,Normal,Low,4.6,5.0
100525,Trail Mix,مكسرات وفواكه مجففة,Snack,International,Very Easy,Energy Boost,Snack,2.0,0.0,2,0,6,2,357,9.6,41.7,21.6,9.4,5.0,21.5,71.0,0.0,1.6,,,1,1,Nuts,38.5,2.69,High,Low,Mixed,Normal,Low,3.5,2.0
100526,Strawberry Protein Smoothie,سموذي الفراولة والبروتين,Beverage,International,Very Easy,Muscle Gain / Post Workout,Anytime,4.0,0.0,4,1,6,6,282,28.5,40.4,4.3,1.5,4.1,24.8,137.0,11.0,90.4,180.0,1.3,0,1,Dairy,57.1,10.11,High,Low,Mixed,Normal,Low,3.67,3.0
100527,Green Detox Smoothie,سموذي أخضر,Beverage,International,Very Easy,Detox / Weight Loss,Anytime,6.0,0.0,6,1,7,6,179,-5.0,35.0,3.1,,5.7,18.2,97.0,,114.7,82.0,2.2,0,1,None,57.8,2.68,Medium,Very Low,High Carb,Overweight,Low,5.0,1.0
100528,Banana Peanut Butter Smoothie,سموذي الموز وزبدة الفول,Beverage,International,Very Easy,Pre Workout / Energy,Anytime,3.0,0.0,3,3,7,4,328,15.1,56.8,11.9,4.7,5.4,25.5,206.0,,9.9,209.0,1.4,0,1,Dairy|Gluten|Nuts,47.8,4.6,High,Low,High Carb,Normal,Low,4.5,
100529,Mango Turmeric Smoothie,سموذي المانجو والكركم,Beverage,International,Very Easy,Anti-Inflammatory,Anytime,6.0,0.0,6,2,7,4,1800,8.6,40.8,4.2,1.3,4.3,37.4,104.0,6.0,66.6,202.0,0.7,0,1,Dairy|Nuts,54.8,3.63,High,Low,High Carb,Normal,Low,,7.0
100530,Berry Antioxidant Smoothie,سموذي التوت المضاد للأكسدة,Beverage,International,Very Easy,Immunity Boost,Anytime,3.0,0.0,3,2,6,2,226,8.5,38.4,2.7,0.7,6.6,25.0,94.0,5.0,,171.0,1.1,0,1,Dairy|Nuts,59.2,,Medium,Low,High Carb,Normal,Low,4.0,
100531,Banana Nice Cream,آيس كريم الموز,Dessert,International,Very Easy,Healthy Dessert / Vegan,Dessert,4.0,0.0,4,2,2,2,106,2.1,25.6,0.5,0.2,3.1,18.2,2.0,0.0,12.9,6.0,0.3,1,1,None,49.3,,Medium,Very Low,High Carb,Normal,Low,,4.0
100532,Chia Pudding,بودنج الشيا,Dessert/Snack,International,Very Easy,High Fiber / Omega 3,Snack,12.0,0.0,12,3,5,6,245,9.0,37.1,11.0,3.2,11.4,13.7,119.0,6.0,4.4,,2.3,0,1,Dairy|Nuts,58.1,3.67,Medium,Low,High Carb,Normal,Low,4.22,9.0
100533,Baked Cinnamon Apples,تفاح مخبوز بالقرفة,Dessert,International,Very Easy,Healthy Dessert,Dessert,6.0,26.0,32,6,6,2,180,1.0,45.4,2.1,0.9,,31.2,8.0,0.0,6.6,20.0,0.4,0,1,Dairy|Gluten,51.1,0.56,High,Very Low,High Carb,Normal,Low,4.6,5.0
100534,Falafel Wrap,سندويتش فلافل,Main Course,Middle Eastern,Medium,Vegan / Protein,Dinner,21.0,18.0,39,12,11,1,541,17.1,64.5,14.6,6.5,13.8,4.7,593.0,0.0,17.4,123.0,,1,1,Gluten,54.9,3.16,High,Moderate,High Carb,Normal,Medium,,
100535,Tabbouleh Salad,سلطة التبولة,Salad,Middle Eastern,Easy,Light / Vegan,Lunch,13.0,0.0,13,6,9,4,155,4.9,26.3,7.5,3.3,4.9,3.5,416.0,0.0,43.2,65.0,2.6,1,1,Gluten,56.8,3.16,Medium,Very Low,High Carb,Normal,Medium,3.8,5.0
100536,Shakshuka,شكشوكة,Breakfast,Middle Eastern,Easy,Balanced,Breakfast,4.0,20.0,24,9,11,4,288,16.4,16.5,16.2,,4.7,7.3,500.0,319.0,,87.0,3.8,0,1,Eggs,50.1,5.69,Low,Low,Balanced Macro,Normal,Medium,3.88,8.0
100537,Meal Prep Chicken Rice,دجاج وأرز للميل بريب,Main Course,International,Easy,Muscle Gain / Meal Prep,Dinner,14.0,20.0,34,9,9,4,475,44.0,48.5,9.1,2.3,3.3,2.2,470.0,86.0,9.3,37.0,1.8,0,0,None,54.2,9.26,High,Moderate,High Protein,Normal,Medium,-1.0,4.0
100538,Overnight Oats 5 Ways,شوفان بالليل 5 وصفات,Breakfast,International,Very Easy,Meal Prep / Healthy,Breakfast,12.0,0.0,12,4,6,4,376,15.1,55.0,9.1,2.5,8.4,14.5,171.0,8.0,10.4,268.0,2.9,0,1,Dairy|Gluten,59.5,,High,Low,High Carb,Normal,Low,4.8,5.0
100539,Grilled Chicken Breast,صدر دجاج مشوي,Main Course,Mediterranean,Easy,High Protein / Weight Loss,Dinner,9.0,25.0,34,8,7,1,308,35.1,3.7,13.3,5.2,0.5,1.2,450.0,89.0,12.7,25.0,1.7,0,0,None,46.2,11.4,Low,Low,High Protein,Overweight,Low,3.5,4.0
100540,Egg White Omelette,عجة بياض البيض,Breakfast,International,Very Easy,High Protein / Low Cal,Breakfast,6.0,6.0,12,4,7,6,156,23.8,4.2,6.1,2.3,0.9,1.8,258.0,11.0,6.9,69.0,1.6,0,1,Eggs,54.7,15.26,Low,Very Low,High Protein,Normal,Low,4.2,5.0
100541,Tuna Salad Bowl,بول سلطة التونة,Salad,Mediterranean,Very Easy,Weight Loss,Lunch,7.0,0.0,7,3,7,1,216,25.3,8.5,6.7,2.3,3.1,4.1,593.0,39.0,20.4,36.0,1.8,0,0,Seafood,53.9,11.71,Low,Low,High Protein,Overweight,Low,1.0,
100542,Protein Pancakes,بانكيك البروتين,Breakfast,American,Very Easy,Muscle Gain,Breakfast,6.0,9.0,15,5,7,1,335,27.2,29.5,8.7,3.5,2.9,6.6,266.0,209.0,,176.0,2.1,0,1,Dairy|Eggs|Gluten,51.6,8.12,Medium,Low,High Protein,Underweight,Low,3.8,5.0
100543,Greek Yogurt Parfait,بارفيه الزبادي اليوناني,Snack,International,Very Easy,Healthy Snack,Snack,5.0,0.0,5,3,6,2,339,22.2,41.4,7.6,3.1,3.2,23.9,96.0,16.0,17.5,,1.3,0,1,Dairy,49.1,6.55,High,Low,Mixed,Normal,Low,3.67,6.0
100544,Chicken Vegetable Stir Fry,دجاج مقلي بالخضار,Main Course,Asian,Easy,Balanced,Dinner,,18.0,34,7,9,1,333,33.2,28.2,11.6,2.9,4.0,7.1,652.0,89.0,51.0,66.0,2.5,0,0,Nuts|Soy,55.5,9.97,Medium,Low,High Protein,Normal,Medium,3.17,
100545,Baked Salmon with Vegetables,سالمون مشوي بالخضار,Main Course,Western,Easy,Heart Health,Dinner,9.0,21.0,30,10,9,2,416,43.7,13.9,23.5,8.8,3.5,4.1,430.0,103.0,36.4,56.0,,0,0,Seafood,48.0,10.5,Low,Moderate,High Protein,Normal,Medium,4.0,6.0
100546,Turkey Lettuce Wraps,لفائف الخس بالديك الرومي,Light Meal,Asian,Easy,Keto / Low Carb,Lunch,9.0,10.0,19,7,8,4,267,26.8,7.6,11.3,4.2,1.7,3.0,481.0,74.0,,33.0,2.1,0,0,Dairy|Nuts|Soy,48.9,10.04,Low,Low,High Protein,Overweight,Low,4.33,
100547,Boiled Eggs with Avocado,بيض مسلوق مع أفوكادو,Breakfast,International,Very Easy,Keto,Breakfast,2.0,7.0,9,4,6,2,282,16.0,8.3,22.0,7.1,5.7,0.8,341.0,384.0,9.4,57.0,2.2,0,1,Eggs,52.4,5.67,Low,Low,Mixed,Overweight,Low,4.0,4.0
101928,Shrimp Stir Fry,روبيان مقلي,Main Course,Asian,Easy,High Protein / Low Cal,Dinner,12.0,10.0,22,8,9,1,301,29.8,16.4,9.8,,3.5,4.1,630.0,236.0,16.3,,,0,0,Nuts|Soy|Seafood,51.3,9.9,Low,Low,High Protein,Normal,Medium,4.0,3.0
100549,Quinoa Buddha Bowl,بودا بول الكينوا,Main Course,International,Medium,Vegan / Balanced,Dinner,15.0,15.0,30,11,9,4,477,19.7,60.4,14.2,6.1,10.2,7.4,364.0,0.0,51.0,109.0,4.6,1,1,None,59.0,4.13,High,Moderate,High Carb,Normal,Medium,4.25,4.0
100550,Lentil Soup,شوربة العدس,Soup,Middle Eastern,Easy,High Fiber / Budget,Lunch,11.0,37.0,48,11,11,2,258,19.0,44.7,4.0,1.6,13.2,4.2,535.0,0.0,14.2,80.0,5.1,1,1,None,63.6,7.36,Medium,Low,High Carb,Normal,Medium,4.6,5.0
100551,Veggie Omelette,عجة الخضار,Breakfast,International,Very Easy,Balanced,Breakfast,4.0,6.0,10,6,8,2,245,19.2,5.6,16.1,6.9,2.0,2.9,390.0,362.0,20.0,81.0,2.2,0,1,Eggs,46.1,7.84,Low,Low,High Protein,Normal,Low,3.33,3.0
100552,Hummus with Vegetables,حمص مع الخضار,Snack,Middle Eastern,Very Easy,Healthy Snack,Snack,11.0,0.0,11,4,9,4,235,9.7,19.9,9.2,,5.4,3.1,350.0,0.0,,100.0,3.6,1,1,None,56.7,4.13,Low,Low,Mixed,Normal,Medium,4.33,3.0
100553,Spinach Lentil Dal,عدس بالسبانخ,Main Course,Indian,Easy,High Iron / Vegan,Dinner,11.0,19.0,30,9,10,2,284,18.7,47.4,5.8,2.3,13.1,4.5,399.0,0.0,32.9,118.0,7.5,0,1,Dairy|Nuts,66.8,6.58,Medium,Low,High Carb,Normal,Medium,3.7,10.0
100554,Caprese Salad,سلطة كابريزي,Salad,Italian,Very Easy,Light / Healthy,Lunch,,0.0,6,3,7,4,235,12.2,6.4,16.0,5.1,0.4,3.2,391.0,41.0,23.6,,,1,1,None,45.2,5.19,Low,Low,Mixed,Normal,Low,5.0,5.0
100555,Overnight Oats,شوفان بالليل,Breakfast,International,Very Easy,Sustained Energy,Breakfast,6.0,0.0,6,5,8,2,356,13.7,61.0,9.8,4.2,6.1,21.2,167.0,5.0,6.8,233.0,2.9,0,1,Dairy|Gluten|Nuts,50.6,3.85,High,Low,High Carb,Normal,Low,,11.0
100556,Avocado Toast with Egg,توست الأفوكادو مع بيض,Breakfast,International,Very Easy,Balanced,Breakfast,5.0,5.0,10,4,8,4,430,15.2,30.6,20.3,5.9,7.1,1.8,369.0,203.0,9.6,66.0,2.6,0,1,Eggs|Gluten,55.4,3.53,Medium,Moderate,Mixed,Normal,Low,,6.0
100557,Black Bean Tacos,تاكو الفول الأسود,Main Course,Mexican,Easy,Vegan / Budget,Dinner,10.0,10.0,20,6,10,1,406,16.1,59.7,9.6,2.8,,4.3,651.0,0.0,21.4,131.0,5.4,1,1,None,60.3,3.97,High,Moderate,High Carb,Normal,Medium,4.2,15.0
100558,Mushroom Risotto,ريزوتو الفطر,Main Course,Italian,Medium,Comfort Food,Dinner,9.0,44.0,53,13,10,2,455,14.0,65.0,14.4,3.6,3.0,4.4,616.0,21.0,4.6,69.0,,0,1,Dairy,46.5,3.08,High,Moderate,High Carb,Normal,Medium,3.2,5.0
100559,Chicken Vegetable Soup,شوربة الدجاج بالخضار,Soup,International,Easy,Immunity / Recovery,Lunch,15.0,27.0,42,10,11,2,267,30.1,20.8,6.6,2.2,4.0,5.0,562.0,61.0,30.7,,2.3,0,0,None,56.9,11.27,Medium,Low,High Protein,Normal,Medium,4.5,6.0
100560,Tomato Basil Soup,شوربة الطماطم والريحان,Soup,Italian,Easy,Light / Vegan,Lunch,12.0,31.0,43,9,9,2,186,5.1,26.5,6.8,2.9,4.0,16.5,534.0,0.0,27.5,55.0,2.3,0,1,Dairy,45.9,2.74,Medium,Very Low,High Carb,Normal,Medium,5.0,1.0
100561,Minestrone Soup,شوربة مينستروني,Soup,Italian,Easy,High Fiber / Balanced,Lunch,14.0,28.0,42,11,10,4,283,11.9,39.9,6.9,2.9,7.8,7.1,608.0,5.0,20.3,74.0,3.2,1,1,Gluten,57.5,4.2,Medium,Low,High Carb,Normal,Medium,3.5,4.0
100562,Beef Stir Fry,لحم مقلي,Main Course,Asian,Easy,Muscle Gain,Dinner,19.0,13.0,32,7,10,4,365,38.0,24.8,17.3,6.5,3.3,4.9,756.0,88.0,15.4,40.0,3.6,0,0,Nuts|Soy,45.8,10.41,Medium,Low,High Protein,Underweight,Medium,4.33,3.0
100563,Lean Beef Rice Bowl,بول أرز باللحمة,Main Course,Asian Fusion,Easy,Muscle Gain / Bulking,Dinner,9.0,23.0,32,8,10,2,435,36.3,63.2,10.9,4.6,3.3,5.6,684.0,77.0,8.8,45.0,4.0,0,0,Nuts|Soy,47.6,8.34,High,Moderate,Mixed,Underweight,Medium,,6.0
100564,Turkey Meatballs,كرات ديك رومي,Main Course,Italian,Easy,High Protein,Dinner,18.0,23.0,41,10,8,1,319,29.8,17.5,13.8,5.3,2.0,2.7,410.0,82.0,7.3,51.0,2.6,0,0,Eggs|Gluten,47.8,9.34,Medium,Low,High Protein,Normal,Low,,5.0
100565,Whole Wheat Pasta Turkey,مكرونة قمح بالديك الرومي,Main Course,Italian,Easy,Balanced,Dinner,8.0,19.0,27,9,9,2,447,35.1,59.2,10.3,3.0,5.5,7.7,596.0,,17.2,86.0,4.4,0,0,Gluten,55.4,7.85,High,Moderate,Mixed,Normal,Medium,3.8,5.0
100566,Stuffed Bell Peppers,فلفل محشي,Main Course,Mediterranean,Medium,Balanced,Dinner,21.0,32.0,53,9,9,6,412,0.1,44.0,11.5,3.8,5.9,6.7,593.0,61.0,,,3.0,0,0,Dairy,56.8,5.73,High,Moderate,Mixed,Normal,Medium,4.5,2.0
100567,Chicken Shawarma Bowl,بول شاورما الدجاج,Main Course,Middle Eastern,Easy,High Protein,Dinner,23.0,15.0,38,6,9,6,481,41.4,44.2,14.6,4.1,4.9,4.1,497.0,85.0,16.9,69.0,2.6,0,0,None,54.6,8.61,High,Moderate,High Protein,Normal,Medium,4.8,
100568,Salmon Teriyaki,سالمون تيرياكي,Main Course,Japanese,Easy,Omega 3 / Healthy,Dinner,7.0,15.0,22,8,9,2,401,33.0,23.5,17.1,5.2,1.0,13.6,625.0,77.0,5.4,41.0,1.7,0,0,Nuts|Soy|Seafood,37.1,8.23,Medium,Moderate,High Protein,Normal,Medium,3.33,3.0
100569,Chicken Tikka Masala,دجاج تيكا ماسالا,Main Course,Indian,Medium,Balanced,Dinner,20.0,36.0,56,14,11,6,452,33.9,28.3,17.3,4.9,3.2,5.6,616.0,87.0,16.5,72.0,3.8,0,0,Dairy,48.1,7.5,Medium,Moderate,High Protein,Normal,Medium,4.5,
100570,Zucchini Noodles with Pesto,نودلز الكوسا بالبيستو,Main Course,Italian,Easy,Low Carb / Keto,Lunch,12.0,5.0,17,4,9,2,311,9.2,15.1,22.0,9.4,4.2,5.0,339.0,,23.0,112.0,,1,1,Nuts,44.3,2.96,Low,Low,Mixed,Overweight,Medium,4.0,6.0
100571,Energy Balls,كرات الطاقة,Snack,International,Easy,Healthy Snack,Snack,15.0,0.0,15,5,7,2,107,4.0,15.1,5.1,1.6,2.2,8.1,37.0,0.0,0.9,26.0,1.1,0,1,Dairy|Gluten|Nuts,50.3,3.74,Low,Very Low,High Carb,Normal,Low,4.5,4.0
100572,Chocolate Protein Balls,كرات بروتين بالشوكولاتة,Snack,International,Easy,Post Workout,Snack,16.0,0.0,16,3,7,4,86,4.6,11.9,3.7,1.2,1.6,6.2,35.0,0.0,3.5,,0.9,0,1,Dairy|Gluten|Nuts,51.6,5.35,Low,Very Low,Mixed,Normal,Low,4.25,8.0
100573,Apple Peanut Butter,تفاح مع زبدة فول سوداني,Snack,International,Very Easy,Balanced Snack,Snack,2.0,0.0,2,4,3,6,249,6.1,28.8,9.4,4.0,4.1,15.1,110.0,0.0,8.3,19.0,0.5,0,1,Dairy|Nuts,46.0,2.45,Medium,Low,High Carb,Normal,Low,4.67,3.0
100574,Trail Mix,مكسرات وفواكه مجففة,Snack,International,Very Easy,Energy Boost,Snack,3.0,0.0,3,1,6,4,347,9.0,36.0,22.6,6.7,5.9,20.9,71.0,0.0,,56.0,2.7,1,1,Nuts,44.4,2.59,Medium,Low,Mixed,Normal,Low,4.0,
100575,Strawberry Protein Smoothie,سموذي الفراولة والبروتين,Beverage,International,Very Easy,Muscle Gain / Post Workout,Anytime,4.0,0.0,4,2,6,4,279,25.4,37.8,3.8,,4.0,22.3,145.0,10.0,84.7,217.0,1.3,0,1,Dairy,56.8,9.1,Medium,Low,Mixed,Normal,Low,3.8,5.0
100576,Green Detox Smoothie,سموذي أخضر,Beverage,International,Very Easy,Detox / Weight Loss,Anytime,5.0,0.0,5,3,7,4,188,4.7,40.8,3.2,1.2,6.6,18.8,,,105.4,77.0,2.3,0,1,None,59.2,2.5,Medium,Very Low,High Carb,Overweight,Low,4.33,6.0
100577,Banana Peanut Butter Smoothie,سموذي الموز وزبدة الفول,Beverage,International,Very Easy,Pre Workout / Energy,Anytime,3.0,0.0,3,1,7,6,334,13.6,49.4,13.0,4.5,5.2,22.8,,11.0,14.1,230.0,1.6,0,1,Dairy|Gluten|Nuts,48.5,4.07,High,Low,High Carb,Normal,Low,2.5,2.0
100578,Mango Turmeric Smoothie,سموذي المانجو والكركم,Beverage,International,Very Easy,Anti-Inflammatory,Anytime,6.0,,6,4,7,2,258,8.2,44.4,3.7,1.3,3.8,33.4,128.0,4.0,,174.0,0.7,0,1,Dairy|Nuts,53.0,,High,Low,High Carb,Normal,Low,4.0,1.0
100579,Berry Antioxidant Smoothie,سموذي التوت المضاد للأكسدة,Beverage,International,Very Easy,Immunity Boost,Anytime,4.0,0.0,4,1,6,2,230,8.4,40.6,3.1,1.2,7.0,32.5,81.0,,42.7,,,0,1,Dairy|Nuts,59.2,,Medium,Low,High Carb,Normal,Low,4.4,5.0
100580,Banana Nice Cream,آيس كريم الموز,Dessert,International,Very Easy,Healthy Dessert / Vegan,Dessert,6.0,,6,3,2,1,128,1.8,27.7,0.5,0.2,2.6,16.0,2.0,0.0,11.8,7.0,0.3,1,1,None,49.0,1.41,Medium,Very Low,High Carb,Normal,Low,4.0,2.0
100581,Chia Pudding,بودنج الشيا,Dessert/Snack,International,Very Easy,High Fiber / Omega 3,Snack,12.0,0.0,12,2,5,2,248,9.2,35.6,11.2,4.5,14.5,19.0,,5.0,4.3,283.0,2.8,0,1,Dairy|Nuts,53.8,3.71,Medium,Low,High Carb,Normal,Low,5.0,
100582,Baked Cinnamon Apples,تفاح مخبوز بالقرفة,Dessert,International,Very Easy,Healthy Dessert,Dessert,4.0,20.0,24,7,6,2,170,1.0,40.2,1.9,0.6,5.1,30.9,9.0,0.0,8.3,19.0,0.5,0,1,Dairy|Gluten,50.8,0.59,High,Very Low,High Carb,Normal,Low,3.6,5.0
100583,Falafel Wrap,سندويتش فلافل,Main Course,Middle Eastern,Medium,Vegan / Protein,Dinner,24.0,18.0,42,11,11,2,413,19.2,60.6,16.1,4.4,10.6,4.3,649.0,0.0,13.5,119.0,5.2,1,1,Gluten,57.2,4.65,High,Moderate,High Carb,Normal,Medium,3.5,2.0
100584,Tabbouleh Salad,سلطة التبولة,Salad,Middle Eastern,Easy,Light / Vegan,Lunch,11.0,0.0,11,6,9,2,179,5.0,27.0,7.1,2.0,6.4,4.6,360.0,0.0,46.4,54.0,,1,1,Gluten,61.9,2.79,Medium,Very Low,High Carb,Normal,Medium,,3.0
100585,Shakshuka,شكشوكة,Breakfast,Middle Eastern,Easy,Balanced,Breakfast,,23.0,27,9,11,1,301,15.8,18.4,16.3,7.0,4.3,8.7,575.0,350.0,35.6,89.0,3.8,0,1,Eggs,47.0,5.25,Low,Low,Balanced Macro,Normal,Medium,4.75,4.0
100586,Meal Prep Chicken Rice,دجاج وأرز للميل بريب,Main Course,International,Easy,Muscle Gain / Meal Prep,Dinner,18.0,32.0,50,8,9,4,439,44.3,52.4,9.8,4.0,2.4,2.0,541.0,85.0,9.5,46.0,1.9,0,0,None,49.8,10.09,High,Moderate,High Protein,Normal,Medium,4.5,
100587,Overnight Oats 5 Ways,شوفان بالليل 5 وصفات,Breakfast,International,Very Easy,Meal Prep / Healthy,Breakfast,8.0,0.0,8,4,6,4,346,13.1,46.8,8.4,2.3,8.1,16.6,,8.0,11.1,204.0,2.2,0,1,Dairy|Gluten,58.0,3.79,High,Low,High Carb,Normal,Low,,6.0
100588,Grilled Chicken Breast,صدر دجاج مشوي,Main Course,Mediterranean,Easy,High Protein / Weight Loss,Dinner,8.0,23.0,31,8,7,1,328,41.1,4.1,14.9,5.2,0.5,1.3,,102.0,11.6,24.0,1.6,0,0,None,47.3,12.53,Low,Low,High Protein,Overweight,Low,4.0,7.0
100589,Egg White Omelette,عجة بياض البيض,Breakfast,International,Very Easy,High Protein / Low Cal,Breakfast,6.0,9.0,15,7,7,2,165,22.5,4.2,5.8,1.9,0.9,2.3,300.0,9.0,7.8,57.0,1.6,0,1,Eggs,53.8,13.64,Low,Very Low,High Protein,Normal,Low,2.67,
100590,Tuna Salad Bowl,بول سلطة التونة,Salad,Mediterranean,Very Easy,Weight Loss,Lunch,10.0,0.0,10,3,7,6,179,29.0,8.0,6.7,2.2,3.5,3.9,,44.0,20.1,38.0,,0,0,Seafood,58.2,16.2,Low,Very Low,High Protein,Overweight,Low,3.25,4.0
100591,Protein Pancakes,بانكيك البروتين,Breakfast,American,Very Easy,Muscle Gain,Breakfast,4.0,12.0,16,7,7,4,273,30.9,29.0,7.9,2.3,2.1,5.8,4200.0,202.0,2.3,205.0,1.8,0,1,Dairy|Eggs|Gluten,53.7,11.32,Medium,Low,High Protein,Underweight,Low,3.33,3.0
100592,Greek Yogurt Parfait,بارفيه الزبادي اليوناني,Snack,International,Very Easy,Healthy Snack,Snack,4.0,0.0,4,2,6,4,313,21.5,39.3,6.5,2.4,3.3,23.5,98.0,13.0,17.2,296.0,1.3,0,1,Dairy,50.8,6.87,High,Low,Mixed,Normal,Low,2.0,1.0
100593,Chicken Vegetable Stir Fry,دجاج مقلي بالخضار,Main Course,Asian,Easy,Balanced,Dinner,11.0,13.0,24,7,9,2,352,33.9,26.9,12.8,3.4,4.3,5.9,651.0,73.0,49.3,55.0,2.2,0,0,Nuts|Soy,55.4,9.63,Medium,Low,High Protein,Normal,Medium,3.33,3.0
100594,Baked Salmon with Vegetables,سالمون مشوي بالخضار,Main Course,Western,Easy,Heart Health,Dinner,12.0,,35,10,9,1,437,39.4,13.4,24.1,9.9,4.3,4.5,417.0,90.0,32.6,52.0,2.7,0,0,Seafood,47.0,9.02,Low,Moderate,High Protein,Normal,Medium,4.67,3.0
100595,Turkey Lettuce Wraps,لفائف الخس بالديك الرومي,Light Meal,Asian,Easy,Keto / Low Carb,Dinner,13.0,9.0,22,5,8,1,231,28.5,7.3,11.9,4.9,2.2,2.9,420.0,71.0,18.0,36.0,2.0,0,0,Dairy|Nuts|Soy,50.7,12.34,Low,Low,High Protein,Overweight,Low,4.5,4.0
100596,Boiled Eggs with Avocado,بيض مسلوق مع أفوكادو,Breakfast,International,Very Easy,Keto,Breakfast,2.0,11.0,13,5,6,4,308,15.9,9.5,23.7,7.2,7.1,0.9,289.0,362.0,,49.0,1.8,0,1,Eggs,54.8,,Low,Low,Mixed,Overweight,Low,3.5,2.0
100597,Shrimp Stir Fry,روبيان مقلي,Main Course,Asian,Easy,High Protein / Low Cal,Dinner,10.0,10.0,20,9,9,6,255,30.2,18.8,8.5,2.9,3.1,5.5,630.0,184.0,18.7,86.0,3.4,0,0,Nuts|Soy|Seafood,53.2,11.84,Medium,Low,High Protein,Normal,Medium,3.67,6.0
100598,Quinoa Buddha Bowl,بودا بول الكينوا,Main Course,International,Medium,Vegan / Balanced,Dinner,16.0,21.0,37,9,9,2,384,18.7,56.9,13.3,3.4,6.9,8.0,388.0,0.0,50.4,113.0,4.7,1,1,None,61.7,4.87,High,Low,High Carb,Normal,Medium,4.88,8.0
100599,Lentil Soup,شوربة العدس,Soup,Middle Eastern,Easy,High Fiber / Budget,Lunch,13.0,28.0,41,12,11,2,290,18.2,45.2,4.2,1.2,13.2,4.6,622.0,0.0,13.3,,5.6,1,1,None,62.9,6.28,Medium,Low,High Carb,Normal,Medium,4.0,2.0
100600,Veggie Omelette,عجة الخضار,Breakfast,International,Very Easy,Balanced,Breakfast,4.0,8.0,12,6,50,6,259,19.7,6.6,16.2,5.0,1.7,2.7,426.0,376.0,17.8,87.0,2.4,0,1,Eggs,47.9,7.61,Low,Low,High Protein,Normal,Low,4.0,5.0
100601,Hummus with Vegetables,حمص مع الخضار,Snack,Middle Eastern,Very Easy,Healthy Snack,Snack,,0.0,11,7,9,1,188,9.7,21.6,9.0,3.2,6.8,3.3,325.0,0.0,20.3,,3.3,1,1,None,61.0,5.16,Low,Very Low,Mixed,Normal,Medium,4.25,
100602,Spinach Lentil Dal,عدس بالسبانخ,Main Course,Indian,Easy,High Iron / Vegan,Dinner,8.0,23.0,31,10,10,2,330,18.8,54.5,5.8,2.5,12.6,4.1,416.0,0.0,34.2,108.0,6.7,0,1,Dairy|Nuts,65.7,5.7,High,Low,High Carb,Normal,Medium,3.33,3.0
100603,Caprese Salad,سلطة كابريزي,Salad,Italian,Very Easy,Light / Healthy,Lunch,5.0,0.0,5,3,7,2,218,12.5,5.6,14.8,6.4,0.4,3.2,389.0,42.0,,275.0,0.9,1,1,None,44.0,5.73,Low,Low,Mixed,Normal,Low,4.57,7.0
100604,Overnight Oats,شوفان بالليل,Breakfast,International,Very Easy,Sustained Energy,Breakfast,6.0,0.0,6,3,8,2,376,15.3,52.3,8.2,3.2,8.0,20.6,172.0,5.0,8.1,214.0,3.0,0,1,Dairy|Gluten|Nuts,55.0,4.07,High,Low,High Carb,Normal,Low,2.5,
100605,Avocado Toast with Egg,توست الأفوكادو مع بيض,Breakfast,International,Very Easy,Balanced,Breakfast,5.0,6.0,11,6,8,2,416,17.1,31.4,20.0,6.4,7.7,2.3,436.0,200.0,10.1,54.0,2.9,0,1,Eggs|Gluten,54.9,4.11,Medium,Moderate,Mixed,Normal,Low,3.86,7.0
100606,Black Bean Tacos,تاكو الفول الأسود,Main Course,Mexican,Easy,Vegan / Budget,Lunch,8.0,9.0,17,8,10,2,414,15.1,51.5,10.3,,11.6,4.6,589.0,0.0,,123.0,5.4,1,1,None,60.1,3.65,High,Moderate,High Carb,Normal,Medium,4.2,5.0
100607,Mushroom Risotto,ريزوتو الفطر,Main Course,Italian,Medium,Comfort Food,Dinner,9.0,39.0,48,12,10,2,412,15.1,68.9,14.6,4.3,2.8,4.3,592.0,19.0,3.8,83.0,2.6,0,1,Dairy,45.4,3.67,High,Moderate,High Carb,Normal,Medium,4.33,3.0
100608,Chicken Vegetable Soup,شوربة الدجاج بالخضار,Soup,International,Easy,Immunity / Recovery,Lunch,19.0,45.0,64,11,11,6,2200,25.3,21.4,7.0,2.4,4.6,5.0,5000.0,67.0,35.1,57.0,2.8,0,0,None,57.8,10.86,Medium,Low,High Protein,Normal,Medium,3.67,3.0
100609,Tomato Basil Soup,شوربة الطماطم والريحان,Soup,Italian,Easy,Light / Vegan,Lunch,12.0,29.0,41,9,9,2,201,4.5,30.5,6.8,2.8,3.7,12.5,448.0,0.0,34.9,66.0,2.2,0,1,Dairy,48.8,2.24,Medium,Low,High Carb,Normal,Medium,4.5,4.0
100610,Minestrone Soup,شوربة مينستروني,Soup,Italian,Easy,High Fiber / Balanced,Lunch,,36.0,55,8,10,2,311,11.7,38.1,7.2,3.1,10.6,6.0,540.0,5.0,22.4,,3.2,1,1,Gluten,58.5,3.76,Medium,Low,High Carb,Normal,Medium,0.1,3.0
100611,Beef Stir Fry,لحم مقلي,Main Course,Asian,Easy,Muscle Gain,Dinner,17.0,19.0,36,9,10,1,386,37.6,24.3,19.7,7.0,3.2,4.6,837.0,83.0,15.5,46.0,4.0,0,0,Nuts|Soy,44.1,9.74,Medium,Low,High Protein,Underweight,Medium,4.5,2.0
100612,Lean Beef Rice Bowl,بول أرز باللحمة,Main Course,Asian Fusion,Easy,Muscle Gain / Bulking,Dinner,8.0,20.0,28,11,10,6,463,37.0,54.5,11.1,4.2,2.9,4.4,729.0,85.0,9.8,52.0,4.1,0,0,Nuts|Soy,47.6,7.99,High,Moderate,Mixed,Underweight,Medium,4.0,3.0
100613,Turkey Meatballs,كرات ديك رومي,Main Course,Italian,Easy,High Protein,Dinner,13.0,22.0,35,8,8,2,390,30.4,17.7,13.4,5.4,2.1,2.8,478.0,,8.0,62.0,,0,0,Eggs|Gluten,46.3,,Medium,Low,High Protein,Normal,Low,4.4,5.0
100614,Whole Wheat Pasta Turkey,مكرونة قمح بالديك الرومي,Main Course,Italian,Easy,Balanced,Dinner,9.0,31.0,40,10,9,1,478,36.6,61.3,9.9,3.5,5.6,5.8,627.0,81.0,17.7,80.0,3.8,0,0,Gluten,55.1,7.66,High,Moderate,Mixed,Normal,Medium,2.67,3.0
100615,Stuffed Bell Peppers,فلفل محشي,Main Course,Mediterranean,Medium,Balanced,Dinner,16.0,28.0,44,11,9,2,401,26.1,39.6,12.4,4.3,5.6,7.0,504.0,71.0,89.0,56.0,3.4,0,0,Dairy,56.7,6.51,Medium,Moderate,Mixed,Normal,Medium,,4.0
100616,Chicken Shawarma Bowl,بول شاورما الدجاج,Main Course,Middle Eastern,Easy,High Protein,Dinner,23.0,11.0,34,9,9,2,433,36.5,43.9,14.9,5.8,4.6,3.7,591.0,98.0,17.8,,,0,0,None,50.7,8.43,High,Moderate,Balanced Macro,Normal,Medium,3.8,5.0
100617,Salmon Teriyaki,سالمون تيرياكي,Main Course,Japanese,Easy,Omega 3 / Healthy,Dinner,11.0,18.0,29,8,9,1,409,34.2,25.6,14.5,,1.0,11.4,590.0,83.0,4.7,40.0,1.6,0,0,Nuts|Soy|Seafood,38.8,8.36,Medium,Moderate,High Protein,Normal,Medium,4.29,7.0
100618,Chicken Tikka Masala,دجاج تيكا ماسالا,Main Course,Indian,Medium,Balanced,Dinner,15.0,22.0,37,13,11,4,455,31.3,30.6,18.7,7.6,2.7,7.2,595.0,,12.8,86.0,3.3,0,0,Dairy,41.7,6.88,Medium,Moderate,Balanced Macro,Normal,Medium,5.0,1.0
100619,Zucchini Noodles with Pesto,نودلز الكوسا بالبيستو,Main Course,Italian,Easy,Low Carb / Keto,Lunch,10.0,5.0,15,6,9,4,307,10.7,14.3,22.3,8.9,,4.9,360.0,13.0,22.2,133.0,2.1,1,1,Nuts,45.1,3.49,Low,Low,Mixed,Overweight,Medium,3.0,2.0
100620,Energy Balls,كرات الطاقة,Snack,International,Easy,Healthy Snack,Snack,17.0,0.0,17,2,7,1,135,4.0,17.2,4.7,2.0,,7.9,38.0,0.0,1.0,,1.1,0,1,Dairy|Gluten|Nuts,49.1,2.96,Medium,Very Low,High Carb,Normal,Low,4.14,7.0
100621,Chocolate Protein Balls,كرات بروتين بالشوكولاتة,Snack,International,Easy,Post Workout,Snack,18.0,0.0,18,3,7,1,107,5.0,10.8,3.9,1.6,1.2,6.0,44.0,,3.6,22.0,,0,1,Dairy|Gluten|Nuts,49.9,,Low,Very Low,Mixed,Normal,Low,4.5,4.0
100622,Apple Peanut Butter,تفاح مع زبدة فول سوداني,Snack,International,Very Easy,Balanced Snack,Snack,2.0,0.0,2,3,3,4,225,6.0,28.8,9.4,3.9,3.3,19.3,131.0,0.0,7.5,20.0,0.5,0,1,Dairy|Nuts,42.3,2.67,Medium,Low,High Carb,Normal,Low,4.5,4.0
100623,Trail Mix,مكسرات وفواكه مجففة,Snack,International,Very Easy,Energy Boost,Snack,2.0,0.0,2,2,6,2,424,9.8,36.4,24.6,,4.8,16.1,76.0,0.0,1.8,66.0,2.8,1,1,Nuts,39.2,,Medium,Moderate,Mixed,Normal,Low,,3.0
100624,Strawberry Protein Smoothie,سموذي الفراولة والبروتين,Beverage,International,Very Easy,Muscle Gain / Post Workout,Anytime,2.0,0.0,2,3,6,2,263,24.2,36.5,3.7,1.6,4.1,25.9,112.0,9.0,,195.0,1.1,0,1,Dairy,56.8,9.2,Medium,Low,Mixed,Normal,Low,4.0,5.0
100625,Green Detox Smoothie,سموذي أخضر,Beverage,International,Very Easy,Detox / Weight Loss,Anytime,6.0,0.0,6,1,7,2,195,4.5,40.9,3.3,0.9,5.1,23.6,3500.0,0.0,105.9,77.0,2.7,0,1,None,56.3,2.31,High,Very Low,High Carb,Overweight,Low,3.71,7.0
100626,Banana Peanut Butter Smoothie,سموذي الموز وزبدة الفول,Beverage,International,Very Easy,Pre Workout / Energy,Anytime,3.0,,3,2,7,4,381,14.2,52.2,11.2,2.8,4.4,32.9,193.0,10.0,10.8,177.0,1.5,0,1,Dairy|Gluten|Nuts,48.1,3.73,High,Low,High Carb,Normal,Low,4.09,11.0
100627,Mango Turmeric Smoothie,سموذي المانجو والكركم,Beverage,International,Very Easy,Anti-Inflammatory,Anytime,4.0,0.0,4,4,7,2,233,8.6,42.7,4.4,,4.5,31.2,133.0,6.0,54.6,209.0,0.8,0,1,Dairy|Nuts,55.2,3.69,High,Low,High Carb,Normal,Low,,5.0
100628,Berry Antioxidant Smoothie,سموذي التوت المضاد للأكسدة,Beverage,International,Very Easy,Immunity Boost,Anytime,2.0,0.0,2,4,6,2,199,7.2,42.2,2.8,1.2,5.9,22.8,93.0,5.0,34.8,151.0,0.9,0,1,Dairy|Nuts,56.3,3.62,High,Very Low,High Carb,Normal,Low,3.67,3.0
100629,Banana Nice Cream,آيس كريم الموز,Dessert,International,Very Easy,Healthy Dessert / Vegan,Dessert,6.0,0.0,6,3,2,2,115,2.2,29.6,0.5,0.2,2.6,15.4,2.0,0.0,13.8,7.0,0.3,1,1,None,49.7,1.91,Medium,Very Low,High Carb,Normal,Low,4.0,5.0
100630,Chia Pudding,بودنج الشيا,Dessert/Snack,International,Very Easy,High Fiber / Omega 3,Snack,13.0,0.0,13,3,5,4,251,9.0,36.7,11.0,3.3,16.7,13.5,139.0,5.0,3.2,248.0,2.8,0,1,Dairy|Nuts,57.9,3.59,Medium,Low,High Carb,Normal,Low,3.4,5.0
100631,Baked Cinnamon Apples,تفاح مخبوز بالقرفة,Dessert,International,Very Easy,Healthy Dessert,Dessert,4.0,21.0,25,5,6,2,188,1.0,43.0,2.1,0.6,5.0,35.2,9.0,0.0,8.7,19.0,0.5,0,1,Dairy|Gluten,50.6,0.53,High,Very Low,High Carb,Normal,Low,5.0,1.0
100632,Falafel Wrap,سندويتش فلافل,Main Course,Middle Eastern,Medium,Vegan / Protein,Dinner,25.0,17.0,42,12,11,1,435,18.6,59.9,17.5,7.2,12.8,4.0,696.0,0.0,16.4,133.0,6.4,1,1,Gluten,53.5,4.28,High,Moderate,High Carb,Normal,Medium,3.4,5.0
100633,Tabbouleh Salad,سلطة التبولة,Salad,Middle Eastern,Easy,Light / Vegan,Lunch,11.0,0.0,11,6,9,4,196,5.5,25.3,7.2,2.7,6.8,3.6,368.0,0.0,36.2,59.0,3.2,1,1,Gluten,61.3,2.81,Medium,Very Low,High Carb,Normal,Medium,2.86,7.0
100634,Shakshuka,شكشوكة,Breakfast,Middle Eastern,Easy,Balanced,Breakfast,6.0,18.0,24,6,11,1,266,17.3,17.1,17.0,7.6,4.0,8.2,608.0,364.0,24.3,81.0,3.1,0,1,Eggs,44.5,6.5,Low,Low,Balanced Macro,Normal,Medium,4.67,
100635,Meal Prep Chicken Rice,دجاج وأرز للميل بريب,Main Course,International,Easy,Muscle Gain / Meal Prep,Dinner,19.0,32.0,51,8,9,2,399,43.8,44.4,9.7,3.6,2.9,2.0,543.0,82.0,6.5,43.0,1.9,0,0,None,51.5,10.98,High,Low,High Protein,Normal,Medium,4.0,5.0
100636,Overnight Oats 5 Ways,شوفان بالليل 5 وصفات,Breakfast,International,Very Easy,Meal Prep / Healthy,Breakfast,8.0,0.0,8,4,6,4,357,14.1,47.3,9.1,2.8,7.1,19.4,184.0,7.0,11.8,,2.8,0,1,Dairy|Gluten,55.5,3.95,High,Low,High Carb,Normal,Low,4.0,10.0
100637,Grilled Chicken Breast,صدر دجاج مشوي,Main Course,Mediterranean,Easy,High Protein / Weight Loss,Dinner,7.0,17.0,24,8,7,2,291,41.0,4.4,15.1,4.2,0.5,1.0,475.0,,14.2,22.0,1.8,0,0,None,49.0,14.09,Low,Low,High Protein,Overweight,Low,4.0,3.0
100638,Egg White Omelette,عجة بياض البيض,Breakfast,International,Very Easy,High Protein / Low Cal,Breakfast,4.0,8.0,12,6,7,2,194,23.4,4.4,5.7,,1.1,2.1,281.0,9.0,8.8,68.0,1.3,0,1,Eggs,53.7,,Low,Very Low,High Protein,Normal,Low,4.83,6.0
100639,Tuna Salad Bowl,بول سلطة التونة,Salad,Mediterranean,Very Easy,Weight Loss,Lunch,11.0,0.0,11,6,7,1,205,25.3,7.4,6.7,2.9,2.5,4.7,515.0,45.0,27.5,43.0,2.2,0,0,Seafood,53.6,12.34,Low,Low,High Protein,Overweight,Low,4.62,8.0
100640,Protein Pancakes,بانكيك البروتين,Breakfast,American,Very Easy,Muscle Gain,Breakfast,6.0,12.0,18,5,7,4,309,32.3,25.8,7.9,3.0,2.6,6.9,296.0,196.0,2.1,173.0,,0,1,Dairy|Eggs|Gluten,52.6,10.45,Medium,Low,High Protein,Underweight,Low,2.67,3.0
100641,Greek Yogurt Parfait,بارفيه الزبادي اليوناني,Snack,International,Very Easy,Healthy Snack,Snack,5.0,0.0,5,2,6,2,303,22.6,40.8,6.7,2.3,3.8,18.2,88.0,,14.9,308.0,1.4,0,1,Dairy,53.2,7.46,High,Low,Mixed,Normal,Low,4.33,3.0
100642,Chicken Vegetable Stir Fry,دجاج مقلي بالخضار,Main Course,Asian,Easy,Balanced,Dinner,19.0,14.0,33,7,9,4,335,37.0,29.2,12.1,5.2,4.8,6.5,684.0,75.0,49.8,57.0,2.6,0,0,Nuts|Soy,54.1,,Medium,Low,High Protein,Normal,Medium,,2.0
100643,Baked Salmon with Vegetables,سالمون مشوي بالخضار,Main Course,Western,Easy,Heart Health,Dinner,7.0,19.0,26,7,9,1,460,41.7,12.7,22.6,7.5,3.9,4.9,421.0,86.0,42.1,47.0,2.3,0,0,Seafood,50.3,9.07,Low,Moderate,High Protein,Normal,Medium,3.33,3.0
100644,Turkey Lettuce Wraps,لفائف الخس بالديك الرومي,Light Meal,Asian,Easy,Keto / Low Carb,Lunch,10.0,7.0,17,7,8,4,256,27.8,7.6,11.7,3.9,1.9,3.6,453.0,64.0,16.6,35.0,1.9,0,0,Dairy|Nuts|Soy,50.0,10.86,Low,Low,High Protein,Overweight,Low,3.25,4.0
100645,Boiled Eggs with Avocado,بيض مسلوق مع أفوكادو,Breakfast,International,Very Easy,Keto,Breakfast,3.0,9.0,12,3,6,6,347,15.0,9.0,22.0,6.7,6.1,0.8,338.0,351.0,10.0,45.0,1.9,0,1,Eggs,52.9,4.32,Low,Low,Mixed,Overweight,Low,3.8,5.0
100646,Shrimp Stir Fry,روبيان مقلي,Main Course,Asian,Easy,High Protein / Low Cal,Dinner,10.0,12.0,22,7,9,4,277,34.0,19.4,9.5,4.0,3.6,4.6,539.0,228.0,17.6,79.0,3.6,0,0,Nuts|Soy|Seafood,54.0,12.27,Medium,Low,High Protein,Normal,Medium,4.0,3.0
100647,Quinoa Buddha Bowl,بودا بول الكينوا,Main Course,International,Medium,Vegan / Balanced,Dinner,17.0,25.0,42,8,9,6,464,16.7,53.2,13.6,4.1,7.3,6.7,375.0,0.0,44.9,122.0,4.7,1,1,None,61.2,3.6,High,Moderate,High Carb,Normal,Medium,5.0,
100648,Lentil Soup,شوربة العدس,Soup,Middle Eastern,Easy,High Fiber / Budget,Lunch,9.0,38.0,47,12,11,4,257,18.7,43.4,4.3,1.4,11.7,5.6,518.0,0.0,13.2,72.0,5.5,1,1,None,63.3,7.28,Medium,Low,High Carb,Normal,Medium,4.25,8.0
100649,Veggie Omelette,عجة الخضار,Breakfast,International,Very Easy,Balanced,Breakfast,6.0,6.0,12,5,8,6,258,18.7,6.6,17.0,6.9,1.6,2.8,426.0,344.0,20.3,80.0,2.5,0,1,Eggs,44.9,7.25,Low,Low,High Protein,Normal,Low,4.17,6.0
100650,Hummus with Vegetables,حمص مع الخضار,Snack,Middle Eastern,Very Easy,Healthy Snack,Snack,12.0,0.0,12,4,9,6,212,8.3,23.4,9.5,2.4,5.6,3.2,354.0,0.0,25.9,78.0,3.7,1,1,None,59.6,3.92,Medium,Low,Mixed,Normal,Medium,5.0,1.0
100651,Spinach Lentil Dal,عدس بالسبانخ,Main Course,Indian,Easy,High Iron / Vegan,Dinner,11.0,26.0,37,10,10,2,326,16.4,48.5,6.4,2.0,12.0,4.3,365.0,0.0,25.6,116.0,7.3,0,1,Dairy|Nuts,66.1,5.03,High,Low,High Carb,Normal,Medium,,2.0
100652,Caprese Salad,سلطة كابريزي,Salad,Italian,Very Easy,Light / Healthy,Lunch,4.0,,4,4,7,2,209,12.2,6.5,17.4,4.9,0.4,4.1,401.0,43.0,,217.0,0.8,1,1,None,44.5,5.84,Low,Low,Mixed,Normal,Low,,
100653,Overnight Oats,شوفان بالليل,Breakfast,International,Very Easy,Sustained Energy,Breakfast,4.0,0.0,4,6,8,2,351,220.0,61.0,8.4,2.6,6.5,19.1,150.0,5.0,7.9,276.0,2.7,0,1,Dairy|Gluten|Nuts,55.0,4.07,High,Low,High Carb,Normal,Low,4.2,5.0
100654,Avocado Toast with Egg,توست الأفوكادو مع بيض,Breakfast,International,Very Easy,Balanced,Breakfast,5.0,5.0,10,6,8,1,404,17.2,30.0,20.6,5.2,7.7,1.8,481.0,161.0,12.3,63.0,2.6,0,1,Eggs|Gluten,56.8,4.26,Medium,Moderate,Balanced Macro,Normal,Low,,6.0
100655,Black Bean Tacos,تاكو الفول الأسود,Main Course,Mexican,Easy,Vegan / Budget,Lunch,8.0,11.0,19,6,10,2,324,15.6,50.7,10.8,4.6,14.4,4.6,671.0,0.0,21.0,124.0,5.1,1,1,None,57.4,4.81,High,Low,High Carb,Normal,Medium,,3.0
100656,Mushroom Risotto,ريزوتو الفطر,Main Course,Italian,Medium,Comfort Food,Dinner,8.0,44.0,52,13,10,4,481,14.9,67.3,14.3,4.0,3.5,4.6,631.0,21.0,3.5,70.0,2.7,0,1,Dairy,46.3,,High,Moderate,High Carb,Normal,Medium,3.17,6.0
100657,Chicken Vegetable Soup,شوربة الدجاج بالخضار,Soup,International,Easy,Immunity / Recovery,Lunch,14.0,32.0,46,10,11,1,294,30.4,22.2,6.8,2.8,3.9,4.2,630.0,60.0,24.7,,2.5,0,0,None,54.7,10.34,Medium,Low,High Protein,Normal,Medium,4.5,2.0
100658,Tomato Basil Soup,شوربة الطماطم والريحان,Soup,Italian,Easy,Light / Vegan,Lunch,12.0,27.0,39,7,100,6,199,4.6,28.9,7.6,2.6,4.1,15.1,483.0,0.0,31.5,,1.9,0,1,Dairy,47.8,,Medium,Very Low,High Carb,Normal,Medium,4.0,7.0
100659,Minestrone Soup,شوربة مينستروني,Soup,Italian,Easy,High Fiber / Balanced,Lunch,17.0,30.0,47,8,10,1,256,12.1,42.9,6.7,1.7,10.8,6.6,627.0,,25.7,72.0,3.3,1,1,Gluten,60.2,4.73,Medium,Low,High Carb,Normal,Medium,4.4,
100660,Beef Stir Fry,لحم مقلي,Main Course,Asian,Easy,Muscle Gain,Dinner,,15.0,32,9,10,4,363,34.6,24.4,19.7,5.8,2.9,5.7,867.0,78.0,13.3,44.0,3.6,0,0,Nuts|Soy,43.9,9.53,Medium,Low,High Protein,Underweight,Medium,4.5,4.0
100661,Lean Beef Rice Bowl,بول أرز باللحمة,Main Course,Asian Fusion,Easy,Muscle Gain / Bulking,Dinner,11.0,25.0,36,10,10,2,427,33.9,54.6,12.3,3.4,2.8,5.8,657.0,88.0,9.5,55.0,3.5,0,0,Nuts|Soy,48.2,7.94,High,Moderate,Mixed,Underweight,Medium,4.6,5.0
100662,Turkey Meatballs,كرات ديك رومي,Main Course,Italian,Easy,High Protein,Dinner,19.0,,720,7,8,1,352,30.5,19.5,14.5,4.4,2.2,3.5,453.0,91.0,9.1,54.0,2.7,0,0,Eggs|Gluten,48.7,8.66,Medium,Low,High Protein,Normal,Low,4.2,15.0
100663,Whole Wheat Pasta Turkey,مكرونة قمح بالديك الرومي,Main Course,Italian,Easy,Balanced,Dinner,8.0,31.0,39,10,9,2,498,37.2,58.2,9.9,3.9,6.9,6.2,666.0,68.0,21.9,91.0,4.3,0,0,Gluten,57.2,7.47,High,Moderate,Mixed,Normal,Medium,5.0,2.0
100664,Stuffed Bell Peppers,فلفل محشي,Main Course,Mediterranean,Medium,Balanced,Dinner,25.0,36.0,61,9,9,1,384,23.0,42.6,11.1,3.2,5.1,9.0,580.0,64.0,67.5,55.0,3.3,0,0,Dairy,55.3,5.99,High,Low,Mixed,Normal,Medium,4.5,2.0
100665,Chicken Shawarma Bowl,بول شاورما الدجاج,Main Course,Middle Eastern,Easy,High Protein,Dinner,23.0,12.0,35,8,9,6,415,38.9,41.5,13.0,3.7,5.2,3.3,655.0,,12.9,66.0,2.8,0,0,None,54.7,,High,Moderate,High Protein,Normal,Medium,4.6,5.0
100666,Salmon Teriyaki,سالمون تيرياكي,Main Course,Japanese,Easy,Omega 3 / Healthy,Dinner,8.0,16.0,24,9,9,1,355,37.0,23.5,14.9,4.7,0.9,9.9,525.0,93.0,,36.0,,0,0,Nuts|Soy|Seafood,41.3,10.42,Medium,Low,High Protein,Normal,Medium,4.4,5.0
100667,Chicken Tikka Masala,دجاج تيكا ماسالا,Main Course,Indian,Medium,Balanced,Dinner,,23.0,39,14,11,1,443,31.4,28.2,18.4,,2.6,7.0,557.0,78.0,14.3,,3.9,0,0,Dairy,42.8,7.09,Medium,Moderate,High Protein,Normal,Medium,,1.0
100668,Zucchini Noodles with Pesto,نودلز الكوسا بالبيستو,Main Course,Italian,Easy,Low Carb / Keto,Lunch,11.0,5.0,16,7,9,4,285,9.1,14.4,23.8,6.7,4.7,5.3,355.0,14.0,23.9,118.0,2.3,1,1,Nuts,49.5,3.19,Low,Low,High Fat / Keto,Overweight,Medium,4.14,7.0
100669,Energy Balls,كرات الطاقة,Snack,International,Easy,Healthy Snack,Snack,17.0,0.0,17,2,7,4,110,3.8,16.7,5.5,,,7.2,36.0,,1.0,,,0,1,Dairy|Gluten|Nuts,49.0,3.45,Low,Very Low,High Carb,Normal,Low,,3.0
100670,Chocolate Protein Balls,كرات بروتين بالشوكولاتة,Snack,International,Easy,Post Workout,Snack,,0.0,14,4,7,4,87,4.9,12.9,4.0,1.6,1.5,7.1,40.0,0.0,3.1,23.0,0.9,0,1,Dairy|Gluten|Nuts,50.5,5.63,Low,Very Low,Mixed,Normal,Low,4.0,3.0
100671,Apple Peanut Butter,تفاح مع زبدة فول سوداني,Snack,International,Very Easy,Balanced Snack,Snack,2.0,0.0,2,4,3,2,246,6.1,29.5,9.8,3.5,4.2,15.9,107.0,0.0,8.2,18.0,0.5,0,1,Dairy|Nuts,46.6,2.48,Medium,Low,High Carb,Normal,Low,4.25,4.0
100672,Trail Mix,مكسرات وفواكه مجففة,Snack,International,Very Easy,Energy Boost,Snack,3.0,0.0,3,1,6,1,431,9.0,35.8,24.3,,4.3,23.9,,0.0,,53.0,2.8,1,1,Nuts,39.6,2.09,Medium,Moderate,Mixed,Normal,Low,4.4,5.0
100673,Strawberry Protein Smoothie,سموذي الفراولة والبروتين,Beverage,International,Very Easy,Muscle Gain / Post Workout,Anytime,3.0,0.0,3,2,6,6,305,27.5,34.9,3.6,1.5,,18.1,144.0,11.0,80.3,225.0,,0,1,Dairy,58.8,9.02,Medium,Low,High Protein,Normal,Low,,4.0
100674,Green Detox Smoothie,سموذي أخضر,Beverage,International,Very Easy,Detox / Weight Loss,Anytime,4.0,0.0,4,4,7,6,171,4.7,36.5,3.2,0.9,5.2,23.0,90.0,0.0,139.4,91.0,2.6,0,1,None,56.7,2.75,Medium,Very Low,High Carb,Overweight,Low,,2.0
100675,Banana Peanut Butter Smoothie,سموذي الموز وزبدة الفول,Beverage,International,Very Easy,Pre Workout / Energy,Anytime,4.0,0.0,4,2,7,4,334,12.7,56.0,11.9,5.3,5.0,31.0,185.0,11.0,14.1,204.0,1.7,0,1,Dairy|Gluten|Nuts,46.4,3.8,High,Low,High Carb,Normal,Low,4.0,2.0
100676,Mango Turmeric Smoothie,سموذي المانجو والكركم,Beverage,International,Very Easy,Anti-Inflammatory,Anytime,6.0,0.0,6,1,7,4,209,7.4,42.2,3.9,1.7,3.4,38.3,130.0,6.0,59.9,207.0,,0,1,Dairy|Nuts,52.2,3.54,High,Low,High Carb,Normal,Low,4.0,8.0
100677,Berry Antioxidant Smoothie,سموذي التوت المضاد للأكسدة,Beverage,International,Very Easy,Immunity Boost,Anytime,2.0,0.0,2,4,6,1,243,7.5,40.2,3.0,0.8,7.0,27.9,101.0,4.0,44.0,,1.0,0,1,Dairy|Nuts,59.9,3.09,Medium,Low,High Carb,Normal,Low,4.6,
100678,Banana Nice Cream,آيس كريم الموز,Dessert,International,Very Easy,Healthy Dessert / Vegan,Dessert,5.0,0.0,5,4,2,4,107,2.2,28.7,0.5,0.2,2.4,15.2,2.0,0.0,13.7,7.0,,1,1,None,49.5,2.06,Medium,Very Low,High Carb,Normal,Low,5.0,1.0
100679,Chia Pudding,بودنج الشيا,Dessert/Snack,International,Very Easy,High Fiber / Omega 3,Snack,11.0,0.0,11,2,5,2,298,10.1,33.9,11.4,3.2,,18.7,123.0,5.0,3.4,218.0,2.4,0,1,Dairy|Nuts,55.0,3.39,Medium,Low,High Carb,Normal,Low,4.17,6.0
100680,Baked Cinnamon Apples,تفاح مخبوز بالقرفة,Dessert,International,Very Easy,Healthy Dessert,Dessert,4.0,27.0,31,6,6,1,195,1.1,37.9,1.8,0.7,5.6,36.7,8.0,0.0,6.8,21.0,0.5,0,1,Dairy|Gluten,51.5,0.56,Medium,Very Low,High Carb,Normal,Low,4.14,7.0
100681,Falafel Wrap,سندويتش فلافل,Main Course,Middle Eastern,Medium,Vegan / Protein,Dinner,19.0,16.0,35,10,11,1,435,18.8,56.9,15.8,6.7,12.9,3.5,724.0,0.0,13.1,112.0,6.3,1,1,Gluten,53.7,4.32,High,Moderate,High Carb,Normal,Medium,,
100682,Tabbouleh Salad,سلطة التبولة,Salad,Middle Eastern,Easy,Light / Vegan,Lunch,12.0,0.0,12,4,9,4,177,5.0,25.6,7.7,2.4,5.4,4.6,,0.0,35.6,58.0,3.3,1,1,Gluten,58.2,2.82,Medium,Very Low,High Carb,Normal,Medium,,1.0
100683,Shakshuka,شكشوكة,Breakfast,Middle Eastern,Easy,Balanced,Breakfast,6.0,17.0,23,6,11,6,281,15.3,17.7,17.0,4.5,4.4,8.1,607.0,355.0,32.8,83.0,3.8,0,1,Eggs,50.7,5.44,Low,Low,Balanced Macro,Normal,Medium,3.67,9.0
100684,Meal Prep Chicken Rice,دجاج وأرز للميل بريب,Main Course,International,Easy,Muscle Gain / Meal Prep,Dinner,17.0,18.0,35,9,9,2,384,44.1,44.0,10.2,3.2,3.5,1.9,506.0,97.0,7.9,40.0,2.2,0,0,None,54.2,,High,Low,High Protein,Normal,Medium,4.25,4.0
100685,Overnight Oats 5 Ways,شوفان بالليل 5 وصفات,Breakfast,International,Very Easy,Meal Prep / Healthy,Breakfast,13.0,0.0,13,4,6,2,321,13.1,54.0,8.8,2.8,8.1,16.7,174.0,9.0,9.7,206.0,2.2,0,1,Dairy|Gluten,56.9,4.08,High,Low,High Carb,Normal,Low,,
100686,Grilled Chicken Breast,صدر دجاج مشوي,Main Course,Mediterranean,Easy,High Protein / Weight Loss,Dinner,8.0,19.0,27,8,7,2,301,34.3,4.2,14.5,4.4,0.4,1.2,380.0,95.0,10.4,27.0,2.0,0,0,None,47.8,11.4,Low,Low,High Protein,Overweight,Low,2.0,1.0
100687,Egg White Omelette,عجة بياض البيض,Breakfast,International,Very Easy,High Protein / Low Cal,Breakfast,6.0,5.0,11,7,7,2,179,23.0,3.9,6.5,2.3,0.9,2.4,252.0,9.0,8.1,60.0,1.4,0,1,Eggs,53.2,12.85,Low,Very Low,High Protein,Normal,Low,4.4,5.0
100688,Tuna Salad Bowl,بول سلطة التونة,Salad,Mediterranean,Very Easy,Weight Loss,Lunch,9.0,0.0,9,6,7,4,197,27.1,7.7,7.2,2.1,3.1,4.7,525.0,,24.2,37.0,1.9,0,0,Seafood,56.1,13.76,Low,Very Low,High Protein,Overweight,Low,5.0,2.0
100689,Protein Pancakes,بانكيك البروتين,Breakfast,American,Very Easy,Muscle Gain,Breakfast,6.0,13.0,19,6,7,2,333,32.4,27.9,7.6,2.0,2.3,6.7,297.0,189.0,2.0,154.0,2.0,0,1,Dairy|Eggs|Gluten,52.9,9.73,Medium,Low,High Protein,Underweight,Low,4.67,6.0
100690,Greek Yogurt Parfait,بارفيه الزبادي اليوناني,Snack,International,Very Easy,Healthy Snack,Snack,5.0,0.0,5,3,6,2,321,20.2,37.9,7.1,2.7,4.0,23.7,88.0,15.0,13.3,255.0,1.4,0,1,Dairy,50.8,6.29,Medium,Low,Mixed,Normal,Low,4.43,7.0
100691,Chicken Vegetable Stir Fry,دجاج مقلي بالخضار,Main Course,Asian,Easy,Balanced,Dinner,12.0,19.0,31,9,9,4,8,38.2,27.9,11.6,4.7,4.8,6.0,743.0,91.0,39.5,65.0,2.3,0,0,Nuts|Soy,52.5,9.27,Medium,Moderate,High Protein,Normal,Medium,4.75,4.0
100692,Baked Salmon with Vegetables,سالمون مشوي بالخضار,Main Course,Western,Easy,Heart Health,Dinner,10.0,18.0,28,10,9,6,445,42.8,13.4,20.7,6.3,3.7,4.1,396.0,98.0,44.1,44.0,2.3,0,0,Seafood,52.7,9.62,Low,Moderate,High Protein,Normal,Medium,4.71,
100693,Turkey Lettuce Wraps,لفائف الخس بالديك الرومي,Light Meal,Asian,Easy,Keto / Low Carb,Dinner,8.0,12.0,20,5,8,2,225,26.4,7.7,9.9,2.5,1.6,2.8,487.0,73.0,14.4,33.0,2.2,0,0,Dairy|Nuts|Soy,51.9,11.73,Low,Low,High Protein,Overweight,Low,,
100694,Boiled Eggs with Avocado,بيض مسلوق مع أفوكادو,Breakfast,International,Very Easy,Keto,Breakfast,,8.0,720,4,6,1,303,16.8,8.2,24.1,7.7,7.1,0.9,310.0,326.0,9.4,48.0,1.7,0,1,Eggs,54.1,5.54,Low,Low,Mixed,Overweight,Low,5.0,1.0
100695,Shrimp Stir Fry,روبيان مقلي,Main Course,Asian,Easy,High Protein / Low Cal,Dinner,12.0,10.0,22,7,9,1,289,32.3,18.1,9.3,2.7,2.9,4.3,669.0,,20.5,78.0,3.9,0,0,Nuts|Soy|Seafood,53.3,11.18,Medium,Low,High Protein,Normal,Medium,,3.0
100696,Quinoa Buddha Bowl,بودا بول الكينوا,Main Course,International,Medium,Vegan / Balanced,Dinner,16.0,19.0,35,11,9,2,362,18.9,59.9,15.3,3.9,,6.5,329.0,0.0,,104.0,4.1,1,1,None,62.9,5.22,High,Low,High Carb,Normal,Medium,3.0,4.0
100697,Lentil Soup,شوربة العدس,Soup,Middle Eastern,Easy,High Fiber / Budget,Lunch,8.0,31.0,39,11,11,2,287,16.2,47.9,4.1,1.3,11.4,5.8,522.0,0.0,13.2,,5.2,1,1,None,62.5,5.64,High,Low,High Carb,Normal,Medium,3.88,8.0
100698,Veggie Omelette,عجة الخضار,Breakfast,International,Very Easy,Balanced,Breakfast,4.0,5.0,9,5,8,2,232,18.5,5.9,15.8,5.8,,3.2,411.0,398.0,18.4,,2.0,0,1,Eggs,47.6,7.97,Low,Low,High Protein,Normal,Low,5.0,3.0
100699,Hummus with Vegetables,حمص مع الخضار,Snack,Middle Eastern,Very Easy,Healthy Snack,Snack,9.0,0.0,9,5,9,6,201,8.2,22.6,10.1,,6.9,2.7,311.0,0.0,23.3,103.0,3.3,1,1,None,62.0,4.08,Medium,Low,Mixed,Normal,Medium,4.0,7.0
100700,Spinach Lentil Dal,عدس بالسبانخ,Main Course,Indian,Easy,High Iron / Vegan,Dinner,7.0,18.0,25,9,10,2,318,18.3,53.0,6.2,2.0,16.5,3.3,,0.0,32.7,137.0,6.2,0,1,Dairy|Nuts,67.3,5.75,High,Low,High Carb,Normal,Medium,4.0,3.0
100701,Caprese Salad,سلطة كابريزي,Salad,Italian,Very Easy,Light / Healthy,Lunch,4.0,0.0,4,2,7,1,251,12.6,5.8,15.3,4.4,0.5,3.7,327.0,45.0,22.3,279.0,0.9,1,1,None,47.3,5.02,Low,Low,Mixed,Normal,Low,4.56,9.0
100702,Overnight Oats,شوفان بالليل,Breakfast,International,Very Easy,Sustained Energy,Breakfast,5.0,0.0,5,3,8,1,333,13.3,62.3,9.1,2.6,7.7,16.3,159.0,5.0,6.5,245.0,,0,1,Dairy|Gluten|Nuts,58.0,3.99,High,Low,High Carb,Normal,Low,5.0,1.0
100703,Avocado Toast with Egg,توست الأفوكادو مع بيض,Breakfast,International,Very Easy,Balanced,Breakfast,6.0,4.0,10,5,8,6,389,14.5,27.4,23.2,9.8,7.3,1.8,417.0,203.0,14.4,52.0,3.1,0,1,Eggs|Gluten,50.2,3.73,Medium,Low,Mixed,Normal,Low,4.0,4.0
100704,Black Bean Tacos,تاكو الفول الأسود,Main Course,Mexican,Easy,Vegan / Budget,Lunch,10.0,9.0,19,6,10,2,413,16.7,58.7,9.6,4.3,11.7,3.8,647.0,0.0,17.3,123.0,4.8,1,1,None,57.6,,High,Moderate,High Carb,Normal,Medium,5.0,2.0
100705,Mushroom Risotto,ريزوتو الفطر,Main Course,Italian,Medium,Comfort Food,Dinner,9.0,27.0,36,14,10,2,429,14.5,73.3,14.5,6.1,2.9,4.7,508.0,,3.5,69.0,3.0,0,1,Dairy,43.4,3.38,High,Moderate,High Carb,Normal,Medium,3.0,1.0
100706,Chicken Vegetable Soup,شوربة الدجاج بالخضار,Soup,International,Easy,Immunity / Recovery,Lunch,12.0,39.0,51,9,11,2,268,28.2,23.5,6.5,,4.5,4.3,679.0,60.0,25.2,47.0,2.8,0,0,None,56.0,10.52,Medium,Low,High Protein,Normal,Medium,4.0,2.0
100707,Tomato Basil Soup,شوربة الطماطم والريحان,Soup,Italian,Easy,Light / Vegan,Lunch,13.0,25.0,38,8,9,2,193,5.2,29.6,7.0,2.0,3.7,15.9,462.0,0.0,35.9,55.0,2.1,0,1,Dairy,48.4,2.69,Medium,Very Low,High Carb,Normal,Medium,4.8,
100708,Minestrone Soup,شوربة مينستروني,Soup,Italian,Easy,High Fiber / Balanced,Lunch,13.0,35.0,48,8,10,1,309,12.9,45.9,7.4,3.0,9.0,7.0,614.0,4.0,20.3,71.0,3.2,1,1,Gluten,57.3,4.17,High,Low,High Carb,Normal,Medium,3.75,4.0
100709,Beef Stir Fry,لحم مقلي,Main Course,Asian,Easy,Muscle Gain,Dinner,14.0,14.0,28,10,10,2,365,35.7,24.0,19.6,6.3,3.7,4.0,803.0,93.0,16.1,51.0,4.0,0,0,Nuts|Soy,46.9,9.78,Medium,Low,High Protein,Underweight,Medium,4.0,2.0
100710,Lean Beef Rice Bowl,بول أرز باللحمة,Main Course,Asian Fusion,Easy,Muscle Gain / Bulking,Dinner,9.0,26.0,35,11,10,1,519,38.6,56.7,12.1,3.6,2.9,5.4,746.0,86.0,8.3,46.0,3.5,0,0,Nuts|Soy,47.0,7.44,High,Moderate,Mixed,Underweight,Medium,,6.0
100711,Turkey Meatballs,كرات ديك رومي,Main Course,Italian,Easy,High Protein,Dinner,18.0,17.0,35,7,8,2,335,33.6,17.1,15.4,4.1,1.6,2.8,520.0,98.0,,52.0,2.5,0,0,Eggs|Gluten,48.1,10.03,Medium,Low,High Protein,Normal,Low,,5.0
100712,Whole Wheat Pasta Turkey,مكرونة قمح بالديك الرومي,Main Course,Italian,Easy,Balanced,Dinner,11.0,25.0,36,10,9,6,475,39.5,54.7,10.8,2.9,6.9,5.7,656.0,77.0,19.4,84.0,4.6,0,0,Gluten,59.3,8.32,High,Moderate,Mixed,Normal,Medium,,4.0
100713,Stuffed Bell Peppers,فلفل محشي,Main Course,Mediterranean,Medium,Balanced,Dinner,16.0,32.0,48,9,9,1,378,21.6,44.3,12.7,3.5,7.0,8.9,449.0,71.0,94.3,53.0,2.7,0,0,Dairy,59.5,5.71,High,Low,Mixed,Normal,Medium,4.5,2.0
100714,Chicken Shawarma Bowl,بول شاورما الدجاج,Main Course,Middle Eastern,Easy,High Protein,Dinner,,,30,9,9,2,442,37.0,43.7,12.7,4.5,5.1,4.3,603.0,79.0,17.3,63.0,3.0,0,0,None,53.3,8.37,High,Moderate,Balanced Macro,Normal,Medium,4.0,1.0
100715,Salmon Teriyaki,سالمون تيرياكي,Main Course,Japanese,Easy,Omega 3 / Healthy,Dinner,13.0,14.0,27,6,9,2,438,38.7,22.2,14.9,4.2,1.0,12.8,571.0,82.0,4.8,41.0,1.4,0,0,Nuts|Soy|Seafood,39.6,8.84,Medium,Moderate,High Protein,Normal,Medium,3.0,3.0
100716,Chicken Tikka Masala,دجاج تيكا ماسالا,Main Course,Indian,Medium,Balanced,Dinner,20.0,26.0,46,12,11,4,451,31.3,27.3,18.0,4.9,2.4,6.1,539.0,,13.1,79.0,3.5,0,0,Dairy,46.3,,Medium,Moderate,High Protein,Normal,Medium,3.67,6.0
100717,Zucchini Noodles with Pesto,نودلز الكوسا بالبيستو,Main Course,Italian,Easy,Low Carb / Keto,Lunch,12.0,5.0,17,5,9,1,284,10.3,15.0,20.1,6.1,4.3,5.7,340.0,16.0,22.7,115.0,1.8,1,1,Nuts,49.3,3.63,Low,Low,Mixed,Overweight,Medium,4.0,4.0
100718,Energy Balls,كرات الطاقة,Snack,International,Easy,Healthy Snack,Snack,15.0,0.0,15,3,7,2,129,3.6,15.4,4.9,1.8,1.8,8.7,38.0,0.0,1.0,29.0,1.1,0,1,Dairy|Gluten|Nuts,48.5,2.79,Low,Very Low,High Carb,Normal,Low,4.0,
100719,Chocolate Protein Balls,كرات بروتين بالشوكولاتة,Snack,International,Easy,Post Workout,Snack,19.0,0.0,19,5,7,4,98,4.8,12.7,3.9,1.4,1.2,5.0,35.0,0.0,3.4,23.0,0.8,0,1,Dairy|Gluten|Nuts,50.9,4.9,Low,Very Low,Mixed,Normal,Low,3.86,7.0
100720,Apple Peanut Butter,تفاح مع زبدة فول سوداني,Snack,International,Very Easy,Balanced Snack,Snack,2.0,0.0,2,2,3,2,248,6.4,27.8,10.0,3.8,4.4,20.4,123.0,0.0,,19.0,0.5,0,1,Dairy|Nuts,44.4,2.58,Medium,Low,High Carb,Normal,Low,3.67,3.0
100721,Trail Mix,مكسرات وفواكه مجففة,Snack,International,Very Easy,Energy Boost,Snack,3.0,0.0,3,2,6,2,395,10.9,40.8,24.5,9.9,4.5,23.4,76.0,0.0,1.8,59.0,2.6,1,1,Nuts,36.8,2.76,High,Low,Mixed,Normal,Low,3.0,1.0
100722,Strawberry Protein Smoothie,سموذي الفراولة والبروتين,Beverage,International,Very Easy,Muscle Gain / Post Workout,Anytime,3.0,0.0,3,3,6,6,316,27.0,35.6,4.1,,4.3,22.5,118.0,9.0,94.9,220.0,1.1,0,1,Dairy,57.0,8.54,Medium,Low,High Protein,Normal,Low,,3.0
100723,Green Detox Smoothie,سموذي أخضر,Beverage,International,Very Easy,Detox / Weight Loss,Anytime,4.0,0.0,4,4,7,2,173,4.9,39.6,3.3,1.5,5.9,18.7,93.0,,,,2.5,0,1,None,57.8,2.83,Medium,Very Low,High Carb,Overweight,Low,3.0,1.0
100724,Banana Peanut Butter Smoothie,سموذي الموز وزبدة الفول,Beverage,International,Very Easy,Pre Workout / Energy,Anytime,3.0,0.0,3,1,7,1,381,13.8,49.6,13.2,3.6,5.3,27.9,159.0,9.0,9.9,,1.5,0,1,Dairy|Gluten|Nuts,48.9,3.62,High,Low,High Carb,Normal,Low,3.67,3.0
100725,Mango Turmeric Smoothie,سموذي المانجو والكركم,Beverage,International,Very Easy,Anti-Inflammatory,Anytime,,0.0,5,2,7,1,271,8.3,41.4,4.3,1.3,4.1,25.7,114.0,5.0,66.0,226.0,0.8,0,1,Dairy|Nuts,54.3,3.06,High,Low,High Carb,Normal,Low,4.5,2.0
100726,Berry Antioxidant Smoothie,سموذي التوت المضاد للأكسدة,Beverage,International,Very Easy,Immunity Boost,Anytime,4.0,0.0,4,1,6,2,224,7.7,39.6,3.2,0.9,6.8,24.7,93.0,6.0,35.5,148.0,0.9,0,1,Dairy|Nuts,58.5,3.44,Medium,Low,High Carb,Normal,Low,4.0,5.0
100727,Banana Nice Cream,آيس كريم الموز,Dessert,International,Very Easy,Healthy Dessert / Vegan,Dessert,4.0,,4,4,2,2,112,1.8,29.0,0.5,0.2,3.4,18.2,2.0,0.0,11.4,6.0,0.3,1,1,None,49.5,1.61,Medium,Very Low,High Carb,Normal,Low,4.71,7.0
100728,Chia Pudding,بودنج الشيا,Dessert/Snack,International,Very Easy,High Fiber / Omega 3,Snack,9.0,0.0,9,3,5,4,255,10.3,33.6,12.9,3.8,13.1,12.9,140.0,5.0,4.3,241.0,2.7,0,1,Dairy|Nuts,57.7,4.04,Medium,Low,Mixed,Normal,Low,4.33,3.0
100729,Baked Cinnamon Apples,تفاح مخبوز بالقرفة,Dessert,International,Very Easy,Healthy Dessert,Dessert,6.0,,32,4,6,1,172,220.0,43.8,2.2,1.0,4.8,36.8,9.0,0.0,7.6,20.0,,0,1,Dairy|Gluten,49.5,0.58,High,Very Low,High Carb,Normal,Low,4.75,4.0
100730,Falafel Wrap,سندويتش فلافل,Main Course,Middle Eastern,Medium,Vegan / Protein,Dinner,21.0,15.0,36,9,11,1,471,17.5,59.1,17.3,6.5,10.8,3.5,,0.0,13.4,127.0,5.4,1,1,Gluten,54.4,3.72,High,Moderate,High Carb,Normal,Medium,,4.0
100731,Tabbouleh Salad,سلطة التبولة,Salad,Middle Eastern,Easy,Light / Vegan,Lunch,12.0,0.0,12,3,9,2,167,5.0,26.6,6.5,2.8,5.1,3.9,422.0,0.0,41.2,65.0,3.3,1,1,Gluten,57.7,2.99,Medium,Very Low,High Carb,Normal,Medium,3.8,5.0
100732,Shakshuka,شكشوكة,Breakfast,Middle Eastern,Easy,Balanced,Breakfast,4.0,23.0,27,6,11,1,262,15.9,17.7,14.9,4.3,3.2,9.5,598.0,378.0,28.4,72.0,3.5,0,1,Eggs,47.6,6.07,Low,Low,Balanced Macro,Normal,Medium,3.6,5.0
100733,Meal Prep Chicken Rice,دجاج وأرز للميل بريب,Main Course,International,Easy,Muscle Gain / Meal Prep,Dinner,12.0,25.0,37,9,9,1,426,39.2,45.8,10.6,3.0,3.0,2.3,465.0,,7.9,43.0,2.1,0,0,None,52.6,9.2,High,Moderate,High Protein,Normal,Medium,4.0,5.0
100734,Overnight Oats 5 Ways,شوفان بالليل 5 وصفات,Breakfast,International,Very Easy,Meal Prep / Healthy,Breakfast,10.0,0.0,10,5,6,2,305,13.7,46.8,8.9,3.9,7.8,19.3,4200.0,8.0,11.4,233.0,2.3,0,1,Dairy|Gluten,54.8,4.49,High,Low,High Carb,Normal,Low,4.0,6.0
100735,Grilled Chicken Breast,صدر دجاج مشوي,Main Course,Mediterranean,Easy,High Protein / Weight Loss,Dinner,11.0,19.0,30,8,7,6,310,38.0,4.2,13.2,5.3,0.5,1.1,395.0,95.0,13.2,23.0,1.9,0,0,None,47.2,12.26,Low,Low,High Protein,Overweight,Low,4.0,1.0
100736,Egg White Omelette,عجة بياض البيض,Breakfast,International,Very Easy,High Protein / Low Cal,Breakfast,4.0,7.0,11,7,7,2,200,23.3,4.2,6.2,1.9,0.9,1.8,248.0,10.0,7.1,53.0,1.7,0,1,Eggs,53.5,,Low,Low,High Protein,Normal,Low,3.5,6.0
100737,Tuna Salad Bowl,بول سلطة التونة,Salad,Mediterranean,Very Easy,Weight Loss,Lunch,10.0,0.0,10,6,7,1,213,220.0,7.7,6.4,1.6,,4.3,544.0,35.0,23.3,38.0,2.0,0,0,Seafood,56.9,14.27,Low,Low,High Protein,Overweight,Low,2.0,
100738,Protein Pancakes,بانكيك البروتين,Breakfast,American,Very Easy,Muscle Gain,Breakfast,5.0,12.0,17,7,7,1,286,31.3,26.7,7.2,2.5,2.2,6.1,240.0,164.0,2.0,160.0,2.0,0,1,Dairy|Eggs|Gluten,53.5,10.94,Medium,Low,High Protein,Underweight,Low,4.5,
100739,Greek Yogurt Parfait,بارفيه الزبادي اليوناني,Snack,International,Very Easy,Healthy Snack,Snack,4.0,0.0,4,3,6,2,325,220.0,39.9,7.0,2.2,4.2,17.2,104.0,13.0,14.3,,1.3,0,1,Dairy,53.9,6.83,High,Low,Mixed,Normal,Low,4.33,3.0
100740,Chicken Vegetable Stir Fry,دجاج مقلي بالخضار,Main Course,Asian,Easy,Balanced,Dinner,19.0,11.0,30,7,9,6,345,35.5,27.5,12.8,5.6,3.6,6.9,630.0,85.0,37.2,59.0,2.9,0,0,Nuts|Soy,50.0,10.29,Medium,Low,High Protein,Normal,Medium,4.25,4.0
100741,Baked Salmon with Vegetables,سالمون مشوي بالخضار,Main Course,Western,Easy,Heart Health,Dinner,13.0,21.0,34,9,9,2,371,41.4,14.9,21.3,7.5,4.4,4.7,376.0,90.0,34.5,53.0,2.7,0,0,Seafood,52.3,11.16,Low,Low,High Protein,Normal,Medium,4.22,9.0
100742,Turkey Lettuce Wraps,لفائف الخس بالديك الرومي,Light Meal,Asian,Easy,Keto / Low Carb,Dinner,9.0,,22,7,8,2,262,27.4,7.6,11.7,5.0,1.9,2.7,555.0,,,,2.2,0,0,Dairy|Nuts|Soy,47.3,,Low,Low,High Protein,Overweight,Low,4.0,7.0
100743,Boiled Eggs with Avocado,بيض مسلوق مع أفوكادو,Breakfast,International,Very Easy,Keto,Breakfast,2.0,7.0,9,6,6,4,317,14.9,8.3,24.2,8.1,6.1,0.9,302.0,403.0,11.7,43.0,1.9,0,1,Eggs,51.5,4.7,Low,Low,High Fat / Keto,Overweight,Low,3.88,8.0
100744,Shrimp Stir Fry,روبيان مقلي,Main Course,Asian,Easy,High Protein / Low Cal,Dinner,13.0,11.0,24,7,9,1,288,29.0,19.6,8.3,2.7,2.7,5.8,609.0,222.0,17.3,81.0,3.3,0,0,Nuts|Soy|Seafood,51.6,10.07,Medium,Low,High Protein,Normal,Medium,,7.0
100745,Quinoa Buddha Bowl,بودا بول الكينوا,Main Course,International,Medium,Vegan / Balanced,Dinner,18.0,,40,8,9,4,370,16.5,57.6,13.0,,8.3,8.1,384.0,0.0,50.4,,4.7,1,1,None,59.6,4.46,High,Low,High Carb,Normal,Medium,4.75,4.0
100746,Lentil Soup,شوربة العدس,Soup,Middle Eastern,Easy,High Fiber / Budget,Lunch,7.0,21.0,28,12,11,2,294,16.5,42.9,3.8,1.6,10.1,6.0,507.0,0.0,15.6,83.0,5.5,1,1,None,62.5,5.61,Medium,Low,High Carb,Normal,Medium,4.75,4.0
100747,Veggie Omelette,عجة الخضار,Breakfast,International,Very Easy,Balanced,Breakfast,4.0,6.0,10,5,8,4,214,17.9,6.4,14.9,5.8,2.0,3.0,380.0,407.0,18.9,90.0,2.1,0,1,Eggs,48.0,8.36,Low,Low,High Protein,Normal,Low,4.0,2.0
100748,Hummus with Vegetables,حمص مع الخضار,Snack,Middle Eastern,Very Easy,Healthy Snack,Snack,11.0,0.0,11,4,9,4,205,9.8,23.3,10.7,3.4,,2.7,306.0,0.0,,96.0,3.0,1,1,None,60.3,4.78,Medium,Low,Mixed,Normal,Medium,4.2,15.0
100749,Spinach Lentil Dal,عدس بالسبانخ,Main Course,Indian,Easy,High Iron / Vegan,Dinner,11.0,32.0,43,7,10,4,328,18.8,49.4,5.5,2.3,14.8,4.7,427.0,0.0,28.1,104.0,7.7,0,1,Dairy|Nuts,65.5,5.73,Medium,Low,High Carb,Normal,Medium,4.0,6.0
100750,Caprese Salad,سلطة كابريزي,Salad,Italian,Very Easy,Light / Healthy,Lunch,4.0,0.0,4,4,7,1,199,12.0,6.2,15.7,4.7,0.5,3.7,,44.0,17.5,278.0,0.7,1,1,None,46.6,6.03,Low,Very Low,Mixed,Normal,Low,4.17,6.0
101928,Overnight Oats,شوفان بالليل,Breakfast,International,Very Easy,Sustained Energy,Breakfast,6.0,0.0,6,3,8,2,379,15.4,53.9,9.7,3.4,6.7,18.7,171.0,5.0,9.0,,2.6,0,1,Dairy|Gluten|Nuts,53.9,4.06,High,Low,High Carb,Normal,Low,4.5,2.0
100752,Avocado Toast with Egg,توست الأفوكادو مع بيض,Breakfast,International,Very Easy,Balanced,Breakfast,6.0,5.0,11,4,8,1,347,15.5,31.0,23.0,7.1,,2.0,469.0,191.0,,69.0,3.0,0,1,Eggs|Gluten,54.2,4.47,Medium,Low,Mixed,Normal,Low,3.6,5.0
100753,Black Bean Tacos,تاكو الفول الأسود,Main Course,Mexican,Easy,Vegan / Budget,Lunch,11.0,8.0,19,6,10,2,369,16.4,59.3,9.9,4.3,16.1,4.7,663.0,0.0,19.1,103.0,4.6,1,1,None,57.0,4.44,High,Low,High Carb,Normal,Medium,4.14,7.0
100754,Mushroom Risotto,ريزوتو الفطر,Main Course,Italian,Medium,Comfort Food,Dinner,7.0,26.0,33,14,10,1,465,12.6,64.3,13.2,5.3,3.4,3.6,493.0,22.0,4.4,86.0,3.3,0,1,Dairy,46.4,2.71,High,Moderate,High Carb,Normal,Medium,-1.0,3.0
100755,Chicken Vegetable Soup,شوربة الدجاج بالخضار,Soup,International,Easy,Immunity / Recovery,Lunch,14.0,40.0,54,10,11,2,260,28.4,22.1,7.1,1.9,4.4,5.7,699.0,69.0,27.9,51.0,2.5,0,0,None,56.1,10.92,Medium,Low,High Protein,Normal,Medium,4.0,4.0
100756,Tomato Basil Soup,شوربة الطماطم والريحان,Soup,Italian,Easy,Light / Vegan,Lunch,12.0,22.0,34,6,9,2,162,4.8,26.6,6.5,2.6,3.9,15.3,460.0,0.0,34.2,51.0,,0,1,Dairy,48.0,2.96,Medium,Very Low,High Carb,Normal,Medium,4.5,2.0
100757,Minestrone Soup,شوربة مينستروني,Soup,Italian,Easy,High Fiber / Balanced,Lunch,12.0,33.0,45,10,10,1,330,11.1,41.6,6.5,2.6,10.0,6.7,574.0,5.0,23.9,73.0,,1,1,Gluten,58.8,3.36,Medium,Low,High Carb,Normal,Medium,4.57,7.0
100758,Beef Stir Fry,لحم مقلي,Main Course,Asian,Easy,Muscle Gain,Dinner,17.0,14.0,31,10,10,1,482,33.6,25.2,18.1,6.3,3.8,4.4,,97.0,,41.0,4.1,0,0,Nuts|Soy,44.4,6.97,Medium,Moderate,High Protein,Underweight,Medium,,3.0
100759,Lean Beef Rice Bowl,بول أرز باللحمة,Main Course,Asian Fusion,Easy,Muscle Gain / Bulking,Dinner,9.0,18.0,27,11,10,1,560,37.8,61.9,13.0,4.1,3.9,5.1,711.0,82.0,8.1,52.0,3.8,0,0,Nuts|Soy,48.6,6.75,High,Moderate,Mixed,Underweight,Medium,3.0,4.0
100760,Turkey Meatballs,كرات ديك رومي,Main Course,Italian,Easy,High Protein,Dinner,12.0,20.0,32,9,8,4,388,34.3,16.5,15.0,5.4,,3.1,425.0,104.0,8.9,62.0,2.3,0,0,Eggs|Gluten,47.4,8.84,Low,Low,High Protein,Normal,Low,,4.0
100761,Whole Wheat Pasta Turkey,مكرونة قمح بالديك الرومي,Main Course,Italian,Easy,Balanced,Dinner,9.0,20.0,29,9,9,4,450,40.7,51.0,9.6,4.3,7.7,6.0,594.0,65.0,,75.0,3.4,0,0,Gluten,58.4,9.04,High,Moderate,High Protein,Normal,Medium,3.5,2.0
100762,Stuffed Bell Peppers,فلفل محشي,Main Course,Mediterranean,Medium,Balanced,Dinner,26.0,41.0,67,9,9,1,344,22.0,39.0,12.1,4.9,6.2,6.7,460.0,67.0,66.5,52.0,2.8,0,0,Dairy,57.2,6.4,Medium,Low,Mixed,Normal,Medium,3.25,4.0
100763,Chicken Shawarma Bowl,بول شاورما الدجاج,Main Course,Middle Eastern,Easy,High Protein,Dinner,25.0,17.0,42,9,9,1,492,38.4,42.6,14.5,6.4,4.6,4.1,545.0,,16.4,53.0,2.6,0,0,None,49.5,7.8,High,Moderate,High Protein,Normal,Medium,,3.0
100764,Salmon Teriyaki,سالمون تيرياكي,Main Course,Japanese,Easy,Omega 3 / Healthy,Dinner,10.0,18.0,28,7,9,2,344,35.8,23.9,15.6,5.4,1.0,10.9,596.0,101.0,5.4,35.0,1.6,0,0,Nuts|Soy|Seafood,39.4,10.41,Medium,Low,High Protein,Normal,Medium,4.4,5.0
100765,Chicken Tikka Masala,دجاج تيكا ماسالا,Main Course,Indian,Medium,Balanced,Dinner,17.0,35.0,52,12,11,4,378,34.9,30.0,18.0,5.7,3.6,4.8,584.0,82.0,16.0,73.0,3.5,0,0,Dairy,49.1,9.23,Medium,Low,High Protein,Normal,Medium,3.88,8.0
100766,Zucchini Noodles with Pesto,نودلز الكوسا بالبيستو,Main Course,Italian,Easy,Low Carb / Keto,Lunch,9.0,5.0,720,7,9,2,1800,9.8,14.2,21.0,7.7,4.2,5.8,404.0,16.0,21.5,123.0,2.2,1,1,Nuts,45.9,3.06,Low,Low,Mixed,Overweight,Medium,4.2,5.0
100767,Energy Balls,كرات الطاقة,Snack,International,Easy,Healthy Snack,Snack,12.0,0.0,12,3,7,1,107,3.6,17.6,5.2,1.5,2.2,8.6,36.0,0.0,0.8,26.0,0.9,0,1,Dairy|Gluten|Nuts,50.0,3.36,Medium,Very Low,High Carb,Normal,Low,5.0,1.0
100768,Chocolate Protein Balls,كرات بروتين بالشوكولاتة,Snack,International,Easy,Post Workout,Snack,16.0,0.0,16,4,7,1,106,4.8,11.8,4.1,1.2,1.6,5.9,36.0,0.0,2.9,19.0,0.8,0,1,Dairy|Gluten|Nuts,51.2,4.53,Low,Very Low,Mixed,Normal,Low,4.0,3.0
100769,Apple Peanut Butter,تفاح مع زبدة فول سوداني,Snack,International,Very Easy,Balanced Snack,Snack,2.0,0.0,2,4,3,4,236,6.0,26.3,9.2,3.2,,16.4,3500.0,0.0,7.8,21.0,0.5,0,1,Dairy|Nuts,45.8,2.54,Medium,Low,High Carb,Normal,Low,4.67,6.0
100770,Trail Mix,مكسرات وفواكه مجففة,Snack,International,Very Easy,Energy Boost,Snack,,0.0,4,2,6,4,354,10.0,37.5,22.2,9.1,5.6,21.2,77.0,0.0,2.2,56.0,2.6,1,1,Nuts,40.3,2.82,Medium,Low,Mixed,Normal,Low,4.2,5.0
100771,Strawberry Protein Smoothie,سموذي الفراولة والبروتين,Beverage,International,Very Easy,Muscle Gain / Post Workout,Anytime,3.0,0.0,3,2,6,4,248,26.3,40.9,3.8,1.5,3.7,24.7,140.0,11.0,68.1,228.0,1.1,0,1,Dairy,56.9,,High,Low,Mixed,Normal,Low,,7.0
100772,Green Detox Smoothie,سموذي أخضر,Beverage,International,Very Easy,Detox / Weight Loss,Anytime,6.0,0.0,6,3,7,6,184,4.5,35.7,2.8,0.9,5.5,22.1,93.0,0.0,105.4,,,0,1,None,56.8,2.45,Medium,Very Low,High Carb,Overweight,Low,3.86,7.0
100773,Banana Peanut Butter Smoothie,سموذي الموز وزبدة الفول,Beverage,International,Very Easy,Pre Workout / Energy,Anytime,4.0,0.0,4,4,7,2,410,14.1,51.9,11.8,4.0,5.1,30.1,159.0,11.0,9.9,211.0,1.7,0,1,Dairy|Gluten|Nuts,48.3,3.44,High,Moderate,High Carb,Normal,Low,4.0,
100774,Mango Turmeric Smoothie,سموذي المانجو والكركم,Beverage,International,Very Easy,Anti-Inflammatory,Anytime,4.0,0.0,4,1,7,2,220,7.5,42.9,3.6,1.4,3.2,33.1,106.0,5.0,50.2,185.0,0.8,0,1,Dairy|Nuts,52.2,3.41,High,Low,High Carb,Normal,Low,4.0,2.0
100775,Berry Antioxidant Smoothie,سموذي التوت المضاد للأكسدة,Beverage,International,Very Easy,Immunity Boost,Anytime,4.0,0.0,4,1,6,4,190,8.3,42.3,3.1,1.0,6.5,22.5,99.0,5.0,46.8,140.0,1.0,0,1,Dairy|Nuts,59.3,4.37,High,Very Low,High Carb,Normal,Low,4.75,4.0
100776,Banana Nice Cream,آيس كريم الموز,Dessert,International,Very Easy,Healthy Dessert / Vegan,Dessert,4.0,0.0,4,1,2,2,129,0.1,26.1,0.5,0.2,3.6,16.5,2.0,0.0,,5.0,0.3,1,1,None,50.7,1.55,Medium,Very Low,High Carb,Normal,Low,3.83,6.0
100777,Chia Pudding,بودنج الشيا,Dessert/Snack,International,Very Easy,High Fiber / Omega 3,Snack,12.0,0.0,12,5,5,1,290,9.1,35.5,12.5,4.2,13.3,17.6,151.0,5.0,3.3,226.0,2.8,0,1,Dairy|Nuts,53.9,3.14,Medium,Low,High Carb,Normal,Low,0.1,
100778,Baked Cinnamon Apples,تفاح مخبوز بالقرفة,Dessert,International,Very Easy,Healthy Dessert,Dessert,5.0,,31,6,6,2,194,0.9,39.1,1.8,0.6,4.5,36.0,7.0,0.0,8.3,21.0,0.5,0,1,Dairy|Gluten,49.6,0.46,Medium,Very Low,High Carb,Normal,Low,3.6,5.0
100779,Falafel Wrap,سندويتش فلافل,Main Course,Middle Eastern,Medium,Vegan / Protein,Dinner,14.0,14.0,28,12,11,1,496,19.1,59.3,15.2,5.9,10.6,4.4,735.0,0.0,16.2,,5.5,1,1,Gluten,54.2,3.85,High,Moderate,High Carb,Normal,Medium,4.25,4.0
100780,Tabbouleh Salad,سلطة التبولة,Salad,Middle Eastern,Easy,Light / Vegan,Lunch,18.0,0.0,18,3,9,2,183,4.9,28.8,7.3,2.3,6.8,3.3,343.0,0.0,,61.0,2.8,1,1,Gluten,62.2,2.68,Medium,Very Low,High Carb,Normal,Medium,4.0,1.0
100781,Shakshuka,شكشوكة,Breakfast,Middle Eastern,Easy,Balanced,Breakfast,,16.0,20,9,11,4,308,14.5,18.0,17.1,5.2,3.4,8.9,615.0,377.0,32.9,76.0,3.1,0,1,Eggs,46.4,4.71,Low,Low,Balanced Macro,Normal,Medium,4.6,
100782,Meal Prep Chicken Rice,دجاج وأرز للميل بريب,Main Course,International,Easy,Muscle Gain / Meal Prep,Dinner,11.0,20.0,31,7,9,1,387,44.2,50.7,10.6,4.0,3.2,2.3,512.0,,9.0,39.0,2.2,0,0,None,52.2,11.42,High,Low,High Protein,Normal,Medium,3.2,5.0
100783,Overnight Oats 5 Ways,شوفان بالليل 5 وصفات,Breakfast,International,Very Easy,Meal Prep / Healthy,Breakfast,12.0,0.0,12,5,6,6,380,14.7,53.1,9.4,3.2,8.4,16.7,168.0,7.0,11.3,247.0,,0,1,Dairy|Gluten,57.0,3.87,High,Low,High Carb,Normal,Low,4.75,4.0
100784,Grilled Chicken Breast,صدر دجاج مشوي,Main Course,Mediterranean,Easy,High Protein / Weight Loss,Dinner,9.0,14.0,23,6,7,1,312,40.0,3.7,14.9,5.6,0.5,1.3,362.0,82.0,,28.0,1.7,0,0,None,47.2,12.82,Low,Low,High Protein,Overweight,Low,4.25,
100785,Egg White Omelette,عجة بياض البيض,Breakfast,International,Very Easy,High Protein / Low Cal,Breakfast,4.0,6.0,10,4,7,6,173,22.1,4.0,5.9,2.3,,1.8,259.0,11.0,,58.0,1.3,0,1,Eggs,53.6,12.77,Low,Very Low,High Protein,Normal,Low,4.67,3.0
100786,Tuna Salad Bowl,بول سلطة التونة,Salad,Mediterranean,Very Easy,Weight Loss,Lunch,7.0,0.0,7,4,7,1,165,26.4,7.9,7.5,3.1,3.1,4.7,565.0,37.0,20.5,35.0,1.9,0,0,Seafood,54.9,16.0,Low,Very Low,High Protein,Overweight,Low,,2.0
100787,Protein Pancakes,بانكيك البروتين,Breakfast,American,Very Easy,Muscle Gain,Breakfast,5.0,10.0,15,6,7,1,357,32.5,29.3,7.6,2.1,2.7,7.1,292.0,205.0,2.0,156.0,1.9,0,1,Dairy|Eggs|Gluten,53.0,9.1,Medium,Low,High Protein,Underweight,Low,4.0,3.0
100788,Greek Yogurt Parfait,بارفيه الزبادي اليوناني,Snack,International,Very Easy,Healthy Snack,Snack,4.0,0.0,4,5,6,2,277,21.6,39.4,7.3,2.0,3.5,21.2,100.0,13.0,16.3,331.0,1.5,0,1,Dairy,52.6,7.8,High,Low,Mixed,Normal,Low,,4.0
100789,Chicken Vegetable Stir Fry,دجاج مقلي بالخضار,Main Course,Asian,Easy,Balanced,Dinner,17.0,17.0,34,10,9,1,332,37.6,29.8,11.5,3.3,5.0,6.5,650.0,,42.6,61.0,2.3,0,0,Nuts|Soy,57.0,11.33,Medium,Low,High Protein,Normal,Medium,4.0,5.0
100790,Baked Salmon with Vegetables,سالمون مشوي بالخضار,Main Course,Western,Easy,Heart Health,Dinner,10.0,25.0,35,7,9,2,1800,39.8,13.5,23.3,7.4,4.6,5.0,432.0,97.0,,45.0,2.9,0,0,Seafood,51.7,9.02,Low,Moderate,High Protein,Normal,Medium,4.67,
100791,Turkey Lettuce Wraps,لفائف الخس بالديك الرومي,Light Meal,Asian,Easy,Keto / Low Carb,Dinner,12.0,8.0,20,7,8,2,238,27.7,7.3,11.4,3.4,1.6,3.2,425.0,65.0,13.9,37.0,1.9,0,0,Dairy|Nuts|Soy,50.8,11.64,Low,Low,High Protein,Overweight,Low,3.0,2.0
100792,Boiled Eggs with Avocado,بيض مسلوق مع أفوكادو,Breakfast,International,Very Easy,Keto,Breakfast,2.0,13.0,15,3,6,4,349,14.7,9.4,23.8,7.0,,0.9,275.0,338.0,8.9,49.0,1.9,0,1,Eggs,53.5,4.21,Low,Low,Mixed,Overweight,Low,4.57,7.0
100793,Shrimp Stir Fry,روبيان مقلي,Main Course,Asian,Easy,High Protein / Low Cal,Lunch,9.0,9.0,18,9,9,1,321,33.4,19.6,9.8,2.9,3.1,5.0,657.0,229.0,20.2,77.0,3.9,0,0,Nuts|Soy|Seafood,52.7,10.4,Medium,Low,High Protein,Normal,Medium,4.33,3.0
100794,Quinoa Buddha Bowl,بودا بول الكينوا,Main Course,International,Medium,Vegan / Balanced,Dinner,19.0,17.0,36,11,9,4,483,16.3,50.7,14.8,6.5,7.2,6.0,350.0,0.0,60.0,132.0,,1,1,None,58.5,3.37,High,Moderate,High Carb,Normal,Medium,4.4,5.0
100795,Lentil Soup,شوربة العدس,Soup,Middle Eastern,Easy,High Fiber / Budget,Lunch,7.0,32.0,39,11,11,2,315,19.4,47.7,3.9,1.0,12.5,4.7,647.0,0.0,13.4,81.0,5.2,1,1,None,62.5,6.16,High,Low,High Carb,Normal,Medium,3.0,2.0
100796,Veggie Omelette,عجة الخضار,Breakfast,International,Very Easy,Balanced,Breakfast,4.0,7.0,11,7,8,4,258,17.7,5.6,16.7,4.6,2.1,3.1,381.0,345.0,16.3,97.0,2.4,0,1,Eggs,49.2,6.86,Low,Low,High Protein,Normal,Low,,3.0
100797,Hummus with Vegetables,حمص مع الخضار,Snack,Middle Eastern,Very Easy,Healthy Snack,Snack,10.0,0.0,10,4,9,1,238,8.2,21.4,9.0,2.6,6.7,2.7,351.0,0.0,27.8,77.0,2.8,1,1,None,61.3,3.45,Low,Low,Mixed,Normal,Medium,4.17,6.0
100798,Spinach Lentil Dal,عدس بالسبانخ,Main Course,Indian,Easy,High Iron / Vegan,Dinner,8.0,24.0,32,8,10,2,322,16.9,48.9,6.5,2.2,11.7,4.6,360.0,0.0,27.0,114.0,6.1,0,1,Dairy|Nuts,65.3,5.25,High,Low,High Carb,Normal,Medium,4.0,
100799,Caprese Salad,سلطة كابريزي,Salad,Italian,Very Easy,Light / Healthy,Lunch,4.0,0.0,4,2,7,4,216,11.1,6.2,16.0,6.5,0.6,4.2,339.0,38.0,20.4,272.0,0.9,1,1,None,43.7,5.14,Low,Low,Mixed,Normal,Low,4.0,6.0
100800,Overnight Oats,شوفان بالليل,Breakfast,International,Very Easy,Sustained Energy,Breakfast,4.0,0.0,4,3,8,1,357,13.9,59.9,9.1,2.9,8.7,15.4,130.0,5.0,,258.0,2.6,0,1,Dairy|Gluten|Nuts,58.3,,High,Low,High Carb,Normal,Low,4.0,6.0
100801,Avocado Toast with Egg,توست الأفوكادو مع بيض,Breakfast,International,Very Easy,Balanced,Breakfast,,6.0,10,7,8,6,415,180.0,28.1,19.9,7.2,9.6,2.4,430.0,,,65.0,2.8,0,1,Eggs|Gluten,53.7,3.69,Medium,Moderate,Mixed,Normal,Low,4.33,6.0
100802,Black Bean Tacos,تاكو الفول الأسود,Main Course,Mexican,Easy,Vegan / Budget,Lunch,8.0,10.0,18,7,10,2,333,16.1,52.0,10.6,2.9,,4.2,602.0,0.0,20.6,136.0,5.6,1,1,None,61.2,4.83,High,Low,High Carb,Normal,Medium,3.83,6.0
100803,Mushroom Risotto,ريزوتو الفطر,Main Course,Italian,medium ,Comfort Food,Dinner,11.0,45.0,56,14,10,2,450,13.0,74.4,13.7,3.9,3.1,4.7,564.0,20.0,,89.0,3.1,0,1,Dairy,46.6,2.89,High,Moderate,High Carb,Normal,Medium,4.12,8.0
100804,Chicken Vegetable Soup,شوربة الدجاج بالخضار,Soup,International,Easy,Immunity / Recovery,Lunch,14.0,30.0,44,9,11,2,245,30.5,23.0,7.0,1.9,3.6,5.3,639.0,77.0,34.8,63.0,2.8,0,0,None,57.0,12.45,Medium,Low,High Protein,Normal,Medium,-1.0,
100805,Tomato Basil Soup,شوربة الطماطم والريحان,Soup,Italian,Easy,Light / Vegan,Lunch,12.0,26.0,38,8,9,1,202,5.1,27.6,6.3,2.6,4.5,15.6,466.0,0.0,28.5,58.0,,0,1,Dairy,48.2,,Medium,Low,High Carb,Normal,Medium,3.33,6.0
100806,Minestrone Soup,شوربة مينستروني,Soup,Italian,Easy,High Fiber / Balanced,Lunch,13.0,27.0,40,9,10,2,295,12.7,38.6,7.5,3.1,10.4,6.6,633.0,5.0,21.5,82.0,3.8,1,1,Gluten,57.7,4.31,Medium,Low,High Carb,Normal,Medium,2.5,2.0
100807,Beef Stir Fry,لحم مقلي,Main Course,Asian,Easy,Muscle Gain,Dinner,18.0,14.0,32,7,10,4,436,32.7,23.6,19.7,7.6,3.5,4.4,665.0,99.0,16.6,45.0,3.5,0,0,Nuts|Soy,44.4,7.5,Medium,Moderate,High Protein,Underweight,Medium,3.0,
100808,Lean Beef Rice Bowl,بول أرز باللحمة,Main Course,Asian Fusion,Easy,Muscle Gain / Bulking,Dinner,7.0,22.0,29,10,10,6,538,38.3,52.5,13.1,4.8,3.3,4.1,752.0,78.0,8.7,52.0,3.6,0,0,Nuts|Soy,46.6,7.12,High,Moderate,Mixed,Underweight,Medium,4.33,3.0
100809,Turkey Meatballs,كرات ديك رومي,Main Course,Italian,Easy,High Protein,Dinner,14.0,21.0,35,7,8,2,354,32.8,16.4,13.6,3.8,2.1,2.7,537.0,106.0,8.7,65.0,2.4,0,0,Eggs|Gluten,49.1,9.27,Low,Low,High Protein,Normal,Low,3.0,1.0
100810,Whole Wheat Pasta Turkey,مكرونة قمح بالديك الرومي,Main Course,Italian,Easy,Balanced,Dinner,13.0,32.0,45,9,9,2,1800,38.4,51.4,10.7,4.8,,7.9,721.0,64.0,23.5,84.0,3.7,0,0,Gluten,55.1,8.38,High,Moderate,Mixed,Normal,Medium,3.83,6.0
100811,Stuffed Bell Peppers,فلفل محشي,Main Course,Mediterranean,Medium,Balanced,Dinner,18.0,45.0,63,8,9,2,346,22.7,45.7,13.1,3.5,5.6,8.7,469.0,59.0,95.9,67.0,3.2,0,0,Dairy,57.5,6.56,High,Low,Mixed,Normal,Medium,,
100812,Chicken Shawarma Bowl,بول شاورما الدجاج,Main Course,Middle Eastern,Easy,High Protein,Dinner,20.0,16.0,36,6,9,2,383,35.1,44.1,13.3,4.9,5.0,4.3,516.0,89.0,17.3,61.0,2.8,0,0,None,53.7,9.16,High,Low,Balanced Macro,Normal,Medium,4.33,6.0
100813,Salmon Teriyaki,سالمون تيرياكي,Main Course,Japanese,Easy,Omega 3 / Healthy,Dinner,9.0,19.0,28,7,9,6,433,34.7,22.3,15.7,6.8,1.0,14.3,509.0,,4.8,40.0,1.7,0,0,Nuts|Soy|Seafood,35.3,8.01,Medium,Moderate,High Protein,Normal,Medium,4.6,5.0
100814,Chicken Tikka Masala,دجاج تيكا ماسالا,Main Course,Indian,Medium,Balanced,Dinner,24.0,31.0,55,12,11,6,441,29.9,26.2,16.3,6.8,2.6,5.0,579.0,102.0,14.5,82.0,3.3,0,0,Dairy,44.0,6.78,Medium,Moderate,High Protein,Normal,Medium,3.4,5.0
100815,Zucchini Noodles with Pesto,نودلز الكوسا بالبيستو,Main Course,Italian,Easy,Low Carb / Keto,Lunch,8.0,6.0,14,4,9,4,258,9.9,14.9,23.6,9.2,4.1,5.8,420.0,15.0,19.6,,2.0,1,1,Nuts,43.5,3.84,Low,Low,Mixed,Overweight,Medium,5.0,1.0
100816,Energy Balls,كرات الطاقة,Snack,International,Easy,Healthy Snack,Snack,19.0,0.0,19,4,7,4,117,4.3,14.8,5.0,1.5,1.6,9.2,,,0.9,31.0,0.9,0,1,Dairy|Gluten|Nuts,48.6,3.68,Low,Very Low,High Carb,Normal,Low,3.33,6.0
100817,Chocolate Protein Balls,كرات بروتين بالشوكولاتة,Snack,International,Easy,Post Workout,Snack,19.0,0.0,19,4,7,4,90,4.7,13.2,4.1,1.1,1.6,4.8,38.0,0.0,3.3,,0.9,0,1,Dairy|Gluten|Nuts,52.3,5.22,Low,Very Low,Mixed,Normal,Low,3.89,9.0
100818,Apple Peanut Butter,تفاح مع زبدة فول سوداني,Snack,International,Very Easy,Balanced Snack,Snack,2.0,0.0,2,2,3,4,251,6.3,30.5,10.1,3.0,4.1,19.3,110.0,0.0,9.0,23.0,0.5,0,1,Dairy|Nuts,45.6,2.51,Medium,Low,High Carb,Normal,Low,4.0,
100819,Trail Mix,مكسرات وفواكه مجففة,Snack,International,Very Easy,Energy Boost,Snack,3.0,0.0,3,0,6,1,434,10.2,39.5,24.0,9.9,,17.0,89.0,0.0,2.0,61.0,2.5,1,1,Nuts,38.2,2.35,Medium,Moderate,Mixed,Normal,Low,4.33,3.0
100820,Strawberry Protein Smoothie,سموذي الفراولة والبروتين,Beverage,International,Very Easy,Muscle Gain / Post Workout,Anytime,2.0,0.0,2,4,6,6,307,25.7,36.9,3.7,1.6,4.6,21.1,126.0,11.0,100.8,174.0,1.2,0,1,Dairy,57.1,8.37,Medium,Low,Mixed,Normal,Low,4.0,5.0
100821,Green Detox Smoothie,سموذي أخضر,Beverage,International,Very Easy,Detox / Weight Loss,Anytime,6.0,0.0,6,2,7,2,186,5.0,38.3,3.2,1.1,6.2,19.5,100.0,,126.9,76.0,2.5,0,1,None,58.4,2.69,Medium,Very Low,High Carb,Overweight,Low,,3.0
100822,Banana Peanut Butter Smoothie,سموذي الموز وزبدة الفول,Beverage,International,Very Easy,Pre Workout / Energy,Anytime,3.0,0.0,3,4,7,4,401,14.8,50.6,12.5,5.1,5.8,29.8,200.0,,10.2,187.0,1.5,0,1,Dairy|Gluten|Nuts,47.4,3.69,High,Moderate,High Carb,Normal,Low,4.33,3.0
100823,Mango Turmeric Smoothie,سموذي المانجو والكركم,Beverage,International,Very Easy,Anti-Inflammatory,Anytime,6.0,0.0,6,2,7,2,265,7.6,41.2,4.0,1.7,3.9,30.6,107.0,5.0,65.7,221.0,0.9,0,1,Dairy|Nuts,53.3,2.87,High,Low,High Carb,Normal,Low,,5.0
100824,Berry Antioxidant Smoothie,سموذي التوت المضاد للأكسدة,Beverage,International,Very Easy,Immunity Boost,Anytime,2.0,0.0,2,3,6,2,2500,7.5,45.9,3.3,0.9,7.0,26.2,81.0,5.0,47.1,145.0,1.1,0,1,Dairy|Nuts,60.1,3.07,High,Low,High Carb,Normal,Low,3.57,7.0
100825,Banana Nice Cream,آيس كريم الموز,Dessert,International,Very Easy,Healthy Dessert / Vegan,Dessert,5.0,0.0,5,3,2,4,133,1.9,28.2,0.5,0.2,2.8,14.2,2.0,0.0,10.9,6.0,0.3,1,1,None,50.2,1.43,Medium,Very Low,High Carb,Normal,Low,3.8,5.0
100826,Chia Pudding,بودنج الشيا,Dessert/Snack,International,Very Easy,High Fiber / Omega 3,Snack,12.0,0.0,12,2,5,2,302,10.5,32.6,11.4,,11.2,14.8,145.0,5.0,3.3,,2.7,0,1,Dairy|Nuts,55.8,3.48,Medium,Low,Mixed,Normal,Low,3.83,6.0
100827,Baked Cinnamon Apples,تفاح مخبوز بالقرفة,Dessert,International,Very Easy,Healthy Dessert,Dessert,6.0,21.0,27,5,6,2,196,0.9,40.9,2.0,,4.2,29.4,7.0,0.0,,20.0,0.6,0,1,Dairy|Gluten,48.9,0.46,High,Very Low,High Carb,Normal,Low,4.5,2.0
100828,Falafel Wrap,سندويتش فلافل,Main Course,Middle Eastern,Medium,Vegan / Protein,Dinner,24.0,18.0,42,9,11,6,523,17.8,59.7,14.5,5.6,12.6,4.7,609.0,0.0,14.3,121.0,6.9,1,1,Gluten,56.0,3.4,High,Moderate,High Carb,Normal,Medium,3.83,6.0
100829,Tabbouleh Salad,سلطة التبولة,Salad,Middle Eastern,Easy,Light / Vegan,Lunch,15.0,0.0,15,4,9,4,183,5.1,29.9,7.4,3.3,4.8,3.8,350.0,0.0,46.6,65.0,2.9,1,1,Gluten,57.4,2.79,Medium,Very Low,High Carb,Normal,Medium,,
100830,Shakshuka,شكشوكة,Breakfast,Middle Eastern,Easy,Balanced,Breakfast,5.0,23.0,28,8,11,2,305,15.8,17.8,15.4,6.4,3.5,8.0,,363.0,28.4,89.0,3.8,0,1,Eggs,46.1,5.18,Low,Low,Balanced Macro,Normal,Medium,5.0,2.0
100831,Meal Prep Chicken Rice,دجاج وأرز للميل بريب,Main Course,International,Easy,Muscle Gain / Meal Prep,Dinner,13.0,,33,7,9,2,406,38.9,52.4,10.8,4.8,3.6,2.2,470.0,87.0,7.1,42.0,,0,0,None,51.0,9.58,High,Moderate,Mixed,Normal,Medium,4.5,
100832,Overnight Oats 5 Ways,شوفان بالليل 5 وصفات,Breakfast,International,Very Easy,Meal Prep / Healthy,Breakfast,9.0,0.0,9,6,6,4,365,14.9,57.1,8.3,2.9,6.5,16.7,146.0,7.0,8.4,226.0,2.8,0,1,Dairy|Gluten,55.4,4.08,High,Low,High Carb,Normal,Low,4.25,8.0
100833,Grilled Chicken Breast,صدر دجاج مشوي,Main Course,Mediterranean,Easy,High Protein / Weight Loss,Dinner,10.0,,35,8,50,2,299,38.9,4.2,13.0,,0.6,1.3,475.0,,9.6,24.0,1.8,0,0,None,46.6,13.01,Low,Low,High Protein,Overweight,Low,4.33,
100834,Egg White Omelette,عجة بياض البيض,Breakfast,International,Very Easy,High Protein / Low Cal,Breakfast,6.0,5.0,11,4,7,1,203,21.1,4.4,5.5,2.1,0.9,2.3,308.0,10.0,9.2,63.0,1.6,0,1,Eggs,52.0,10.39,Low,Low,High Protein,Normal,Low,4.6,5.0
100835,Tuna Salad Bowl,بول سلطة التونة,Salad,Mediterranean,Very Easy,Weight Loss,Lunch,10.0,0.0,720,6,7,4,183,25.2,7.3,6.6,2.3,2.7,3.9,554.0,35.0,24.6,43.0,2.2,0,0,Seafood,55.3,13.77,Low,Very Low,High Protein,Overweight,Low,3.71,7.0
100836,Protein Pancakes,بانكيك البروتين,Breakfast,American,Very Easy,Muscle Gain,Breakfast,4.0,8.0,12,8,7,6,297,32.8,28.3,7.6,2.2,2.1,5.2,286.0,193.0,2.2,174.0,2.0,0,1,Dairy|Eggs|Gluten,53.9,11.04,Medium,Low,High Protein,Underweight,Low,5.0,
100837,Greek Yogurt Parfait,بارفيه الزبادي اليوناني,Snack,International,Very Easy,Healthy Snack,Snack,4.0,0.0,4,2,6,2,353,22.6,35.5,6.9,2.7,3.1,19.5,101.0,14.0,15.5,306.0,1.6,0,1,Dairy,50.0,6.4,Medium,Low,Mixed,Normal,Low,4.0,1.0
100838,Chicken Vegetable Stir Fry,دجاج مقلي بالخضار,Main Course,Asian,Easy,Balanced,Dinner,15.0,13.0,28,9,9,2,432,36.6,29.7,12.4,5.4,4.3,7.2,626.0,92.0,,61.0,2.4,0,0,Nuts|Soy,51.7,8.47,Medium,Moderate,High Protein,Normal,Medium,4.12,8.0
100839,Baked Salmon with Vegetables,سالمون مشوي بالخضار,Main Course,Western,Easy,Heart Health,Dinner,9.0,,34,9,9,6,410,39.9,14.4,23.0,6.3,4.6,4.4,415.0,97.0,47.2,50.0,2.7,0,0,Seafood,54.8,9.73,Low,Moderate,High Protein,Normal,Medium,4.0,2.0
100840,Turkey Lettuce Wraps,لفائف الخس بالديك الرومي,Light Meal,Asian,Easy,Keto / Low Carb,Dinner,9.0,11.0,20,8,8,2,247,27.8,8.1,9.9,4.4,2.1,2.9,440.0,64.0,,38.0,1.8,0,0,Dairy|Nuts|Soy,50.3,11.26,Low,Low,High Protein,Overweight,Low,3.5,4.0
100841,Boiled Eggs with Avocado,بيض مسلوق مع أفوكادو,Breakfast,International,Very Easy,Keto,Breakfast,2.0,7.0,9,3,6,6,285,14.5,9.3,26.3,,5.6,0.8,331.0,401.0,10.0,55.0,2.1,0,1,Eggs,49.1,5.09,Low,Low,High Fat / Keto,Overweight,Low,4.0,2.0
100842,Shrimp Stir Fry,روبيان مقلي,Main Course,Asian,Easy,High Protein / Low Cal,Dinner,11.0,9.0,20,6,9,4,277,30.1,18.9,9.4,3.9,2.8,5.0,552.0,,18.4,101.0,3.7,0,0,Nuts|Soy|Seafood,51.9,10.87,Medium,Low,High Protein,Normal,Medium,3.6,
100843,Quinoa Buddha Bowl,بودا بول الكينوا,Main Course,International,Medium,Vegan / Balanced,Dinner,18.0,14.0,32,9,9,2,371,16.4,58.7,13.1,3.8,7.5,7.6,381.0,0.0,60.5,126.0,,1,1,None,62.1,4.42,High,Low,High Carb,Normal,Medium,5.0,1.0
100844,Lentil Soup,شوربة العدس,Soup,Middle Eastern,Easy,High Fiber / Budget,Lunch,10.0,25.0,35,9,11,1,293,18.8,43.2,4.1,1.2,10.5,4.0,565.0,0.0,12.3,72.0,4.9,1,1,None,63.2,6.42,Medium,Low,High Carb,Normal,Medium,-1.0,6.0
100845,Veggie Omelette,عجة الخضار,Breakfast,International,Very Easy,Balanced,Breakfast,6.0,8.0,14,7,8,4,266,19.5,6.6,15.7,,2.0,2.6,336.0,331.0,17.4,80.0,2.3,0,1,Eggs,48.7,7.33,Low,Low,High Protein,Normal,Low,,3.0
100846,Hummus with Vegetables,حمص مع الخضار,Snack,Middle Eastern,EASY,Healthy Snack,Snack,7.0,0.0,7,6,9,1,220,9.8,23.1,10.9,3.4,5.3,3.1,331.0,0.0,21.8,94.0,3.4,1,1,None,57.7,4.45,Medium,Low,Mixed,Normal,Medium,4.6,5.0
100847,Spinach Lentil Dal,عدس بالسبانخ,Main Course,Indian,Easy,High Iron / Vegan,Dinner,10.0,31.0,41,9,10,4,286,19.0,46.8,5.5,1.6,11.3,4.1,407.0,0.0,,,,0,1,Dairy|Nuts,67.5,6.64,High,Low,High Carb,Normal,Medium,3.25,4.0
100848,Caprese Salad,سلطة كابريزي,Salad,Italian,Very Easy,Light / Healthy,Lunch,6.0,0.0,6,4,7,2,253,11.6,5.9,16.9,5.8,0.6,4.4,323.0,41.0,22.6,271.0,0.7,1,1,None,44.7,,Low,Low,Mixed,Normal,Low,4.6,5.0
100849,Overnight Oats,شوفان بالليل,Breakfast,International,Very Easy,Sustained Energy,Breakfast,,0.0,4,4,8,2,354,13.8,56.4,8.7,2.5,7.1,16.6,169.0,6.0,9.4,,2.9,0,1,Dairy|Gluten|Nuts,57.2,3.9,High,Low,High Carb,Normal,Low,4.25,4.0
100850,Avocado Toast with Egg,توست الأفوكادو مع بيض,Breakfast,International,Very Easy,Balanced,Breakfast,5.0,5.0,10,5,8,2,387,15.3,28.0,22.5,9.9,7.8,2.2,368.0,188.0,14.1,53.0,2.8,0,1,Eggs|Gluten,50.7,3.95,Medium,Low,Mixed,Normal,Low,4.0,
100851,Black Bean Tacos,تاكو الفول الأسود,Main Course,Mexican,Easy,Vegan / Budget,Lunch,8.0,11.0,19,8,10,4,417,-5.0,57.6,9.4,3.6,15.2,3.7,546.0,0.0,16.6,104.0,,1,1,None,59.4,3.98,High,Moderate,High Carb,Normal,Medium,5.0,1.0
100852,Mushroom Risotto,ريزوتو الفطر,Main Course,Italian,Medium,Comfort Food,Dinner,9.0,34.0,43,11,10,4,462,13.8,63.5,13.3,5.7,3.0,3.4,639.0,22.0,4.0,69.0,2.6,0,1,Dairy,43.2,2.99,High,Moderate,High Carb,Normal,Medium,4.8,5.0
100853,Chicken Vegetable Soup,شوربة الدجاج بالخضار,Soup,International,Easy,Immunity / Recovery,Lunch,15.0,35.0,50,9,11,2,264,25.8,21.6,7.4,2.5,,4.3,623.0,60.0,32.6,63.0,2.7,0,0,None,54.6,9.77,Medium,Low,High Protein,Normal,Medium,3.67,6.0
100854,Tomato Basil Soup,شوربة الطماطم والريحان,Soup,Italian,Easy,Light / Vegan,Lunch,12.0,22.0,34,9,9,2,180,4.9,25.8,6.4,2.3,4.3,13.1,548.0,0.0,26.1,64.0,1.7,0,1,Dairy,48.6,2.72,Medium,Very Low,High Carb,Normal,Medium,4.25,4.0
100855,Minestrone Soup,شوربة مينستروني,Soup,Italian,Easy,High Fiber / Balanced,Lunch,12.0,31.0,43,9,10,4,277,12.9,43.5,6.9,2.9,,6.2,579.0,4.0,28.1,91.0,3.9,1,1,Gluten,59.8,4.66,Medium,Low,High Carb,Normal,Medium,,6.0
100856,Beef Stir Fry,لحم مقلي,Main Course,Asian,Easy,Muscle Gain,Dinner,11.0,11.0,22,10,10,1,412,33.5,25.2,16.4,6.7,3.1,4.3,863.0,85.0,14.0,46.0,4.3,0,0,Nuts|Soy,43.4,8.13,Medium,Moderate,High Protein,Underweight,Medium,4.0,3.0
100857,Lean Beef Rice Bowl,بول أرز باللحمة,Main Course,Asian Fusion,Easy,Muscle Gain / Bulking,Dinner,8.0,23.0,31,10,10,2,482,35.9,57.6,13.0,3.7,2.9,5.5,669.0,76.0,10.7,53.0,3.8,0,0,Nuts|Soy,48.0,7.45,High,Moderate,Mixed,Underweight,Medium,3.83,6.0
100858,Turkey Meatballs,كرات ديك رومي,Main Course,Italian,Easy,High Protein,Dinner,14.0,21.0,35,8,8,2,351,32.0,19.1,13.4,4.4,2.3,3.4,542.0,86.0,8.3,,,0,0,Eggs|Gluten,48.2,9.12,Medium,Low,High Protein,Normal,Low,3.86,7.0
100859,Whole Wheat Pasta Turkey,مكرونة قمح بالديك الرومي,Main Course,Italian,Easy,Balanced,Dinner,10.0,21.0,31,12,9,1,423,41.1,61.1,9.3,,6.5,8.3,637.0,80.0,,84.0,4.1,0,0,Gluten,57.5,9.72,High,Moderate,Mixed,Normal,Medium,3.75,8.0
100860,Stuffed Bell Peppers,فلفل محشي,Main Course,Mediterranean,Medium,Balanced,Dinner,26.0,38.0,64,11,9,2,437,23.7,37.9,12.5,4.2,7.0,6.9,509.0,64.0,92.9,66.0,2.6,0,0,Dairy,58.8,5.42,Medium,Moderate,Mixed,Normal,Medium,4.75,4.0
100861,Chicken Shawarma Bowl,بول شاورما الدجاج,Main Course,Middle Eastern,Easy,High Protein,Dinner,,19.0,40,8,9,6,472,39.2,43.1,14.4,5.8,4.5,4.6,650.0,97.0,15.4,62.0,3.3,0,0,None,49.5,8.31,High,Moderate,High Protein,Normal,Medium,5.0,3.0
100862,Salmon Teriyaki,سالمون تيرياكي,Main Course,Japanese,Easy,Omega 3 / Healthy,Dinner,11.0,13.0,24,6,9,4,437,38.9,22.0,15.8,5.4,0.8,13.6,,101.0,,36.0,1.6,0,0,Nuts|Soy|Seafood,37.0,8.9,Medium,Moderate,High Protein,Normal,Medium,4.0,1.0
100863,Chicken Tikka Masala,دجاج تيكا ماسالا,Main Course,Indian,Medium,Balanced,Dinner,20.0,22.0,42,11,11,1,423,33.5,26.5,19.7,5.7,3.6,5.7,655.0,85.0,16.0,88.0,3.2,0,0,Dairy,47.3,7.92,Medium,Moderate,High Protein,Normal,Medium,5.0,2.0
100864,Zucchini Noodles with Pesto,نودلز الكوسا بالبيستو,Main Course,Italian,EASY,Low Carb / Keto,Lunch,12.0,4.0,16,7,9,6,263,9.8,14.7,22.7,8.7,4.7,5.0,380.0,13.0,21.8,,2.3,1,1,Nuts,46.4,3.73,Low,Low,Mixed,Overweight,Medium,4.0,2.0
100865,Energy Balls,كرات الطاقة,Snack,International,Easy,Healthy Snack,Snack,18.0,0.0,18,2,7,2,126,3.6,14.5,4.9,1.9,2.2,7.2,43.0,0.0,0.9,28.0,,0,1,Dairy|Gluten|Nuts,49.9,2.86,Low,Very Low,High Carb,Normal,Low,4.43,7.0
100866,Chocolate Protein Balls,كرات بروتين بالشوكولاتة,Snack,International,Easy,Post Workout,Snack,16.0,0.0,16,6,7,4,90,4.9,11.1,4.3,,1.5,6.9,42.0,0.0,3.1,19.0,0.7,0,1,Dairy|Gluten|Nuts,50.8,5.44,Low,Very Low,Mixed,Normal,Low,5.0,3.0
100867,Apple Peanut Butter,تفاح مع زبدة فول سوداني,Snack,International,Very Easy,Balanced Snack,Snack,2.0,0.0,2,2,3,2,189,5.9,26.9,9.1,3.3,,18.4,106.0,0.0,8.1,18.0,0.5,0,1,Dairy|Nuts,44.0,3.12,Medium,Very Low,High Carb,Normal,Low,4.0,4.0
100868,Trail Mix,مكسرات وفواكه مجففة,Snack,International,Very Easy,Energy Boost,Snack,3.0,0.0,3,0,6,2,353,9.8,39.5,22.7,,4.1,19.5,92.0,0.0,1.7,56.0,,1,1,Nuts,36.7,2.78,High,Low,Mixed,Normal,Low,4.43,7.0
100869,Strawberry Protein Smoothie,سموذي الفراولة والبروتين,Beverage,International,Very Easy,Muscle Gain / Post Workout,Anytime,2.0,0.0,2,3,6,1,278,27.3,38.8,4.3,1.4,4.8,25.3,138.0,9.0,76.7,203.0,,0,1,Dairy,58.6,9.82,Medium,Low,Mixed,Normal,Low,5.0,1.0
100870,Green Detox Smoothie,سموذي أخضر,Beverage,International,Very Easy,Detox / Weight Loss,Anytime,5.0,0.0,5,3,7,1,202,4.9,41.5,3.2,1.3,6.0,18.1,103.0,0.0,116.0,88.0,2.5,0,1,None,58.3,2.43,High,Low,High Carb,Overweight,Low,-1.0,3.0
100871,Banana Peanut Butter Smoothie,سموذي الموز وزبدة الفول,Beverage,International,Very Easy,Pre Workout / Energy,Anytime,4.0,0.0,4,2,7,4,411,13.0,49.5,12.1,4.9,5.5,29.5,183.0,9.0,10.9,201.0,1.7,0,1,Dairy|Gluten|Nuts,47.4,3.16,High,Moderate,High Carb,Normal,Low,,4.0
100872,Mango Turmeric Smoothie,سموذي المانجو والكركم,Beverage,International,Very Easy,Anti-Inflammatory,Anytime,6.0,0.0,6,4,7,2,249,8.7,45.1,4.4,1.4,4.1,33.5,121.0,5.0,55.5,224.0,,0,1,Dairy|Nuts,54.2,3.49,High,Low,High Carb,Normal,Low,4.0,1.0
100873,Berry Antioxidant Smoothie,سموذي التوت المضاد للأكسدة,Beverage,International,Very Easy,Immunity Boost,Anytime,4.0,,4,4,6,4,252,8.5,38.2,2.8,0.7,,29.1,81.0,5.0,33.1,131.0,1.1,0,1,Dairy|Nuts,55.2,3.37,Medium,Low,High Carb,Normal,Low,4.43,7.0
100874,Banana Nice Cream,آيس كريم الموز,Dessert,International,Very Easy,Healthy Dessert / Vegan,Dessert,5.0,0.0,5,1,2,2,109,1.9,27.5,0.5,0.2,2.6,16.1,2.0,0.0,12.3,7.0,0.3,1,1,None,49.2,1.74,Medium,Very Low,High Carb,Normal,Low,3.33,3.0
100875,Chia Pudding,بودنج الشيا,Dessert/Snack,International,Very Easy,High Fiber / Omega 3,Snack,10.0,0.0,10,2,5,4,253,9.6,33.2,11.7,3.9,16.0,17.8,150.0,5.0,3.2,272.0,2.4,0,1,Dairy|Nuts,54.9,,Medium,Low,High Carb,Normal,Low,4.0,4.0
100876,Baked Cinnamon Apples,تفاح مخبوز بالقرفة,Dessert,International,Very Easy,Healthy Dessert,Dessert,6.0,20.0,26,4,6,2,179,1.0,42.3,1.8,0.6,4.9,37.8,9.0,0.0,,19.0,0.5,0,1,Dairy|Gluten,50.4,0.56,High,Very Low,High Carb,Normal,Low,4.22,9.0
100877,Falafel Wrap,سندويتش فلافل,Main Course,Middle Eastern,Medium,Vegan / Protein,Dinner,21.0,13.0,34,12,11,6,531,16.9,61.0,16.6,5.7,9.9,3.8,646.0,0.0,12.9,109.0,,1,1,Gluten,55.3,3.18,High,Moderate,High Carb,Normal,Medium,4.4,5.0
100878,Tabbouleh Salad,سلطة التبولة,Salad,Middle Eastern,Easy,Light / Vegan,Lunch,12.0,0.0,12,5,9,1,190,5.0,27.4,7.4,3.3,6.3,3.8,335.0,0.0,36.0,,3.1,1,1,Gluten,59.5,2.63,Medium,Very Low,High Carb,Normal,Medium,4.5,4.0
100879,Shakshuka,شكشوكة,Breakfast,Middle Eastern,Easy,Balanced,Breakfast,6.0,16.0,22,8,11,2,302,17.5,16.3,15.9,6.5,4.0,7.7,617.0,420.0,,71.0,3.7,0,1,Eggs,46.4,5.79,Low,Low,Balanced Macro,Normal,Medium,3.75,4.0
100880,Meal Prep Chicken Rice,دجاج وأرز للميل بريب,Main Course,International,Easy,Muscle Gain / Meal Prep,Dinner,17.0,31.0,48,10,9,2,469,41.4,44.6,9.2,3.3,2.6,1.8,444.0,92.0,7.6,43.0,1.7,0,0,None,51.4,8.83,High,Moderate,High Protein,Normal,Medium,4.0,3.0
100881,Overnight Oats 5 Ways,شوفان بالليل 5 وصفات,Breakfast,International,Very Easy,Meal Prep / Healthy,Breakfast,10.0,,10,5,6,4,336,13.3,52.1,8.7,3.3,5.9,18.4,,,9.7,226.0,2.4,0,1,Dairy|Gluten,52.3,3.96,High,Low,High Carb,Normal,Low,4.0,3.0
100882,Grilled Chicken Breast,صدر دجاج مشوي,Main Course,Mediterranean,Easy,High Protein / Weight Loss,Dinner,13.0,17.0,30,9,7,2,332,40.8,4.3,12.8,4.2,0.4,1.1,475.0,102.0,14.3,25.0,2.0,0,0,None,48.0,12.29,Low,Low,High Protein,Overweight,Low,4.33,3.0
100883,Egg White Omelette,عجة بياض البيض,Breakfast,International,Very Easy,High Protein / Low Cal,Breakfast,5.0,6.0,11,7,7,2,166,21.1,4.1,6.3,2.6,1.0,1.6,322.0,9.0,8.1,65.0,1.3,0,1,Eggs,52.5,12.71,Low,Very Low,High Protein,Normal,Low,5.0,1.0
100884,Tuna Salad Bowl,بول سلطة التونة,Salad,Mediterranean,Very Easy,Weight Loss,Lunch,9.0,0.0,9,4,7,1,209,26.6,8.3,6.6,2.7,2.9,5.4,595.0,45.0,,44.0,2.2,0,0,Seafood,53.0,12.73,Low,Low,High Protein,Overweight,Low,,3.0
100885,Protein Pancakes,بانكيك البروتين,Breakfast,American,Very Easy,Muscle Gain,Breakfast,5.0,8.0,13,7,7,1,321,31.3,27.4,8.0,2.6,2.3,7.0,309.0,186.0,,164.0,,0,1,Dairy|Eggs|Gluten,51.9,9.75,Medium,Low,High Protein,Underweight,Low,5.0,2.0
100886,Greek Yogurt Parfait,بارفيه الزبادي اليوناني,Snack,International,Very Easy,Healthy Snack,Snack,6.0,0.0,6,2,6,4,308,22.5,37.6,7.4,2.9,,21.1,99.0,15.0,15.0,314.0,1.7,0,1,Dairy,49.8,,Medium,Low,Mixed,Normal,Low,,2.0
100887,Chicken Vegetable Stir Fry,دجاج مقلي بالخضار,Main Course,Asian,Easy,Balanced,Dinner,19.0,15.0,34,7,9,4,436,35.2,29.5,12.9,5.4,4.6,7.1,640.0,90.0,40.6,55.0,2.7,0,0,Nuts|Soy,51.1,,Medium,Moderate,High Protein,Normal,Medium,3.2,5.0
100888,Baked Salmon with Vegetables,سالمون مشوي بالخضار,Main Course,Western,Easy,Heart Health,Dinner,10.0,17.0,27,7,9,2,447,37.4,13.0,20.7,8.8,4.1,4.5,,96.0,32.5,56.0,2.2,0,0,Seafood,48.1,8.37,Low,Moderate,High Protein,Normal,Medium,4.12,8.0
100889,Turkey Lettuce Wraps,لفائف الخس بالديك الرومي,Light Meal,Asian,Easy,Keto / Low Carb,Dinner,8.0,12.0,20,6,8,1,275,26.1,8.0,10.0,2.7,2.1,3.5,441.0,60.0,16.1,34.0,2.0,0,0,Dairy|Nuts|Soy,51.7,9.49,Low,Low,High Protein,Overweight,Low,3.5,2.0
100890,Boiled Eggs with Avocado,بيض مسلوق مع أفوكادو,Breakfast,International,Very Easy,Keto,Breakfast,2.0,8.0,10,5,6,2,321,16.4,9.3,24.3,,7.3,0.8,299.0,348.0,11.7,46.0,2.0,0,1,Eggs,51.4,5.11,Low,Low,Mixed,Overweight,Low,3.75,4.0
100891,Shrimp Stir Fry,روبيان مقلي,Main Course,Asian,Easy,High Protein / Low Cal,Dinner,12.0,11.0,23,8,9,1,302,29.3,18.0,8.2,3.3,3.0,4.8,656.0,203.0,21.4,79.0,3.0,0,0,Nuts|Soy|Seafood,51.4,9.7,Medium,Low,High Protein,Normal,Medium,3.25,4.0
100892,Quinoa Buddha Bowl,بودا بول الكينوا,Main Course,International,Medium,Vegan / Balanced,Dinner,17.0,19.0,36,8,9,1,415,18.9,59.6,12.6,3.4,9.6,6.4,323.0,0.0,65.4,126.0,4.4,1,1,None,64.2,4.55,High,Moderate,High Carb,Normal,Medium,4.67,3.0
100893,Lentil Soup,شوربة العدس,Soup,Middle Eastern,Easy,High Fiber / Budget,Lunch,13.0,39.0,52,11,11,1,314,17.6,44.8,4.3,1.5,13.0,5.4,648.0,0.0,17.5,82.0,5.9,1,1,None,61.9,5.61,Medium,Low,High Carb,Normal,Medium,4.6,5.0
100894,Veggie Omelette,عجة الخضار,Breakfast,International,Very Easy,Balanced,Breakfast,6.0,7.0,13,7,8,1,230,18.2,5.6,15.7,5.6,1.6,3.1,366.0,404.0,20.2,91.0,2.2,0,1,Eggs,47.6,7.91,Low,Low,High Protein,Normal,Low,3.67,3.0
100895,Hummus with Vegetables,حمص مع الخضار,Snack,Middle Eastern,Very Easy,Healthy Snack,Snack,,0.0,11,7,9,4,208,9.9,22.7,10.0,3.4,6.3,2.8,298.0,0.0,22.4,77.0,2.8,1,1,None,59.9,4.76,Medium,Low,Mixed,Normal,Medium,3.33,
100896,Spinach Lentil Dal,عدس بالسبانخ,Main Course,Indian,Easy,High Iron / Vegan,Dinner,7.0,30.0,37,8,10,2,316,19.7,50.2,6.1,2.1,16.1,3.8,395.0,0.0,30.1,137.0,6.2,0,1,Dairy|Nuts,66.6,,Medium,Low,High Carb,Normal,Medium,4.0,4.0
100897,Caprese Salad,سلطة كابريزي,Salad,Italian,Very Easy,Light / Healthy,Lunch,6.0,,6,4,7,6,234,12.4,5.6,15.3,4.3,0.5,4.5,334.0,43.0,,,0.7,1,1,None,46.1,,Low,Low,Mixed,Normal,Low,4.0,2.0
100898,Overnight Oats,شوفان بالليل,Breakfast,International,Very Easy,Sustained Energy,Breakfast,6.0,0.0,6,5,8,1,361,14.2,57.4,9.6,3.4,8.6,21.0,139.0,5.0,9.1,,2.9,0,1,Dairy|Gluten|Nuts,55.0,3.93,High,Low,High Carb,Normal,Low,4.25,4.0
100899,Avocado Toast with Egg,توست الأفوكادو مع بيض,Breakfast,International,Very Easy,Balanced,Breakfast,6.0,4.0,10,6,8,6,419,14.9,32.1,21.4,9.0,,2.2,,211.0,11.8,55.0,2.7,0,1,Eggs|Gluten,51.7,3.56,Medium,Moderate,Mixed,Normal,Low,3.0,2.0
100900,Black Bean Tacos,تاكو الفول الأسود,Main Course,Mexican,Easy,Vegan / Budget,Lunch,7.0,10.0,17,6,10,4,436,16.0,60.7,10.2,3.3,,4.6,551.0,0.0,16.1,107.0,,1,1,None,59.2,3.67,High,Moderate,High Carb,Normal,Medium,4.6,5.0
100901,Mushroom Risotto,ريزوتو الفطر,Main Course,Italian,Medium,Comfort Food,Dinner,8.0,32.0,40,12,10,1,409,12.8,71.9,15.2,4.4,3.2,4.4,503.0,22.0,3.4,,2.6,0,1,Dairy,46.7,3.13,High,Moderate,High Carb,Normal,Medium,4.4,5.0
100902,Chicken Vegetable Soup,شوربة الدجاج بالخضار,Soup,International,Easy,Immunity / Recovery,Lunch,12.0,25.0,37,12,11,1,279,25.4,21.4,7.6,3.2,4.6,4.9,680.0,74.0,24.1,55.0,2.8,0,0,None,54.1,9.1,Medium,Low,High Protein,Normal,Medium,,2.0
100903,Tomato Basil Soup,شوربة الطماطم والريحان,Soup,Italian,Easy,Light / Vegan,Lunch,12.0,25.0,37,7,9,1,200,5.1,26.9,7.3,2.0,4.3,12.5,501.0,0.0,31.1,56.0,2.0,0,1,Dairy,50.3,2.55,Medium,Low,High Carb,Normal,Medium,5.0,
100904,Minestrone Soup,شوربة مينستروني,Soup,Italian,Easy,High Fiber / Balanced,Lunch,11.0,37.0,48,10,10,1,330,12.7,42.1,6.5,,8.9,6.7,634.0,4.0,27.7,84.0,3.4,1,1,Gluten,58.8,3.85,Medium,Low,High Carb,Normal,Medium,3.33,3.0
100905,Beef Stir Fry,لحم مقلي,Main Course,Asian,Easy,Muscle Gain,Dinner,18.0,13.0,31,7,10,2,416,34.5,28.4,19.0,7.0,3.8,4.9,786.0,103.0,14.6,48.0,3.9,0,0,Nuts|Soy,44.8,8.29,Medium,Moderate,High Protein,Underweight,Medium,4.5,
100906,Lean Beef Rice Bowl,بول أرز باللحمة,Main Course,Asian Fusion,Easy,Muscle Gain / Bulking,Dinner,9.0,17.0,26,9,10,4,562,39.6,62.5,13.0,5.1,3.5,5.1,821.0,76.0,8.2,,4.5,0,0,Nuts|Soy,45.7,7.05,High,Moderate,Mixed,Underweight,Medium,4.25,4.0
100907,Turkey Meatballs,كرات ديك رومي,Main Course,Italian,Easy,High Protein,Dinner,18.0,21.0,39,9,8,2,326,32.8,17.5,13.6,5.0,1.9,2.6,434.0,95.0,8.6,64.0,2.6,0,0,Eggs|Gluten,48.5,10.06,Medium,Low,High Protein,Normal,Low,4.25,
100908,Whole Wheat Pasta Turkey,مكرونة قمح بالديك الرومي,Main Course,Italian,Easy,Balanced,Dinner,7.0,22.0,29,12,9,4,422,34.8,51.5,10.6,4.2,7.6,5.9,733.0,65.0,21.6,72.0,3.4,0,0,Gluten,57.1,8.25,High,Moderate,Mixed,Normal,Medium,4.4,5.0
100909,Stuffed Bell Peppers,فلفل محشي,Main Course,Mediterranean,Medium,Balanced,Dinner,25.0,39.0,0,10,9,1,428,23.1,45.5,11.4,4.6,7.1,8.6,598.0,62.0,94.8,51.0,3.3,0,0,Dairy,56.9,5.4,High,Moderate,Mixed,Normal,Medium,4.5,4.0
100910,Chicken Shawarma Bowl,بول شاورما الدجاج,Main Course,Middle Eastern,Easy,High Protein,Dinner,22.0,17.0,39,8,9,2,393,35.0,39.6,14.6,5.7,4.4,4.6,661.0,84.0,17.7,60.0,,0,0,None,49.8,8.91,High,Low,Balanced Macro,Normal,Medium,,3.0
100911,Salmon Teriyaki,سالمون تيرياكي,Main Course,Japanese,Easy,Omega 3 / Healthy,Dinner,8.0,17.0,25,6,9,1,386,36.4,26.1,16.7,4.2,1.0,11.4,498.0,102.0,5.2,46.0,,0,0,Nuts|Soy|Seafood,41.5,9.43,Medium,Low,High Protein,Normal,Medium,2.5,2.0
100912,Chicken Tikka Masala,دجاج تيكا ماسالا,Main Course,Indian,Medium,Balanced,Dinner,23.0,22.0,45,11,11,2,357,31.0,30.5,19.4,6.2,2.9,6.0,615.0,86.0,15.7,89.0,4.0,0,0,Dairy,46.2,8.68,Medium,Low,Balanced Macro,Normal,Medium,4.33,3.0
100913,Zucchini Noodles with Pesto,نودلز الكوسا بالبيستو,Main Course,Italian,Easy,Low Carb / Keto,Lunch,10.0,6.0,16,4,9,6,314,10.4,13.6,20.0,7.2,3.8,4.1,369.0,15.0,23.3,132.0,1.7,1,1,Nuts,47.2,3.31,Low,Low,Mixed,Overweight,Medium,4.67,3.0
100914,Energy Balls,كرات الطاقة,Snack,International,Easy,Healthy Snack,Snack,17.0,0.0,17,4,7,6,119,3.6,16.6,4.7,1.5,2.0,7.3,42.0,0.0,1.2,33.0,0.9,0,1,Dairy|Gluten|Nuts,50.1,3.03,Low,Very Low,High Carb,Normal,Low,4.33,6.0
100915,Chocolate Protein Balls,كرات بروتين بالشوكولاتة,Snack,International,Easy,Post Workout,Snack,11.0,0.0,11,5,7,2,91,5.3,11.2,3.9,1.0,1.3,6.3,44.0,0.0,,20.0,,0,1,Dairy|Gluten|Nuts,51.2,,Low,Very Low,Mixed,Normal,Low,4.2,5.0
100916,Apple Peanut Butter,تفاح مع زبدة فول سوداني,Snack,International,Very Easy,Balanced Snack,Snack,2.0,0.0,2,4,3,4,231,6.1,29.6,9.4,3.4,3.6,16.8,105.0,0.0,7.2,21.0,0.6,0,1,Dairy|Nuts,45.2,2.64,Medium,Low,High Carb,Normal,Low,4.25,4.0
100917,Trail Mix,مكسرات وفواكه مجففة,Snack,International,Very Easy,Energy Boost,Snack,2.0,0.0,2,2,6,2,5,9.5,35.4,25.9,8.8,4.2,19.1,73.0,0.0,2.4,61.0,2.9,1,1,Nuts,38.5,2.49,Medium,Low,Mixed,Normal,Low,4.67,3.0
100918,Strawberry Protein Smoothie,سموذي الفراولة والبروتين,Beverage,International,Very Easy,Muscle Gain / Post Workout,Anytime,3.0,0.0,3,2,6,2,254,26.5,38.7,3.9,1.7,,18.0,148.0,10.0,74.3,185.0,1.4,0,1,Dairy,56.7,10.43,High,Low,Mixed,Normal,Low,4.25,4.0
100919,Green Detox Smoothie,سموذي أخضر,Beverage,International,Very Easy,Detox / Weight Loss,Anytime,4.0,0.0,4,2,7,1,153,4.9,34.9,2.9,,5.2,21.7,102.0,0.0,121.2,71.0,2.6,0,1,None,56.5,3.2,Medium,Very Low,High Carb,Overweight,Low,4.0,7.0
100920,Banana Peanut Butter Smoothie,سموذي الموز وزبدة الفول,Beverage,International,Very Easy,Pre Workout / Energy,Anytime,3.0,0.0,3,4,7,4,401,14.2,51.3,12.7,5.0,5.0,24.8,173.0,9.0,12.9,193.0,1.5,0,1,Dairy|Gluten|Nuts,46.5,3.54,High,Moderate,High Carb,Normal,Low,,2.0
100921,Mango Turmeric Smoothie,سموذي المانجو والكركم,Beverage,International,Very Easy,Anti-Inflammatory,Anytime,5.0,0.0,5,2,7,2,270,8.0,46.3,4.2,1.1,4.6,26.5,137.0,5.0,,189.0,0.7,0,1,Dairy|Nuts,54.9,,High,Low,High Carb,Normal,Low,4.5,4.0
100922,Berry Antioxidant Smoothie,سموذي التوت المضاد للأكسدة,Beverage,International,Very Easy,Immunity Boost,Anytime,3.0,0.0,3,2,6,1,198,8.4,39.2,2.7,1.1,6.1,29.3,91.0,4.0,36.5,172.0,1.0,0,1,Dairy|Nuts,57.6,4.24,Medium,Very Low,High Carb,Normal,Low,4.8,5.0
100923,Banana Nice Cream,آيس كريم الموز,Dessert,International,Very Easy,Healthy Dessert / Vegan,Dessert,6.0,0.0,6,2,2,6,104,2.2,30.6,0.5,0.2,3.3,17.3,2.0,0.0,12.9,5.0,0.3,1,1,None,50.2,2.12,Medium,Very Low,High Carb,Normal,Low,3.0,2.0
100924,Chia Pudding,بودنج الشيا,Dessert/Snack,International,Very Easy,High Fiber / Omega 3,Snack,12.0,0.0,12,2,5,2,268,10.9,35.3,11.0,4.3,13.3,14.0,157.0,5.0,3.2,286.0,2.2,0,1,Dairy|Nuts,56.3,4.07,Medium,Low,High Carb,Normal,Low,,6.0
100925,Baked Cinnamon Apples,تفاح مخبوز بالقرفة,Dessert,International,Very Easy,Healthy Dessert,Dessert,6.0,28.0,34,4,6,1,203,1.0,41.7,2.0,0.7,5.2,33.4,7.0,0.0,8.6,21.0,0.5,0,1,Dairy|Gluten,50.8,0.49,High,Low,High Carb,Normal,Low,3.0,
100926,Falafel Wrap,سندويتش فلافل,Main Course,Middle Eastern,Medium,Vegan / Protein,Dinner,24.0,17.0,41,12,11,1,532,16.8,65.1,16.1,5.4,10.2,4.5,632.0,0.0,12.5,133.0,6.8,1,1,Gluten,55.9,3.16,High,Moderate,High Carb,Normal,Medium,4.29,7.0
100927,Tabbouleh Salad,سلطة التبولة,Salad,Middle Eastern,Easy,Light / Vegan,Lunch,15.0,0.0,15,4,9,2,180,4.9,28.3,6.8,2.2,6.8,4.5,426.0,0.0,33.3,,2.9,1,1,Gluten,60.5,2.72,Medium,Very Low,High Carb,Normal,Medium,4.0,2.0
100928,Shakshuka,شكشوكة,Breakfast,Middle Eastern,Easy,Balanced,Breakfast,4.0,18.0,22,7,11,2,287,16.9,19.0,15.4,4.4,3.3,9.5,561.0,355.0,27.6,83.0,3.2,0,1,Eggs,47.8,5.89,Medium,Low,Balanced Macro,Normal,Medium,,4.0
100929,Meal Prep Chicken Rice,دجاج وأرز للميل بريب,Main Course,International,Easy,Muscle Gain / Meal Prep,Dinner,16.0,31.0,47,9,9,6,435,41.4,51.2,9.2,4.1,,1.8,521.0,81.0,8.6,44.0,2.1,0,0,None,52.0,9.52,High,Moderate,High Protein,Normal,Medium,,1.0
100930,Overnight Oats 5 Ways,شوفان بالليل 5 وصفات,Breakfast,International,Very Easy,Meal Prep / Healthy,Breakfast,11.0,0.0,11,6,6,2,397,14.3,53.9,8.3,3.7,7.3,17.3,167.0,7.0,9.4,221.0,2.2,0,1,Dairy|Gluten,54.8,3.6,High,Low,High Carb,Normal,Low,5.0,1.0
100931,Grilled Chicken Breast,صدر دجاج مشوي,Main Course,Mediterranean,Easy,High Protein / Weight Loss,Dinner,9.0,16.0,25,7,7,2,352,41.6,3.7,13.6,3.5,0.4,1.2,385.0,101.0,11.4,26.0,1.8,0,0,None,49.3,11.82,Low,Low,High Protein,Overweight,Low,4.33,3.0
100932,Egg White Omelette,عجة بياض البيض,Breakfast,International,Very Easy,High Protein / Low Cal,Breakfast,5.0,7.0,12,6,7,4,173,21.9,4.2,6.5,,1.0,1.8,275.0,11.0,,61.0,1.7,0,1,Eggs,53.9,12.66,Low,Very Low,High Protein,Normal,Low,3.75,4.0
100933,Tuna Salad Bowl,بول سلطة التونة,Salad,Mediterranean,Very Easy,Weight Loss,Lunch,7.0,0.0,7,3,7,4,215,28.5,8.0,7.6,,2.5,4.0,486.0,45.0,29.4,45.0,1.9,0,0,Seafood,56.1,13.26,Low,Low,High Protein,Overweight,Low,4.17,6.0
100934,Protein Pancakes,بانكيك البروتين,Breakfast,American,Very Easy,Muscle Gain,Breakfast,5.0,8.0,13,8,7,4,290,29.4,26.0,8.5,2.6,2.4,5.7,263.0,169.0,1.9,192.0,2.3,0,1,Dairy|Eggs|Gluten,53.7,10.14,Medium,Low,High Protein,Underweight,Low,4.33,3.0
100935,Greek Yogurt Parfait,بارفيه الزبادي اليوناني,Snack,International,Very Easy,Healthy Snack,Snack,6.0,0.0,6,4,6,6,275,23.4,34.6,7.2,2.4,3.2,20.4,86.0,17.0,13.3,328.0,1.5,0,1,Dairy,51.6,8.51,Medium,Low,Mixed,Normal,Low,4.5,4.0
100936,Chicken Vegetable Stir Fry,دجاج مقلي بالخضار,Main Course,Asian,Easy,Balanced,Dinner,19.0,18.0,37,7,9,2,349,38.2,29.0,10.8,3.4,4.3,7.3,603.0,91.0,,67.0,2.5,0,0,Nuts|Soy,55.6,10.95,Medium,Low,High Protein,Normal,Medium,4.0,2.0
100937,Baked Salmon with Vegetables,سالمون مشوي بالخضار,Main Course,Western,Easy,Heart Health,Dinner,9.0,24.0,33,7,9,4,403,43.8,13.4,23.7,6.0,3.9,5.8,414.0,99.0,34.6,52.0,2.7,0,0,Seafood,52.5,10.87,Low,Moderate,High Protein,Normal,Medium,4.5,2.0
100938,Turkey Lettuce Wraps,لفائف الخس بالديك الرومي,Light Meal,Asian,Easy,Keto / Low Carb,Lunch,9.0,9.0,18,8,8,4,261,28.0,8.5,10.4,3.9,2.0,2.9,501.0,65.0,12.4,,2.3,0,0,Dairy|Nuts|Soy,49.8,10.73,Low,Low,High Protein,Overweight,Low,4.67,
100939,Boiled Eggs with Avocado,بيض مسلوق مع أفوكادو,Breakfast,International,Very Easy,Keto,Breakfast,2.0,7.0,9,6,6,2,350,17.0,9.8,21.9,8.4,,0.8,324.0,336.0,8.5,47.0,,0,1,Eggs,53.5,4.86,Low,Low,Mixed,Overweight,Low,4.5,2.0
100940,Shrimp Stir Fry,روبيان مقلي,Main Course,Asian,Easy,High Protein / Low Cal,Dinner,12.0,10.0,22,7,9,4,257,29.0,17.3,9.8,3.5,3.2,4.2,687.0,191.0,,,3.7,0,0,Nuts|Soy|Seafood,52.4,11.28,Low,Low,High Protein,Normal,Medium,4.25,4.0
100941,Quinoa Buddha Bowl,بودا بول الكينوا,Main Course,International,Medium,Vegan / Balanced,Dinner,14.0,23.0,37,9,9,2,379,18.8,56.1,13.1,5.1,9.3,8.0,369.0,0.0,58.1,130.0,4.4,1,1,None,60.6,4.96,High,Low,High Carb,Normal,Medium,3.33,
100942,Lentil Soup,شوربة العدس,Soup,Middle Eastern,Easy,High Fiber / Budget,Lunch,12.0,25.0,37,10,11,1,313,18.4,43.0,3.8,1.0,13.7,5.4,637.0,0.0,15.0,91.0,5.4,1,1,None,62.5,5.88,Medium,Low,High Carb,Normal,Medium,,2.0
100943,Veggie Omelette,عجة الخضار,Breakfast,International,Very Easy,Balanced,Breakfast,6.0,8.0,14,4,8,2,244,17.9,6.0,15.6,6.9,1.8,3.6,410.0,371.0,17.2,79.0,2.3,0,1,Eggs,44.7,,Low,Low,High Protein,Normal,Low,5.0,
100944,Hummus with Vegetables,حمص مع الخضار,Snack,Middle Eastern,Very Easy,Healthy Snack,Snack,12.0,0.0,12,6,9,2,235,9.1,22.3,10.9,3.2,6.5,3.6,309.0,0.0,23.2,97.0,2.8,1,1,None,59.9,3.87,Medium,Low,Mixed,Normal,Medium,4.0,2.0
100945,Spinach Lentil Dal,عدس بالسبانخ,Main Course,Indian,Easy,High Iron / Vegan,Dinner,11.0,21.0,32,8,10,1,366,19.7,46.4,5.6,1.8,15.2,3.2,370.0,0.0,31.6,109.0,7.5,0,1,Dairy|Nuts,67.7,5.38,Medium,Low,High Carb,Normal,Medium,3.71,7.0
100946,Caprese Salad,سلطة كابريزي,Salad,Italian,Very Easy,Light / Healthy,Lunch,4.0,0.0,4,2,7,2,212,12.8,6.1,17.6,5.4,,4.2,426.0,,16.4,242.0,0.9,1,1,None,43.9,6.04,Low,Low,Mixed,Normal,Low,,7.0
100947,Overnight Oats,شوفان بالليل,Breakfast,International,medium ,Sustained Energy,Breakfast,4.0,0.0,4,6,8,6,324,14.5,54.9,9.1,3.3,6.9,15.3,153.0,5.0,8.0,,2.9,0,1,Dairy|Gluten|Nuts,56.5,4.48,High,Low,High Carb,Normal,Low,0.1,4.0
100948,Avocado Toast with Egg,توست الأفوكادو مع بيض,Breakfast,International,Very Easy,Balanced,Breakfast,4.0,4.0,8,4,8,2,398,15.6,28.9,21.0,6.6,7.9,1.9,389.0,,10.0,65.0,3.2,0,1,Eggs|Gluten,55.5,3.92,Medium,Low,Mixed,Normal,Low,4.6,5.0
100949,Black Bean Tacos,تاكو الفول الأسود,Main Course,Mexican,Easy,Vegan / Budget,Lunch,10.0,9.0,19,8,10,1,325,17.4,51.4,10.4,4.0,14.5,3.5,558.0,0.0,,108.0,5.7,1,1,None,59.7,5.35,High,Low,High Carb,Normal,Medium,4.0,4.0
100950,Mushroom Risotto,ريزوتو الفطر,Main Course,Italian,Medium,Comfort Food,Dinner,10.0,40.0,50,14,10,1,498,14.4,62.5,14.6,5.0,2.5,3.7,657.0,20.0,3.9,69.0,,0,1,Dairy,43.3,2.89,High,Moderate,High Carb,Normal,Medium,3.75,4.0
100951,Chicken Vegetable Soup,شوربة الدجاج بالخضار,Soup,International,Easy,Immunity / Recovery,Lunch,16.0,39.0,55,11,11,2,234,27.9,21.9,6.4,2.1,4.2,5.5,552.0,80.0,,55.0,,0,0,None,57.8,11.92,Medium,Low,High Protein,Normal,Medium,4.0,5.0
100952,Tomato Basil Soup,شوربة الطماطم والريحان,Soup,Italian,Easy,Light / Vegan,Lunch,12.0,22.0,34,8,9,4,204,5.2,30.2,7.3,3.1,3.7,11.8,421.0,0.0,24.5,53.0,1.7,0,1,Dairy,47.7,2.55,Medium,Low,High Carb,Normal,Medium,4.25,4.0
100953,Minestrone Soup,شوربة مينستروني,Soup,Italian,Easy,High Fiber / Balanced,Lunch,17.0,21.0,38,11,10,6,289,11.7,46.1,7.1,2.6,8.8,7.0,577.0,5.0,26.7,,3.4,1,1,Gluten,59.0,4.05,High,Low,High Carb,Normal,Medium,4.33,6.0
100954,Beef Stir Fry,لحم مقلي,Main Course,Asian,Easy,Muscle Gain,Dinner,11.0,18.0,1440,10,10,2,473,38.8,23.9,19.1,6.2,3.3,4.7,825.0,85.0,13.3,41.0,4.1,0,0,Nuts|Soy,44.6,8.2,Medium,Moderate,High Protein,Underweight,Medium,3.5,4.0
100955,Lean Beef Rice Bowl,بول أرز باللحمة,Main Course,Asian Fusion,Easy,Muscle Gain / Bulking,Dinner,8.0,22.0,30,9,10,2,500,36.8,63.4,11.9,3.2,3.0,5.3,752.0,77.0,9.9,43.0,,0,0,Nuts|Soy,48.0,7.36,High,Moderate,Mixed,Underweight,Medium,4.0,
100956,Turkey Meatballs,كرات ديك رومي,Main Course,Italian,Easy,High Protein,Dinner,,24.0,39,10,8,2,336,33.1,17.7,13.3,4.0,1.7,2.8,450.0,93.0,7.8,56.0,2.4,0,0,Eggs|Gluten,49.0,9.85,Medium,Low,High Protein,Normal,Low,4.17,6.0
100957,Whole Wheat Pasta Turkey,مكرونة قمح بالديك الرومي,Main Course,Italian,Easy,Balanced,Dinner,13.0,26.0,39,11,9,2,515,36.5,53.3,9.1,2.8,7.5,7.3,620.0,74.0,17.8,,4.5,0,0,Gluten,59.4,7.09,High,Moderate,Mixed,Normal,Medium,3.55,11.0
100958,Stuffed Bell Peppers,فلفل محشي,Main Course,Mediterranean,Medium,Balanced,Dinner,26.0,39.0,65,10,50,1,340,21.8,40.6,11.8,4.0,6.3,7.9,588.0,58.0,95.0,69.0,3.2,0,0,Dairy,57.3,6.41,Medium,Low,Mixed,Normal,Medium,4.4,5.0
100959,Chicken Shawarma Bowl,بول شاورما الدجاج,Main Course,Middle Eastern,Easy,High Protein,Dinner,16.0,16.0,32,8,9,4,476,35.1,41.8,12.7,3.9,4.7,4.6,583.0,80.0,16.7,52.0,2.6,0,0,None,52.6,7.37,High,Moderate,Balanced Macro,Normal,Medium,4.2,15.0
100960,Salmon Teriyaki,سالمون تيرياكي,Main Course,Japanese,Easy,Omega 3 / Healthy,Dinner,12.0,18.0,30,6,9,4,431,35.1,21.9,16.7,6.5,0.9,9.9,498.0,100.0,4.7,39.0,1.4,0,0,Nuts|Soy|Seafood,37.8,8.14,Medium,Moderate,High Protein,Normal,Medium,,15.0
100961,Chicken Tikka Masala,دجاج تيكا ماسالا,Main Course,Indian,medium ,Balanced,Dinner,24.0,38.0,62,11,11,1,381,32.5,28.7,19.2,6.3,3.6,6.1,568.0,,13.8,74.0,3.3,0,0,Dairy,47.1,8.53,Medium,Low,High Protein,Normal,Medium,4.67,3.0
100962,Zucchini Noodles with Pesto,نودلز الكوسا بالبيستو,Main Course,Italian,Easy,Low Carb / Keto,Lunch,9.0,6.0,15,5,9,2,244,10.9,14.1,20.0,5.1,3.5,5.8,345.0,15.0,17.5,,2.1,1,1,Nuts,49.2,4.47,Low,Low,Mixed,Overweight,Medium,4.5,2.0
100963,Energy Balls,كرات الطاقة,Snack,International,Easy,Healthy Snack,Snack,15.0,0.0,15,4,7,2,126,4.2,15.7,5.2,2.3,2.1,8.5,43.0,0.0,1.0,28.0,1.1,0,1,Dairy|Gluten|Nuts,48.7,3.33,Low,Very Low,High Carb,Normal,Low,4.2,15.0
100964,Chocolate Protein Balls,كرات بروتين بالشوكولاتة,Snack,International,Easy,Post Workout,Snack,12.0,0.0,12,3,7,2,106,5.2,12.4,4.4,1.2,1.5,5.5,40.0,0.0,3.3,19.0,0.7,0,1,Dairy|Gluten|Nuts,51.4,4.91,Low,Very Low,Mixed,Normal,Low,4.4,5.0
100965,Apple Peanut Butter,تفاح مع زبدة فول سوداني,Snack,International,Very Easy,Balanced Snack,Snack,2.0,0.0,720,2,3,1,215,5.8,27.7,9.7,2.8,,21.0,108.0,0.0,7.5,20.0,0.4,0,1,Dairy|Nuts,46.4,2.7,Medium,Low,High Carb,Normal,Low,3.33,
100966,Trail Mix,مكسرات وفواكه مجففة,Snack,International,Very Easy,Energy Boost,Snack,3.0,0.0,3,3,6,2,2500,9.4,36.1,23.8,9.5,4.1,21.5,84.0,0.0,1.9,66.0,2.3,1,1,Nuts,36.5,2.69,Medium,Low,Mixed,Normal,Low,3.83,
100967,Strawberry Protein Smoothie,سموذي الفراولة والبروتين,Beverage,International,Very Easy,Muscle Gain / Post Workout,Anytime,3.0,0.0,3,1,6,1,271,25.3,34.6,4.4,1.4,3.5,19.6,133.0,11.0,100.3,,1.1,0,1,Dairy,55.8,9.34,Medium,Low,Mixed,Normal,Low,2.75,4.0
100968,Green Detox Smoothie,سموذي أخضر,Beverage,International,Very Easy,Detox / Weight Loss,Anytime,4.0,0.0,4,1,7,6,204,5.3,40.4,3.2,1.2,7.0,16.1,99.0,0.0,138.2,78.0,2.7,0,1,None,61.6,2.6,Medium,Low,High Carb,Overweight,Low,4.29,7.0
100969,Banana Peanut Butter Smoothie,سموذي الموز وزبدة الفول,Beverage,International,Very Easy,Pre Workout / Energy,Anytime,3.0,0.0,3,3,7,6,406,15.3,55.4,11.9,3.3,5.3,27.9,198.0,10.0,,202.0,1.7,0,1,Dairy|Gluten|Nuts,49.6,3.77,High,Moderate,High Carb,Normal,Low,4.5,2.0
100970,Mango Turmeric Smoothie,سموذي المانجو والكركم,Beverage,International,EASY,Anti-Inflammatory,Anytime,5.0,0.0,5,3,7,2,249,7.7,47.3,3.7,1.1,3.4,33.3,131.0,6.0,65.4,179.0,0.7,0,1,Dairy|Nuts,52.5,3.09,High,Low,High Carb,Normal,Low,4.5,6.0
100971,Berry Antioxidant Smoothie,سموذي التوت المضاد للأكسدة,Beverage,International,Very Easy,Immunity Boost,Anytime,3.0,0.0,3,3,6,1,217,8.4,38.4,2.8,1.2,5.1,23.4,78.0,5.0,46.7,155.0,1.1,0,1,Dairy|Nuts,56.3,3.87,Medium,Low,High Carb,Normal,Low,4.67,3.0
100972,Banana Nice Cream,آيس كريم الموز,Dessert,International,Very Easy,Healthy Dessert / Vegan,Dessert,4.0,0.0,4,3,2,2,118,1.8,29.8,0.5,0.1,2.4,16.8,2.0,,13.9,6.0,0.3,1,1,None,48.6,1.53,Medium,Very Low,High Carb,Normal,Low,3.75,4.0
100973,Chia Pudding,بودنج الشيا,Dessert/Snack,International,Very Easy,High Fiber / Omega 3,Snack,12.0,0.0,12,3,5,2,314,10.9,35.7,11.4,4.8,14.3,14.0,120.0,,4.5,257.0,2.6,0,1,Dairy|Nuts,55.7,3.47,Medium,Low,High Carb,Normal,Low,4.33,3.0
100974,Baked Cinnamon Apples,تفاح مخبوز بالقرفة,Dessert,International,Very Easy,Healthy Dessert,Dessert,5.0,31.0,36,7,6,4,202,1.0,37.8,2.0,0.6,4.4,38.1,8.0,0.0,,19.0,0.4,0,1,Dairy|Gluten,49.2,0.5,Medium,Low,High Carb,Normal,Low,4.5,6.0
100975,Falafel Wrap,سندويتش فلافل,Main Course,Middle Eastern,Medium,Vegan / Protein,Dinner,22.0,15.0,37,12,11,2,496,17.6,62.1,15.5,4.6,12.5,4.6,617.0,0.0,,124.0,,1,1,Gluten,57.3,3.55,High,Moderate,High Carb,Normal,Medium,5.0,4.0
100976,Tabbouleh Salad,سلطة التبولة,Salad,Middle Eastern,Easy,Light / Vegan,Lunch,11.0,0.0,11,4,9,2,1800,5.0,27.0,6.5,1.8,7.0,4.1,325.0,0.0,42.5,61.0,3.4,1,1,Gluten,64.0,2.82,Medium,Very Low,High Carb,Normal,Medium,4.0,7.0
100977,Shakshuka,شكشوكة,Breakfast,Middle Eastern,Easy,Balanced,Breakfast,4.0,22.0,26,7,11,2,248,15.4,19.3,17.4,7.2,3.9,6.5,,368.0,32.6,72.0,3.4,0,1,Eggs,46.6,6.21,Medium,Low,Balanced Macro,Normal,Medium,2.0,1.0
100978,Meal Prep Chicken Rice,دجاج وأرز للميل بريب,Main Course,International,Easy,Muscle Gain / Meal Prep,Dinner,16.0,26.0,42,8,9,2,472,45.8,43.6,9.8,3.6,2.8,1.8,482.0,83.0,8.1,44.0,1.7,0,0,None,51.4,,High,Moderate,High Protein,Normal,Medium,4.75,4.0
100979,Overnight Oats 5 Ways,شوفان بالليل 5 وصفات,Breakfast,International,Very Easy,Meal Prep / Healthy,Breakfast,12.0,0.0,12,3,6,2,371,13.0,55.3,8.3,3.7,8.0,15.1,176.0,,11.5,,2.5,0,1,Dairy|Gluten,56.7,3.5,High,Low,High Carb,Normal,Low,3.43,7.0
100980,Grilled Chicken Breast,صدر دجاج مشوي,Main Course,Mediterranean,Easy,High Protein / Weight Loss,Dinner,13.0,23.0,36,9,7,4,347,35.0,4.1,14.1,4.9,0.5,1.2,406.0,107.0,14.0,25.0,1.9,0,0,None,46.6,10.09,Low,Low,High Protein,Overweight,Low,3.0,4.0
100981,Egg White Omelette,عجة بياض البيض,Breakfast,International,Very Easy,High Protein / Low Cal,Breakfast,6.0,5.0,11,5,7,2,181,23.2,4.4,6.2,2.6,0.9,2.3,312.0,,6.8,54.0,1.7,0,1,Eggs,52.1,12.82,Low,Very Low,High Protein,Normal,Low,4.67,3.0
100982,Tuna Salad Bowl,بول سلطة التونة,Salad,Mediterranean,Very Easy,Weight Loss,Lunch,12.0,,12,3,7,2,166,26.2,7.7,6.4,2.4,,4.7,525.0,44.0,24.5,44.0,1.9,0,0,Seafood,55.9,,Low,Very Low,High Protein,Overweight,Low,4.0,3.0
100983,Protein Pancakes,بانكيك البروتين,Breakfast,American,Very Easy,Muscle Gain,Breakfast,4.0,10.0,14,6,7,4,327,30.2,28.8,8.0,2.5,2.2,6.6,240.0,165.0,,164.0,1.8,0,1,Dairy|Eggs|Gluten,52.3,9.24,Medium,Low,High Protein,Underweight,Low,4.0,
100984,Greek Yogurt Parfait,بارفيه الزبادي اليوناني,Snack,International,Very Easy,Healthy Snack,Snack,6.0,0.0,6,3,6,4,281,20.2,36.6,6.4,2.2,3.9,18.2,106.0,14.0,16.7,324.0,1.3,0,1,Dairy,53.5,7.19,Medium,Low,Mixed,Normal,Low,4.2,
100985,Chicken Vegetable Stir Fry,دجاج مقلي بالخضار,Main Course,Asian,Easy,Balanced,Dinner,12.0,18.0,0,8,9,4,342,34.7,27.6,11.4,4.9,3.7,7.7,781.0,83.0,49.4,60.0,2.6,0,0,Nuts|Soy,50.3,10.15,Medium,Low,High Protein,Normal,Medium,4.2,15.0
100986,Baked Salmon with Vegetables,سالمون مشوي بالخضار,Main Course,Western,Easy,Heart Health,Dinner,8.0,22.0,30,8,9,2,379,39.6,13.3,22.2,6.5,4.7,4.2,434.0,85.0,42.8,55.0,2.7,0,0,Seafood,54.6,10.45,Low,Low,High Protein,Normal,Medium,,7.0
100987,Turkey Lettuce Wraps,لفائف الخس بالديك الرومي,Light Meal,Asian,Easy,Keto / Low Carb,Dinner,11.0,9.0,20,8,8,1,237,26.5,8.6,11.1,3.1,1.9,3.5,525.0,60.0,16.5,37.0,2.2,0,0,Dairy|Nuts|Soy,50.9,11.18,Low,Low,High Protein,Overweight,Low,,3.0
100988,Boiled Eggs with Avocado,بيض مسلوق مع أفوكادو,Breakfast,International,Very Easy,Keto,Breakfast,2.0,13.0,15,6,6,1,354,17.0,8.5,22.0,6.3,5.5,0.8,352.0,388.0,10.2,47.0,2.1,0,1,Eggs,52.6,4.8,Low,Low,Mixed,Overweight,Low,2.5,
100989,Shrimp Stir Fry,روبيان مقلي,Main Course,Asian,Easy,High Protein / Low Cal,Lunch,9.0,8.0,17,6,9,4,333,34.1,16.7,8.8,3.9,2.8,5.9,592.0,,18.5,90.0,3.6,0,0,Nuts|Soy|Seafood,50.6,10.24,Low,Low,High Protein,Normal,Medium,4.0,5.0
100990,Quinoa Buddha Bowl,بودا بول الكينوا,Main Course,International,Medium,Vegan / Balanced,Dinner,12.0,24.0,36,10,9,6,398,18.4,56.9,14.4,4.5,6.8,6.8,319.0,0.0,57.6,117.0,5.2,1,1,None,61.3,4.62,High,Low,High Carb,Normal,Medium,4.5,4.0
100991,Lentil Soup,شوربة العدس,Soup,Middle Eastern,Easy,High Fiber / Budget,Lunch,10.0,31.0,41,12,11,4,286,17.6,41.6,3.6,1.1,13.4,4.9,612.0,0.0,13.2,83.0,5.5,1,1,None,62.8,6.15,Medium,Low,High Carb,Normal,Medium,3.8,5.0
100992,Veggie Omelette,عجة الخضار,Breakfast,International,Very Easy,Balanced,Breakfast,6.0,5.0,11,4,8,1,237,17.2,6.0,17.4,7.2,1.7,2.9,389.0,351.0,22.3,81.0,2.3,0,1,Eggs,45.1,7.26,Low,Low,High Protein,Normal,Low,5.0,2.0
100993,Hummus with Vegetables,حمص مع الخضار,Snack,Middle Eastern,Very Easy,Healthy Snack,Snack,9.0,0.0,9,4,9,1,199,8.4,23.5,11.0,4.4,5.2,2.6,306.0,0.0,25.3,83.0,3.2,1,1,None,56.5,4.22,Medium,Very Low,Mixed,Normal,Medium,4.0,7.0
100994,Spinach Lentil Dal,عدس بالسبانخ,Main Course,Indian,Easy,High Iron / Vegan,Dinner,12.0,26.0,38,10,10,6,325,18.1,50.6,6.4,1.6,15.7,3.7,395.0,0.0,30.6,117.0,7.8,0,1,Dairy|Nuts,67.7,5.57,Medium,Low,High Carb,Normal,Medium,3.83,6.0
100995,Caprese Salad,سلطة كابريزي,Salad,Italian,Very Easy,Light / Healthy,Lunch,5.0,0.0,5,3,7,2,239,13.0,5.5,15.1,6.3,,4.4,410.0,39.0,16.8,232.0,0.8,1,1,None,42.4,5.44,Low,Low,Mixed,Normal,Low,3.86,7.0
100996,Overnight Oats,شوفان بالليل,Breakfast,International,Very Easy,Sustained Energy,Breakfast,5.0,0.0,5,3,8,2,372,14.2,58.0,9.0,3.9,8.2,14.5,133.0,5.0,9.2,222.0,2.8,0,1,Dairy|Gluten|Nuts,57.0,3.82,High,Low,High Carb,Normal,Low,4.33,6.0
100997,Avocado Toast with Egg,توست الأفوكادو مع بيض,Breakfast,International,Very Easy,Balanced,Breakfast,5.0,6.0,11,5,8,4,431,15.2,30.6,23.9,7.6,7.7,1.8,400.0,,13.4,,,0,1,Eggs|Gluten,53.7,3.53,Medium,Moderate,Mixed,Normal,Low,3.86,7.0
100998,Black Bean Tacos,تاكو الفول الأسود,Main Course,Mexican,Easy,Vegan / Budget,Lunch,7.0,8.0,15,5,10,4,422,14.8,60.8,10.5,,12.2,4.6,524.0,0.0,20.9,113.0,4.7,1,1,None,58.3,3.51,High,Moderate,High Carb,Normal,Medium,4.6,
100999,Mushroom Risotto,ريزوتو الفطر,Main Course,Italian,Medium,Comfort Food,Dinner,7.0,42.0,49,13,10,2,494,14.3,65.6,12.9,3.4,3.4,3.6,532.0,18.0,3.5,88.0,3.4,0,1,Dairy,49.0,2.89,High,Moderate,High Carb,Normal,Medium,3.83,6.0
101000,Chicken Vegetable Soup,شوربة الدجاج بالخضار,Soup,International,Easy,Immunity / Recovery,Lunch,19.0,38.0,57,10,11,4,252,28.9,24.0,7.6,2.4,3.3,5.4,615.0,71.0,30.5,51.0,2.4,0,0,None,54.6,11.47,Medium,Low,High Protein,Normal,Medium,4.5,2.0
101001,Tomato Basil Soup,شوربة الطماطم والريحان,Soup,Italian,Easy,Light / Vegan,Lunch,9.0,24.0,33,9,9,1,183,4.7,28.5,6.7,2.8,4.3,13.1,511.0,0.0,24.8,,1.7,0,1,Dairy,47.9,2.57,Medium,Very Low,High Carb,Normal,Medium,2.5,
101002,Minestrone Soup,شوربة مينستروني,Soup,Italian,Easy,High Fiber / Balanced,Lunch,12.0,35.0,47,10,10,2,278,12.2,40.0,6.9,2.4,8.2,5.4,557.0,4.0,,85.0,4.0,1,1,Gluten,60.8,4.39,Medium,Low,High Carb,Normal,Medium,4.67,3.0
101003,Beef Stir Fry,لحم مقلي,Main Course,Asian,Easy,Muscle Gain,Dinner,12.0,12.0,24,8,10,2,393,38.9,24.5,17.4,6.1,3.5,5.1,715.0,91.0,15.6,41.0,,0,0,Nuts|Soy,47.3,9.9,Medium,Low,High Protein,Underweight,Medium,3.8,5.0
101004,Lean Beef Rice Bowl,بول أرز باللحمة,Main Course,Asian Fusion,Easy,Muscle Gain / Bulking,Dinner,10.0,16.0,26,9,10,2,536,36.4,56.3,11.2,3.5,3.6,4.4,674.0,85.0,9.6,,3.7,0,0,Nuts|Soy,49.8,6.79,High,Moderate,Mixed,Underweight,Medium,4.67,3.0
101005,Turkey Meatballs,كرات ديك رومي,Main Course,Italian,Easy,High Protein,Dinner,15.0,18.0,33,7,8,1,338,34.0,18.0,12.9,4.7,2.1,2.5,469.0,93.0,7.6,54.0,2.7,0,0,Eggs|Gluten,48.9,10.06,Medium,Low,High Protein,Normal,Low,,4.0
101006,Whole Wheat Pasta Turkey,مكرونة قمح بالديك الرومي,Main Course,Italian,Easy,Balanced,Dinner,,21.0,33,9,9,2,550,35.9,59.5,9.3,3.4,6.8,6.3,616.0,66.0,20.3,81.0,4.0,0,0,Gluten,57.3,6.53,High,Moderate,Mixed,Normal,Medium,,4.0
101007,Stuffed Bell Peppers,فلفل محشي,Main Course,Mediterranean,Medium,Balanced,Dinner,17.0,31.0,48,10,9,6,418,24.9,40.7,11.0,4.2,5.0,8.3,546.0,,73.5,65.0,3.4,0,0,Dairy,54.4,5.96,High,Moderate,Mixed,Normal,Medium,4.0,4.0
101008,Chicken Shawarma Bowl,بول شاورما الدجاج,Main Course,Middle Eastern,Easy,High Protein,Dinner,23.0,14.0,37,6,9,1,461,37.5,42.5,15.1,,5.6,4.6,550.0,78.0,12.9,59.0,3.1,0,0,None,51.9,8.13,High,Moderate,Balanced Macro,Normal,Medium,3.8,5.0
101009,Salmon Teriyaki,سالمون تيرياكي,Main Course,Japanese,Easy,Omega 3 / Healthy,Dinner,7.0,13.0,20,8,9,2,427,34.6,24.2,16.4,5.7,1.2,11.8,507.0,98.0,5.6,44.0,1.4,0,0,Nuts|Soy|Seafood,38.6,8.1,Medium,Moderate,High Protein,Normal,Medium,3.5,4.0
101010,Chicken Tikka Masala,دجاج تيكا ماسالا,Main Course,Indian,Medium,Balanced,Dinner,20.0,,55,11,11,4,423,31.3,28.1,16.5,7.2,3.3,6.3,530.0,93.0,17.9,88.0,3.1,0,0,Dairy,45.3,7.4,Medium,Moderate,High Protein,Normal,Medium,5.0,
101011,Zucchini Noodles with Pesto,نودلز الكوسا بالبيستو,Main Course,Italian,Easy,Low Carb / Keto,Lunch,10.0,6.0,16,7,9,2,286,10.8,12.7,23.3,8.6,,5.7,419.0,14.0,17.2,133.0,2.3,1,1,Nuts,44.7,3.78,Low,Low,Mixed,Overweight,Medium,,7.0
101012,Energy Balls,كرات الطاقة,Snack,International,Easy,Healthy Snack,Snack,17.0,0.0,17,4,7,1,132,3.9,16.4,5.2,1.6,2.2,8.1,34.0,0.0,0.8,32.0,0.9,0,1,Dairy|Gluten|Nuts,49.9,2.95,Low,Very Low,High Carb,Normal,Low,4.0,6.0
101013,Chocolate Protein Balls,كرات بروتين بالشوكولاتة,Snack,International,Easy,Post Workout,Snack,13.0,0.0,13,3,7,2,81,5.5,12.1,4.3,1.2,1.8,5.5,42.0,0.0,3.0,18.0,,0,1,Dairy|Gluten|Nuts,52.9,6.79,Low,Very Low,Mixed,Normal,Low,,6.0
101014,Apple Peanut Butter,تفاح مع زبدة فول سوداني,Snack,International,Very Easy,Balanced Snack,Snack,2.0,0.0,2,4,3,4,209,6.5,26.9,10.4,4.1,3.5,14.9,114.0,0.0,7.8,,0.5,0,1,Dairy|Nuts,45.0,3.11,Medium,Low,High Carb,Normal,Low,4.8,5.0
101015,Trail Mix,مكسرات وفواكه مجففة,Snack,International,Very Easy,Energy Boost,Snack,4.0,0.0,4,2,6,2,388,9.4,36.0,24.6,10.2,5.4,21.0,81.0,0.0,1.8,63.0,2.8,1,1,Nuts,38.4,2.42,Medium,Low,Mixed,Normal,Low,5.0,2.0
101016,Strawberry Protein Smoothie,سموذي الفراولة والبروتين,Beverage,International,Very Easy,Muscle Gain / Post Workout,Anytime,4.0,,4,2,50,4,297,26.4,36.9,4.2,1.9,3.4,20.9,120.0,9.0,69.0,180.0,,0,1,Dairy,54.6,8.89,Medium,Low,Mixed,Normal,Low,5.0,
101017,Green Detox Smoothie,سموذي أخضر,Beverage,International,Very Easy,Detox / Weight Loss,Anytime,6.0,0.0,6,1,7,2,175,4.8,36.1,2.8,1.0,5.0,22.5,93.0,0.0,141.5,83.0,2.3,0,1,None,55.9,2.74,Medium,Very Low,High Carb,Overweight,Low,4.0,4.0
101018,Banana Peanut Butter Smoothie,سموذي الموز وزبدة الفول,Beverage,International,Very Easy,Pre Workout / Energy,Anytime,2.0,0.0,2,2,7,2,370,13.3,56.9,13.1,4.0,4.1,29.9,183.0,9.0,,221.0,1.7,0,1,Dairy|Gluten|Nuts,46.2,3.59,High,Low,High Carb,Normal,Low,3.0,1.0
101019,Mango Turmeric Smoothie,سموذي المانجو والكركم,Beverage,International,Very Easy,Anti-Inflammatory,Anytime,5.0,0.0,5,4,7,1,253,7.9,44.3,4.1,1.8,4.1,35.8,135.0,5.0,68.7,210.0,0.8,0,1,Dairy|Nuts,53.2,3.12,High,Low,High Carb,Normal,Low,4.5,2.0
101020,Berry Antioxidant Smoothie,سموذي التوت المضاد للأكسدة,Beverage,International,Very Easy,Immunity Boost,Anytime,4.0,0.0,4,2,6,2,225,7.5,42.3,3.2,1.1,7.1,28.1,97.0,,46.3,134.0,1.0,0,1,Dairy|Nuts,59.7,,High,Low,High Carb,Normal,Low,5.0,1.0
101021,Banana Nice Cream,آيس كريم الموز,Dessert,International,Very Easy,Healthy Dessert / Vegan,Dessert,6.0,0.0,6,3,2,6,103,2.2,29.7,0.5,0.2,3.6,17.8,2.0,0.0,12.1,5.0,0.3,1,1,None,50.5,2.14,Medium,Very Low,High Carb,Normal,Low,4.33,
101022,Chia Pudding,بودنج الشيا,Dessert/Snack,International,Very Easy,High Fiber / Omega 3,Snack,,0.0,7,2,5,4,293,9.7,34.1,12.6,5.2,,14.6,139.0,5.0,3.4,284.0,2.3,0,1,Dairy|Nuts,54.5,3.31,Medium,Low,High Carb,Normal,Low,3.0,2.0
101023,Baked Cinnamon Apples,تفاح مخبوز بالقرفة,Dessert,International,Very Easy,Healthy Dessert,Dessert,4.0,27.0,31,4,6,1,205,0.9,38.9,1.9,0.8,4.5,27.7,7.0,0.0,7.5,20.0,0.4,0,1,Dairy|Gluten,49.1,0.44,Medium,Low,High Carb,Normal,Low,3.12,8.0
101024,Falafel Wrap,سندويتش فلافل,Main Course,Middle Eastern,Medium,Vegan / Protein,Dinner,17.0,19.0,36,9,11,2,411,18.7,61.9,16.3,4.5,13.0,3.4,622.0,0.0,15.7,106.0,6.2,1,1,Gluten,58.3,4.55,High,Moderate,High Carb,Normal,Medium,4.2,5.0
101025,Tabbouleh Salad,سلطة التبولة,Salad,Middle Eastern,Easy,Light / Vegan,Lunch,18.0,0.0,18,4,9,2,182,5.0,28.5,7.3,1.8,5.9,4.4,435.0,,45.5,65.0,2.7,1,1,Gluten,60.5,2.75,Medium,Very Low,High Carb,Normal,Medium,3.67,6.0
101026,Shakshuka,شكشوكة,Breakfast,Middle Eastern,Easy,Balanced,Breakfast,4.0,,23,6,11,1,252,14.7,18.1,16.4,,3.3,7.4,584.0,361.0,32.3,72.0,4.0,0,1,Eggs,49.0,5.83,Low,Low,Balanced Macro,Normal,Medium,4.0,1.0
101027,Meal Prep Chicken Rice,دجاج وأرز للميل بريب,Main Course,International,Easy,Muscle Gain / Meal Prep,Dinner,14.0,24.0,0,7,9,4,387,40.6,50.8,9.8,2.9,3.4,2.2,418.0,89.0,8.3,34.0,1.8,0,0,None,54.5,10.49,High,Low,High Protein,Normal,Medium,,6.0
101028,Overnight Oats 5 Ways,شوفان بالليل 5 وصفات,Breakfast,International,Very Easy,Meal Prep / Healthy,Breakfast,12.0,0.0,12,3,6,4,398,14.2,46.9,9.5,,6.2,17.7,145.0,8.0,,207.0,2.5,0,1,Dairy|Gluten,52.0,3.57,High,Low,High Carb,Normal,Low,3.75,4.0
101029,Grilled Chicken Breast,صدر دجاج مشوي,Main Course,Mediterranean,Easy,High Protein / Weight Loss,Dinner,11.0,24.0,35,7,7,2,310,35.6,3.6,14.9,3.9,0.5,1.4,454.0,94.0,9.6,23.0,1.7,0,0,None,47.7,11.48,Low,Low,High Protein,Overweight,Low,5.0,2.0
101030,Egg White Omelette,عجة بياض البيض,Breakfast,International,Very Easy,High Protein / Low Cal,Breakfast,5.0,5.0,10,5,7,2,198,23.1,3.8,6.3,2.5,1.2,1.7,259.0,,6.9,64.0,1.7,0,1,Eggs,53.2,11.67,Low,Very Low,High Protein,Normal,Low,4.6,5.0
101031,Tuna Salad Bowl,بول سلطة التونة,Salad,Mediterranean,Very Easy,Weight Loss,Lunch,8.0,0.0,8,3,7,1,179,29.8,8.5,7.0,2.8,2.6,4.7,474.0,40.0,20.8,40.0,,0,0,Seafood,55.8,16.65,Low,Very Low,High Protein,Overweight,Low,4.5,4.0
101032,Protein Pancakes,بانكيك البروتين,Breakfast,American,Very Easy,Muscle Gain,Breakfast,5.0,8.0,13,5,7,2,365,31.1,26.7,7.8,3.3,,6.2,267.0,,2.3,162.0,2.0,0,1,Dairy|Eggs|Gluten,51.8,8.52,Medium,Low,High Protein,Underweight,Low,3.5,2.0
101033,Greek Yogurt Parfait,بارفيه الزبادي اليوناني,Snack,International,Very Easy,Healthy Snack,Snack,5.0,0.0,5,5,6,6,332,23.3,40.9,6.7,2.7,3.6,22.3,107.0,15.0,13.6,296.0,1.3,0,1,Dairy,50.6,7.02,High,Low,Mixed,Normal,Low,,2.0
101034,Chicken Vegetable Stir Fry,دجاج مقلي بالخضار,Main Course,Asian,VeryEasy,Balanced,Dinner,16.0,11.0,27,7,9,2,417,35.4,25.7,12.2,,4.3,6.8,704.0,91.0,,68.0,,0,0,Nuts|Soy,51.5,8.49,Medium,Moderate,High Protein,Normal,Medium,4.0,1.0
101035,Baked Salmon with Vegetables,سالمون مشوي بالخضار,Main Course,Western,Easy,Heart Health,Dinner,9.0,19.0,28,8,9,1,407,43.7,14.4,23.5,6.6,4.5,6.0,355.0,97.0,40.4,47.0,2.4,0,0,Seafood,53.6,10.74,Low,Moderate,High Protein,Normal,Medium,4.5,2.0
101036,Turkey Lettuce Wraps,لفائف الخس بالديك الرومي,Light Meal,Asian,Easy,Keto / Low Carb,Lunch,9.0,9.0,18,5,8,4,216,28.6,7.5,11.5,4.5,2.1,3.3,544.0,60.0,15.1,32.0,1.9,0,0,Dairy|Nuts|Soy,49.8,13.24,Low,Low,High Protein,Overweight,Low,4.67,3.0
101037,Boiled Eggs with Avocado,بيض مسلوق مع أفوكادو,Breakfast,International,Very Easy,Keto,Breakfast,2.0,9.0,11,3,6,6,316,16.3,9.2,21.6,6.0,,0.9,316.0,359.0,,52.0,2.2,0,1,Eggs,55.9,5.16,Low,Low,Mixed,Overweight,Low,4.0,2.0
101038,Shrimp Stir Fry,روبيان مقلي,Main Course,Asian,Easy,High Protein / Low Cal,Lunch,11.0,7.0,18,8,9,6,264,31.7,19.2,9.3,3.3,3.5,5.2,603.0,247.0,23.6,102.0,3.9,0,0,Nuts|Soy|Seafood,54.8,12.01,Medium,Low,High Protein,Normal,Medium,4.4,5.0
101039,Quinoa Buddha Bowl,بودا بول الكينوا,Main Course,International,Medium,Vegan / Balanced,Dinner,13.0,17.0,30,8,9,4,483,17.6,49.9,12.7,4.0,8.8,8.0,349.0,0.0,45.8,105.0,5.0,1,1,None,61.5,3.64,High,Moderate,High Carb,Normal,Medium,4.67,3.0
101040,Lentil Soup,شوربة العدس,Soup,Middle Eastern,Easy,High Fiber / Budget,Lunch,11.0,35.0,46,11,11,2,2200,17.4,42.7,4.1,1.3,13.5,4.3,496.0,,13.7,78.0,5.4,1,1,None,63.7,,Medium,Low,High Carb,Normal,Medium,4.17,6.0
101041,Veggie Omelette,عجة الخضار,Breakfast,International,Very Easy,Balanced,Breakfast,5.0,6.0,11,4,8,2,224,19.4,5.7,15.7,6.8,1.8,3.3,334.0,333.0,17.1,83.0,,0,1,Eggs,46.4,8.66,Low,Low,High Protein,Normal,Low,3.0,1.0
101042,Hummus with Vegetables,حمص مع الخضار,Snack,Middle Eastern,Very Easy,Healthy Snack,Snack,9.0,,9,5,9,6,239,8.4,23.7,9.3,2.7,6.1,3.0,270.0,0.0,21.9,85.0,3.6,1,1,None,60.5,3.51,Medium,Low,Mixed,Normal,Medium,4.5,4.0
101043,Spinach Lentil Dal,عدس بالسبانخ,Main Course,Indian,Easy,High Iron / Vegan,Dinner,9.0,26.0,35,8,10,1,274,17.3,46.6,5.5,2.4,15.5,4.7,427.0,0.0,28.2,103.0,7.3,0,1,Dairy|Nuts,65.4,6.31,Medium,Low,High Carb,Normal,Medium,3.6,5.0
101044,Caprese Salad,سلطة كابريزي,Salad,Italian,Very Easy,Light / Healthy,Lunch,4.0,0.0,4,2,7,4,245,10.9,6.1,15.1,4.2,0.5,3.9,,43.0,22.0,226.0,0.9,1,1,None,46.6,,Low,Low,Mixed,Normal,Low,,3.0
101045,Overnight Oats,شوفان بالليل,Breakfast,International,Very Easy,Sustained Energy,Breakfast,6.0,0.0,6,5,8,6,331,12.9,52.5,9.7,2.7,8.8,19.6,128.0,5.0,9.5,235.0,2.7,0,1,Dairy|Gluten|Nuts,56.5,3.9,High,Low,High Carb,Normal,Low,4.0,1.0
101046,Avocado Toast with Egg,توست الأفوكادو مع بيض,Breakfast,International,Very Easy,Balanced,Breakfast,4.0,5.0,9,6,8,2,371,15.1,30.8,21.5,9.7,9.5,1.7,368.0,173.0,11.3,68.0,2.6,0,1,Eggs|Gluten,51.1,4.07,Medium,Low,Mixed,Normal,Low,3.0,4.0
101047,Black Bean Tacos,تاكو الفول الأسود,Main Course,Mexican,Easy,Vegan / Budget,Lunch,10.0,7.0,17,8,10,6,342,15.4,51.5,10.4,2.8,15.8,4.3,534.0,0.0,21.3,133.0,4.7,1,1,None,61.4,4.5,High,Low,High Carb,Normal,Medium,3.4,5.0
101048,Mushroom Risotto,ريزوتو الفطر,Main Course,Italian,Medium,Comfort Food,Dinner,10.0,26.0,36,11,10,6,535,13.7,68.6,14.0,4.9,3.4,4.5,544.0,19.0,3.3,91.0,2.6,0,1,Dairy,45.6,2.56,High,Moderate,High Carb,Normal,Medium,4.0,1.0
101049,Chicken Vegetable Soup,شوربة الدجاج بالخضار,Soup,International,Easy,Immunity / Recovery,Lunch,17.0,43.0,60,10,11,4,298,30.7,20.4,6.7,,3.6,4.4,537.0,61.0,33.5,54.0,2.3,0,0,None,55.8,10.3,Medium,Low,High Protein,Normal,Medium,4.67,6.0
101050,Tomato Basil Soup,شوربة الطماطم والريحان,Soup,Italian,Easy,Light / Vegan,Lunch,11.0,19.0,30,9,9,4,162,4.8,29.6,6.3,,3.8,15.1,523.0,0.0,25.0,54.0,1.8,0,1,Dairy,46.2,2.96,Medium,Very Low,High Carb,Normal,Medium,4.5,2.0
101051,Minestrone Soup,شوربة مينستروني,Soup,Italian,Easy,High Fiber / Balanced,Lunch,17.0,31.0,48,11,10,1,267,11.3,43.5,7.4,3.1,9.0,6.9,4200.0,6.0,24.1,89.0,3.0,1,1,Gluten,57.5,4.23,Medium,Low,High Carb,Normal,Medium,4.0,5.0
101052,Beef Stir Fry,لحم مقلي,Main Course,Asian,Easy,Muscle Gain,Dinner,18.0,12.0,30,10,10,2,482,33.7,24.2,19.4,5.8,3.2,5.3,728.0,,17.7,44.0,4.4,0,0,Nuts|Soy,45.7,6.99,Medium,Moderate,High Protein,Underweight,Medium,3.75,4.0
101053,Lean Beef Rice Bowl,بول أرز باللحمة,Main Course,Asian Fusion,Easy,Muscle Gain / Bulking,Dinner,11.0,15.0,26,8,10,1,431,37.7,62.3,11.7,,4.2,4.4,,87.0,8.1,43.0,3.8,0,0,Nuts|Soy,49.8,8.75,High,Moderate,Mixed,Underweight,Medium,4.67,3.0
101054,Turkey Meatballs,كرات ديك رومي,Main Course,Italian,Easy,High Protein,Dinner,11.0,23.0,34,9,8,2,314,33.6,18.0,12.9,3.5,2.3,3.3,488.0,98.0,8.8,52.0,2.5,0,0,Eggs|Gluten,50.8,10.7,Medium,Low,High Protein,Normal,Low,4.33,3.0
101055,Whole Wheat Pasta Turkey,مكرونة قمح بالديك الرومي,Main Course,Italian,Easy,Balanced,Dinner,8.0,24.0,32,10,9,1,530,39.0,59.6,9.7,4.0,6.1,5.6,567.0,64.0,23.4,81.0,4.2,0,0,Gluten,56.7,7.36,High,Moderate,Mixed,Normal,Medium,4.75,4.0
101056,Stuffed Bell Peppers,فلفل محشي,Main Course,Mediterranean,Medium,Balanced,Dinner,19.0,36.0,55,11,9,4,377,25.3,42.8,10.9,4.1,,6.8,507.0,58.0,70.5,62.0,3.2,0,0,Dairy,56.6,6.71,High,Low,Mixed,Normal,Medium,3.8,5.0
101057,Chicken Shawarma Bowl,بول شاورما الدجاج,Main Course,Middle Eastern,Easy,High Protein,Dinner,,18.0,37,8,9,1,416,37.9,38.8,13.2,5.6,4.7,3.6,571.0,95.0,16.3,,2.9,0,0,None,51.7,,Medium,Moderate,High Protein,Normal,Medium,4.0,
101058,Salmon Teriyaki,سالمون تيرياكي,Main Course,Japanese,Easy,Omega 3 / Healthy,Dinner,13.0,12.0,25,6,9,6,333,37.1,24.8,15.3,4.6,1.1,10.2,645.0,93.0,5.5,41.0,1.7,0,0,Nuts|Soy|Seafood,41.1,11.14,Medium,Low,High Protein,Normal,Medium,3.5,2.0
101059,Chicken Tikka Masala,دجاج تيكا ماسالا,Main Course,Indian,Medium,Balanced,Dinner,24.0,37.0,61,12,11,1,360,33.9,29.0,17.5,4.9,2.9,6.5,536.0,78.0,12.7,78.0,3.3,0,0,Dairy,48.2,9.42,Medium,Low,High Protein,Normal,Medium,,5.0
101060,Zucchini Noodles with Pesto,نودلز الكوسا بالبيستو,Main Course,Italian,Easy,Low Carb / Keto,Lunch,,6.0,18,5,9,2,238,10.9,13.2,21.4,6.6,4.8,5.9,397.0,16.0,21.0,133.0,2.0,1,1,Nuts,49.5,4.58,Low,Low,Mixed,Overweight,Medium,4.5,4.0
101061,Energy Balls,كرات الطاقة,Snack,International,Easy,Healthy Snack,Snack,18.0,0.0,18,3,7,4,120,3.8,14.4,5.4,2.1,,8.3,44.0,0.0,,32.0,1.1,0,1,Dairy|Gluten|Nuts,49.2,3.17,Low,Very Low,High Carb,Normal,Low,4.33,3.0
101062,Chocolate Protein Balls,كرات بروتين بالشوكولاتة,Snack,International,Easy,Post Workout,Snack,13.0,0.0,13,3,7,6,101,4.9,12.7,3.8,1.7,1.7,6.3,38.0,0.0,2.7,,0.7,0,1,Dairy|Gluten|Nuts,50.6,,Low,Very Low,Mixed,Normal,Low,4.0,4.0
101063,Apple Peanut Butter,تفاح مع زبدة فول سوداني,Snack,International,Very Easy,Balanced Snack,Snack,2.0,0.0,2,1,3,1,220,6.4,29.6,10.7,3.9,3.4,17.8,122.0,0.0,6.7,,0.5,0,1,Dairy|Nuts,43.4,2.91,Medium,Low,High Carb,Normal,Low,4.6,5.0
101064,Trail Mix,مكسرات وفواكه مجففة,Snack,International,Very Easy,Energy Boost,Snack,2.0,0.0,2,2,6,6,362,9.5,37.1,26.1,8.7,4.1,21.4,82.0,0.0,2.2,69.0,2.7,1,1,Nuts,37.9,2.62,Medium,Low,Mixed,Normal,Low,4.0,6.0
101065,Strawberry Protein Smoothie,سموذي الفراولة والبروتين,Beverage,International,Very Easy,Muscle Gain / Post Workout,Anytime,2.0,0.0,2,4,6,2,287,23.6,34.7,3.7,1.3,3.9,18.1,130.0,11.0,84.4,213.0,,0,1,Dairy,57.3,8.22,Medium,Low,Mixed,Normal,Low,4.12,8.0
101066,Green Detox Smoothie,سموذي أخضر,Beverage,International,Very Easy,Detox / Weight Loss,Anytime,6.0,0.0,6,1,7,2,206,5.0,40.1,3.2,1.1,5.5,16.6,94.0,0.0,108.5,86.0,,0,1,None,58.5,2.43,Medium,Low,High Carb,Overweight,Low,3.4,5.0
101067,Banana Peanut Butter Smoothie,سموذي الموز وزبدة الفول,Beverage,International,Very Easy,Pre Workout / Energy,Anytime,2.0,0.0,2,2,7,4,425,13.1,52.2,11.5,3.4,4.1,27.1,167.0,,13.7,212.0,1.7,0,1,Dairy|Gluten|Nuts,47.3,3.08,High,Moderate,High Carb,Normal,Low,4.0,1.0
101068,Mango Turmeric Smoothie,سموذي المانجو والكركم,Beverage,International,Very Easy,Anti-Inflammatory,Anytime,5.0,0.0,5,4,7,1,238,8.3,42.8,3.7,1.1,4.6,31.1,120.0,5.0,49.4,190.0,0.8,0,1,Dairy|Nuts,55.3,3.49,High,Low,High Carb,Normal,Low,3.33,3.0
101928,Berry Antioxidant Smoothie,سموذي التوت المضاد للأكسدة,Beverage,International,Very Easy,Immunity Boost,Anytime,3.0,0.0,3,4,6,1,210,7.2,42.2,3.2,,6.7,27.7,92.0,5.0,37.0,158.0,1.1,0,1,Dairy|Nuts,58.4,3.43,High,Low,High Carb,Normal,Low,4.4,5.0
101070,Banana Nice Cream,آيس كريم الموز,Dessert,International,Very Easy,Healthy Dessert / Vegan,Dessert,4.0,0.0,4,3,2,2,129,2.0,30.1,0.5,0.2,2.8,14.4,2.0,0.0,,6.0,,1,1,None,50.4,1.55,Medium,Very Low,High Carb,Normal,Low,4.4,5.0
101071,Chia Pudding,بودنج الشيا,Dessert/Snack,International,Very Easy,High Fiber / Omega 3,Snack,12.0,0.0,12,2,5,1,243,9.4,37.0,11.2,4.0,11.8,17.7,154.0,5.0,3.3,235.0,,0,1,Dairy|Nuts,54.5,3.87,Medium,Low,High Carb,Normal,Low,4.2,5.0
101072,Baked Cinnamon Apples,تفاح مخبوز بالقرفة,Dessert,International,Very Easy,Healthy Dessert,Dessert,5.0,26.0,31,5,6,1,169,1.1,41.2,2.0,0.8,4.1,27.8,7.0,0.0,8.8,23.0,0.6,0,1,Dairy|Gluten,48.7,0.65,High,Very Low,High Carb,Normal,Low,,6.0
101073,Falafel Wrap,سندويتش فلافل,Main Course,Middle Eastern,Medium,Vegan / Protein,Dinner,21.0,18.0,39,9,11,1,422,19.7,59.1,16.6,5.3,10.9,4.5,590.0,0.0,13.2,,5.2,1,1,Gluten,56.5,4.67,High,Moderate,High Carb,Normal,Medium,3.2,5.0
101074,Tabbouleh Salad,سلطة التبولة,Salad,Middle Eastern,Easy,Light / Vegan,Lunch,14.0,0.0,14,4,9,1,204,4.8,26.3,6.6,2.4,6.8,3.5,428.0,0.0,38.9,55.0,3.0,1,1,Gluten,61.1,2.35,Medium,Low,High Carb,Normal,Medium,4.75,4.0
101075,Shakshuka,شكشوكة,Breakfast,Middle Eastern,Easy,Balanced,Breakfast,6.0,18.0,24,7,11,1,300,16.8,17.4,14.6,3.9,4.6,8.4,600.0,394.0,35.9,80.0,3.5,0,1,Eggs,52.1,5.6,Low,Low,Balanced Macro,Normal,Medium,4.25,4.0
101076,Meal Prep Chicken Rice,دجاج وأرز للميل بريب,Main Course,International,Easy,Muscle Gain / Meal Prep,Dinner,18.0,,46,9,9,6,494,39.7,49.5,9.6,2.8,3.3,2.3,417.0,89.0,6.9,42.0,1.9,0,0,None,53.2,8.04,High,Moderate,High Protein,Normal,Medium,4.75,4.0
101077,Overnight Oats 5 Ways,شوفان بالليل 5 وصفات,Breakfast,International,Very Easy,Meal Prep / Healthy,Breakfast,9.0,0.0,9,6,6,2,325,14.7,52.9,8.1,2.9,7.6,18.0,162.0,7.0,10.2,252.0,,0,1,Dairy|Gluten,57.2,4.52,High,Low,High Carb,Normal,Low,4.0,4.0
101078,Grilled Chicken Breast,صدر دجاج مشوي,Main Course,Mediterranean,Easy,High Protein / Weight Loss,Dinner,8.0,14.0,22,6,7,2,319,35.5,4.2,15.1,4.3,,1.4,468.0,86.0,10.4,28.0,1.7,0,0,None,47.1,11.13,Low,Low,High Protein,Overweight,Low,3.33,3.0
101079,Egg White Omelette,عجة بياض البيض,Breakfast,International,Very Easy,High Protein / Low Cal,Breakfast,4.0,7.0,11,6,7,2,166,20.1,3.7,5.8,2.4,1.1,1.9,321.0,11.0,,66.0,,0,1,Eggs,52.6,12.11,Low,Very Low,High Protein,Normal,Low,,6.0
101080,Tuna Salad Bowl,بول سلطة التونة,Salad,Mediterranean,Very Easy,Weight Loss,Lunch,9.0,0.0,9,3,7,2,201,26.4,7.5,7.4,2.2,2.6,3.9,,34.0,25.6,43.0,2.3,0,0,Seafood,54.9,13.13,Low,Low,High Protein,Overweight,Low,4.33,6.0
101081,Protein Pancakes,بانكيك البروتين,Breakfast,American,Very Easy,Muscle Gain,Breakfast,6.0,9.0,15,6,7,4,352,31.7,29.4,7.3,2.5,2.9,4.9,304.0,170.0,2.4,175.0,1.7,0,1,Dairy|Eggs|Gluten,53.9,9.01,Medium,Low,High Protein,Underweight,Low,4.0,2.0
101082,Greek Yogurt Parfait,بارفيه الزبادي اليوناني,Snack,International,Very Easy,Healthy Snack,Snack,4.0,0.0,4,3,6,2,289,20.1,34.3,6.6,2.6,3.9,18.1,83.0,15.0,16.2,264.0,1.4,0,1,Dairy,52.5,6.96,Medium,Low,Mixed,Normal,Low,3.0,5.0
101083,Chicken Vegetable Stir Fry,دجاج مقلي بالخضار,Main Course,Asian,Easy,Balanced,Dinner,13.0,11.0,24,7,9,2,431,37.5,26.7,11.6,4.3,4.5,6.8,765.0,75.0,50.6,55.0,2.1,0,0,Nuts|Soy,52.5,8.7,Medium,Moderate,High Protein,Normal,Medium,3.75,4.0
101084,Baked Salmon with Vegetables,سالمون مشوي بالخضار,Main Course,Western,Easy,Heart Health,Dinner,9.0,14.0,23,8,9,6,397,37.1,12.8,20.5,5.3,3.4,4.7,349.0,84.0,42.2,47.0,2.6,0,0,Seafood,53.7,9.35,Low,Low,High Protein,Normal,Medium,3.8,5.0
101085,Turkey Lettuce Wraps,لفائف الخس بالديك الرومي,Light Meal,Asian,Easy,Keto / Low Carb,Lunch,9.0,8.0,17,6,8,2,239,26.5,8.2,10.5,2.9,2.1,2.6,518.0,73.0,16.1,37.0,2.0,0,0,Dairy|Nuts|Soy,51.9,11.09,Low,Low,High Protein,Overweight,Low,4.5,4.0
101086,Boiled Eggs with Avocado,بيض مسلوق مع أفوكادو,Breakfast,International,Very Easy,Keto,Breakfast,2.0,8.0,10,4,6,2,343,17.5,8.6,24.2,10.6,6.5,0.8,322.0,426.0,,44.0,2.2,0,1,Eggs,49.4,5.1,Low,Low,Mixed,Overweight,Low,5.0,1.0
101087,Shrimp Stir Fry,روبيان مقلي,Main Course,Asian,Easy,High Protein / Low Cal,Dinner,10.0,12.0,22,7,9,2,276,33.4,18.6,9.8,4.0,2.7,5.8,580.0,218.0,23.8,85.0,3.4,0,0,Nuts|Soy|Seafood,51.7,12.1,Medium,Low,High Protein,Normal,Medium,4.25,4.0
101088,Quinoa Buddha Bowl,بودا بول الكينوا,Main Course,International,Medium,Vegan / Balanced,Dinner,14.0,25.0,39,10,9,1,408,16.8,57.6,13.3,3.3,,7.4,368.0,0.0,56.2,108.0,5.0,1,1,None,63.3,,High,Moderate,High Carb,Normal,Medium,,4.0
101089,Lentil Soup,شوربة العدس,Soup,Middle Eastern,Easy,High Fiber / Budget,Lunch,10.0,31.0,41,11,11,1,283,17.5,48.7,4.3,1.9,11.5,5.5,665.0,0.0,,72.0,4.9,1,1,None,60.7,6.18,High,Low,High Carb,Normal,Medium,4.5,2.0
101090,Veggie Omelette,عجة الخضار,Breakfast,International,Very Easy,Balanced,Breakfast,6.0,7.0,13,7,8,4,225,18.3,6.1,16.9,6.2,1.9,3.2,368.0,419.0,23.1,99.0,1.9,0,1,Eggs,47.5,8.13,Low,Low,High Protein,Normal,Low,,2.0
101091,Hummus with Vegetables,حمص مع الخضار,Snack,Middle Eastern,Very Easy,Healthy Snack,Snack,11.0,0.0,11,6,9,2,191,8.2,23.5,10.3,2.8,4.8,2.7,270.0,,21.8,81.0,3.5,1,1,None,58.2,4.29,Medium,Very Low,Mixed,Normal,Medium,4.0,4.0
101092,Spinach Lentil Dal,عدس بالسبانخ,Main Course,Indian,Easy,High Iron / Vegan,Dinner,7.0,23.0,30,10,10,4,309,16.2,45.5,6.6,,,3.4,418.0,0.0,,107.0,6.5,0,1,Dairy|Nuts,65.1,5.24,Medium,Low,High Carb,Normal,Medium,4.67,3.0
101093,Caprese Salad,سلطة كابريزي,Salad,Italian,Very Easy,Light / Healthy,Lunch,5.0,0.0,5,3,7,4,188,12.2,5.7,15.0,5.9,0.5,3.3,417.0,35.0,21.1,272.0,0.7,1,1,None,44.8,6.49,Low,Very Low,Mixed,Normal,Low,4.0,3.0
101094,Overnight Oats,شوفان بالليل,Breakfast,International,Very Easy,Sustained Energy,Breakfast,6.0,0.0,6,6,8,2,357,15.2,60.5,8.8,3.7,6.8,20.3,133.0,5.0,7.7,281.0,2.6,0,1,Dairy|Gluten|Nuts,53.7,4.26,High,Low,High Carb,Normal,Low,5.0,2.0
101095,Avocado Toast with Egg,توست الأفوكادو مع بيض,Breakfast,International,Very Easy,Balanced,Breakfast,5.0,6.0,11,7,8,2,413,16.3,28.1,24.1,7.5,,2.3,459.0,205.0,12.0,62.0,2.7,0,1,Eggs|Gluten,53.2,3.95,Medium,Moderate,Mixed,Normal,Low,4.5,2.0
101096,Black Bean Tacos,تاكو الفول الأسود,Main Course,Mexican,Easy,Vegan / Budget,Lunch,8.0,9.0,17,6,10,2,328,14.9,56.7,9.9,3.2,12.7,3.6,638.0,0.0,,129.0,4.3,1,1,None,59.5,4.54,High,Low,High Carb,Normal,Medium,4.33,3.0
101097,Mushroom Risotto,ريزوتو الفطر,Main Course,Italian,Medium,Comfort Food,Dinner,11.0,28.0,39,13,0,4,519,13.6,64.3,15.0,6.4,2.6,4.1,500.0,17.0,4.7,82.0,2.8,0,1,Dairy,42.6,2.62,High,Moderate,High Carb,Normal,Medium,4.25,8.0
101098,Chicken Vegetable Soup,شوربة الدجاج بالخضار,Soup,International,Easy,Immunity / Recovery,Lunch,11.0,41.0,52,12,11,1,259,30.5,20.6,6.8,2.6,3.6,4.6,637.0,65.0,29.1,52.0,2.8,0,0,None,55.3,11.78,Medium,Low,High Protein,Normal,Medium,4.67,3.0
101099,Tomato Basil Soup,شوربة الطماطم والريحان,Soup,Italian,Easy,Light / Vegan,Lunch,9.0,26.0,35,8,9,4,169,5.0,30.6,7.0,,3.6,13.8,465.0,0.0,34.2,53.0,2.2,0,1,Dairy,48.0,2.96,Medium,Very Low,High Carb,Normal,Medium,3.5,2.0
101100,Minestrone Soup,شوربة مينستروني,Soup,Italian,Easy,High Fiber / Balanced,Lunch,14.0,30.0,999,8,10,2,295,12.7,45.9,6.4,1.6,9.6,6.9,508.0,5.0,29.2,72.0,3.9,1,1,Gluten,61.8,4.31,High,Low,High Carb,Normal,Medium,4.5,2.0
101101,Beef Stir Fry,لحم مقلي,Main Course,Asian,Easy,Muscle Gain,Dinner,14.0,18.0,32,7,10,4,399,37.4,26.8,19.2,5.6,3.3,4.6,718.0,83.0,13.6,44.0,4.0,0,0,Nuts|Soy,47.2,9.37,Medium,Low,High Protein,Underweight,Medium,,15.0
101102,Lean Beef Rice Bowl,بول أرز باللحمة,Main Course,Asian Fusion,Easy,Muscle Gain / Bulking,Dinner,10.0,16.0,26,11,10,6,488,35.6,54.6,12.8,5.2,,5.6,807.0,90.0,10.6,54.0,,0,0,Nuts|Soy,45.6,,High,Moderate,Mixed,Underweight,Medium,4.22,9.0
101103,Turkey Meatballs,كرات ديك رومي,Main Course,Italian,Easy,High Protein,Dinner,14.0,23.0,37,8,8,6,341,32.0,17.4,14.0,4.9,1.9,3.1,527.0,104.0,,,2.8,0,0,Eggs|Gluten,47.2,9.38,Medium,Low,High Protein,Normal,Low,4.4,
101104,Whole Wheat Pasta Turkey,مكرونة قمح بالديك الرومي,Main Course,Italian,Easy,Balanced,Dinner,11.0,26.0,37,12,9,4,550,34.4,59.9,10.6,3.8,6.9,8.0,706.0,78.0,,86.0,,0,0,Gluten,55.2,6.25,High,Moderate,Mixed,Normal,Medium,4.75,4.0
101105,Stuffed Bell Peppers,فلفل محشي,Main Course,Mediterranean,Medium,Balanced,Dinner,16.0,44.0,60,9,9,2,401,23.7,41.2,11.3,4.3,6.8,8.8,505.0,67.0,88.5,,3.1,0,0,Dairy,57.8,5.91,Medium,Moderate,Mixed,Normal,Medium,3.43,
101106,Chicken Shawarma Bowl,بول شاورما الدجاج,Main Course,Middle Eastern,Easy,High Protein,Dinner,20.0,15.0,35,9,9,2,449,38.5,41.3,13.5,3.9,5.8,3.5,633.0,93.0,13.0,62.0,2.7,0,0,None,55.2,8.57,High,Moderate,High Protein,Normal,Medium,5.0,2.0
101107,Salmon Teriyaki,سالمون تيرياكي,Main Course,Japanese,Easy,Omega 3 / Healthy,Dinner,7.0,13.0,20,9,9,2,445,33.0,25.3,17.5,6.3,0.9,14.3,598.0,,5.2,35.0,1.4,0,0,Nuts|Soy|Seafood,34.5,7.42,Medium,Moderate,High Protein,Normal,Medium,4.33,3.0
101108,Chicken Tikka Masala,دجاج تيكا ماسالا,Main Course,Indian,Medium,Balanced,Dinner,23.0,26.0,49,12,11,1,357,30.5,28.6,16.8,5.6,3.6,5.4,652.0,95.0,16.4,79.0,3.5,0,0,Dairy,48.0,8.54,Medium,Low,High Protein,Normal,Medium,4.5,4.0
101109,Zucchini Noodles with Pesto,نودلز الكوسا بالبيستو,Main Course,Italian,Easy,Low Carb / Keto,Lunch,10.0,6.0,16,7,9,1,270,9.8,14.4,22.7,9.5,4.3,4.7,397.0,17.0,20.6,128.0,1.8,1,1,Nuts,44.1,3.63,Low,Low,Mixed,Overweight,Medium,4.5,6.0
101110,Energy Balls,كرات الطاقة,Snack,International,Easy,Healthy Snack,Snack,14.0,0.0,14,3,7,6,114,3.8,15.8,4.5,1.9,2.0,9.4,46.0,0.0,0.8,31.0,,0,1,Dairy|Gluten|Nuts,48.6,3.33,Low,Very Low,High Carb,Normal,Low,4.33,3.0
101111,Chocolate Protein Balls,كرات بروتين بالشوكولاتة,Snack,International,Easy,Post Workout,Snack,18.0,0.0,18,3,7,2,85,4.7,11.2,4.4,1.9,1.5,6.4,43.0,,3.0,,0.9,0,1,Dairy|Gluten|Nuts,50.2,5.53,Low,Very Low,Mixed,Normal,Low,3.0,1.0
101112,Apple Peanut Butter,تفاح مع زبدة فول سوداني,Snack,International,Very Easy,Balanced Snack,Snack,2.0,0.0,2,2,3,2,229,6.0,26.7,9.2,3.8,4.1,17.4,123.0,0.0,6.8,20.0,0.5,0,1,Dairy|Nuts,45.0,2.62,Medium,Low,High Carb,Normal,Low,4.38,8.0
101113,Trail Mix,مكسرات وفواكه مجففة,Snack,International,Very Easy,Energy Boost,Snack,4.0,,4,3,6,1,394,9.9,39.0,25.5,10.8,6.0,19.4,84.0,0.0,1.8,69.0,2.6,1,1,Nuts,39.9,,Medium,Low,Mixed,Normal,Low,4.0,1.0
101114,Strawberry Protein Smoothie,سموذي الفراولة والبروتين,Beverage,International,Very Easy,Muscle Gain / Post Workout,Anytime,4.0,0.0,4,1,6,4,254,23.5,39.9,4.2,1.5,4.7,18.9,117.0,10.0,76.5,181.0,1.3,0,1,Dairy,58.6,9.25,High,Low,Mixed,Normal,Low,4.0,4.0
101115,Green Detox Smoothie,سموذي أخضر,Beverage,International,Very Easy,Detox / Weight Loss,Anytime,6.0,0.0,6,3,7,6,197,220.0,34.6,3.1,,6.4,19.6,89.0,0.0,129.5,78.0,2.5,0,1,None,59.3,2.74,Medium,Very Low,High Carb,Overweight,Low,,6.0
101116,Banana Peanut Butter Smoothie,سموذي الموز وزبدة الفول,Beverage,International,Very Easy,Pre Workout / Energy,Anytime,,0.0,4,1,7,4,413,14.8,49.7,10.8,4.7,4.5,26.9,191.0,,14.4,185.0,1.4,0,1,Dairy|Gluten|Nuts,45.8,3.58,High,Moderate,High Carb,Normal,Low,3.0,1.0
101117,Mango Turmeric Smoothie,سموذي المانجو والكركم,Beverage,International,Very Easy,Anti-Inflammatory,Anytime,6.0,0.0,6,1,7,2,234,8.8,48.1,3.8,1.6,3.3,30.8,119.0,5.0,61.6,199.0,,0,1,Dairy|Nuts,52.3,3.76,High,Low,High Carb,Normal,Low,4.2,5.0
101118,Berry Antioxidant Smoothie,سموذي التوت المضاد للأكسدة,Beverage,International,Very Easy,Immunity Boost,Anytime,3.0,0.0,3,1,6,2,196,7.3,40.0,3.1,1.4,5.7,24.3,88.0,5.0,,168.0,1.0,0,1,Dairy|Nuts,55.9,3.72,Medium,Very Low,High Carb,Normal,Low,,
101119,Banana Nice Cream,آيس كريم الموز,Dessert,International,Very Easy,Healthy Dessert / Vegan,Dessert,5.0,0.0,5,4,2,2,123,2.1,29.6,0.5,0.2,2.7,14.9,2.0,0.0,10.5,7.0,0.3,1,1,None,49.8,1.71,Medium,Very Low,High Carb,Normal,Low,4.5,2.0
101120,Chia Pudding,بودنج الشيا,Dessert/Snack,International,Very Easy,High Fiber / Omega 3,Snack,9.0,0.0,9,2,5,6,259,9.3,34.2,12.9,3.4,12.6,16.7,129.0,5.0,3.2,280.0,,0,1,Dairy|Nuts,56.3,3.59,Medium,Low,High Carb,Normal,Low,4.0,1.0
101121,Baked Cinnamon Apples,تفاح مخبوز بالقرفة,Dessert,International,Very Easy,Healthy Dessert,Dessert,5.0,30.0,35,4,6,6,203,0.9,43.0,2.1,0.6,4.1,35.7,9.0,0.0,7.1,22.0,0.5,0,1,Dairy|Gluten,48.6,0.44,High,Low,High Carb,Normal,Low,4.25,8.0
101122,Falafel Wrap,سندويتش فلافل,Main Course,Middle Eastern,Medium,Vegan / Protein,Dinner,23.0,19.0,42,9,11,2,427,18.3,62.5,16.5,5.2,13.6,3.8,611.0,0.0,15.9,104.0,5.4,1,1,Gluten,56.7,4.29,High,Moderate,High Carb,Normal,Medium,4.5,2.0
101123,Tabbouleh Salad,سلطة التبولة,Salad,Middle Eastern,Easy,Light / Vegan,Lunch,16.0,0.0,16,3,9,1,155,5.4,30.8,6.9,2.2,7.1,3.4,431.0,0.0,34.1,51.0,3.0,1,1,Gluten,62.1,3.48,Medium,Very Low,High Carb,Normal,Medium,4.0,8.0
101124,Shakshuka,شكشوكة,Breakfast,Middle Eastern,Easy,Balanced,Breakfast,6.0,25.0,31,8,11,2,276,15.7,16.6,16.1,4.3,4.1,9.5,520.0,371.0,25.4,72.0,,0,1,Eggs,49.5,5.69,Low,Low,Balanced Macro,Normal,Medium,4.75,4.0
101125,Meal Prep Chicken Rice,دجاج وأرز للميل بريب,Main Course,International,Easy,Muscle Gain / Meal Prep,Dinner,12.0,25.0,37,8,9,1,448,43.0,51.4,9.2,3.6,2.5,2.0,436.0,97.0,8.8,,1.7,0,0,None,51.1,9.6,High,Moderate,High Protein,Normal,Medium,3.75,4.0
101126,Overnight Oats 5 Ways,شوفان بالليل 5 وصفات,Breakfast,International,Very Easy,Meal Prep / Healthy,Breakfast,12.0,0.0,12,3,6,2,360,14.0,48.8,8.9,3.8,6.1,19.7,175.0,8.0,8.1,258.0,2.5,0,1,Dairy|Gluten,51.5,3.89,High,Low,High Carb,Normal,Low,5.0,3.0
101127,Grilled Chicken Breast,صدر دجاج مشوي,Main Course,Mediterranean,Easy,High Protein / Weight Loss,Dinner,,15.0,27,6,7,2,293,0.1,4.4,12.6,5.6,0.6,1.2,367.0,105.0,14.3,22.0,1.9,0,0,None,47.1,11.84,Low,Low,High Protein,Overweight,Low,3.67,3.0
101128,Egg White Omelette,عجة بياض البيض,Breakfast,International,Very Easy,High Protein / Low Cal,Breakfast,4.0,8.0,12,6,7,2,200,22.4,3.7,5.8,2.4,0.9,1.8,299.0,11.0,8.7,66.0,1.4,0,1,Eggs,52.1,11.2,Low,Low,High Protein,Normal,Low,,3.0
101129,Tuna Salad Bowl,بول سلطة التونة,Salad,Mediterranean,Very Easy,Weight Loss,Lunch,11.0,0.0,11,5,7,1,177,29.7,7.8,6.8,2.9,3.1,3.8,504.0,37.0,28.3,34.0,1.9,0,0,Seafood,57.4,16.78,Low,Very Low,High Protein,Overweight,Low,4.0,9.0
101130,Protein Pancakes,بانكيك البروتين,Breakfast,American,Very Easy,Muscle Gain,Breakfast,4.0,10.0,14,8,7,4,324,32.9,30.8,7.6,3.3,,6.5,251.0,205.0,2.2,,2.0,0,1,Dairy|Eggs|Gluten,52.9,10.15,Medium,Low,High Protein,Underweight,Low,3.83,6.0
101131,Greek Yogurt Parfait,بارفيه الزبادي اليوناني,Snack,International,Very Easy,Healthy Snack,Snack,5.0,0.0,5,5,6,4,327,21.0,41.6,7.3,2.3,3.7,20.3,81.0,15.0,15.6,333.0,1.6,0,1,Dairy,52.0,6.42,High,Low,Mixed,Normal,Low,4.0,6.0
101132,Chicken Vegetable Stir Fry,دجاج مقلي بالخضار,Main Course,Asian,Easy,Balanced,Dinner,15.0,11.0,26,7,9,1,338,31.9,26.3,13.2,3.7,,7.8,681.0,97.0,46.1,69.0,2.2,0,0,Nuts|Soy,52.7,9.44,Medium,Low,High Protein,Normal,Medium,4.33,3.0
101133,Baked Salmon with Vegetables,سالمون مشوي بالخضار,Main Course,Western,Easy,Heart Health,Dinner,8.0,15.0,23,10,9,4,433,40.9,14.1,23.0,6.5,,5.8,355.0,90.0,36.4,48.0,2.2,0,0,Seafood,52.3,9.45,Low,Moderate,High Protein,Normal,Medium,4.0,5.0
101134,Turkey Lettuce Wraps,لفائف الخس بالديك الرومي,Light Meal,Asian,Easy,Keto / Low Carb,Lunch,11.0,8.0,19,6,8,6,221,26.8,7.4,11.3,3.5,1.6,3.6,534.0,74.0,14.9,40.0,1.9,0,0,Dairy|Nuts|Soy,49.7,12.13,Low,Low,High Protein,Overweight,Low,,2.0
101135,Boiled Eggs with Avocado,بيض مسلوق مع أفوكادو,Breakfast,International,Very Easy,Keto,Breakfast,2.0,7.0,9,6,6,6,342,180.0,8.2,24.2,8.1,7.5,0.9,349.0,408.0,,,2.0,0,1,Eggs,54.0,5.12,Low,Low,Mixed,Overweight,Low,3.0,
101136,Shrimp Stir Fry,روبيان مقلي,Main Course,Asian,Easy,High Protein / Low Cal,Dinner,13.0,9.0,22,9,9,1,316,35.2,16.7,8.8,3.8,2.7,5.4,4200.0,217.0,16.1,87.0,3.8,0,0,Nuts|Soy|Seafood,50.7,11.14,Low,Low,High Protein,Normal,Medium,4.0,4.0
101137,Quinoa Buddha Bowl,بودا بول الكينوا,Main Course,International,Medium,Vegan / Balanced,Dinner,14.0,19.0,33,8,9,1,384,17.6,53.9,13.5,5.6,9.6,6.7,293.0,0.0,58.1,,4.4,1,1,None,61.1,4.58,High,Low,High Carb,Normal,Medium,4.29,
101138,Lentil Soup,شوربة العدس,Soup,Middle Eastern,Easy,High Fiber / Budget,Lunch,7.0,28.0,35,11,11,4,239,17.0,41.8,3.7,1.3,10.4,5.6,534.0,0.0,16.6,79.0,5.3,1,1,None,63.6,7.11,Medium,Low,High Carb,Normal,Medium,4.0,3.0
101139,Veggie Omelette,عجة الخضار,Breakfast,International,Very Easy,Balanced,Breakfast,5.0,5.0,10,7,8,4,221,16.6,6.2,15.0,4.2,1.7,2.5,405.0,352.0,22.5,103.0,2.3,0,1,Eggs,50.0,7.51,Low,Low,High Protein,Normal,Low,1.0,1.0
101140,Hummus with Vegetables,حمص مع الخضار,Snack,Middle Eastern,Very Easy,Healthy Snack,Snack,10.0,0.0,10,7,9,4,197,9.1,22.5,10.4,,7.0,2.7,272.0,0.0,22.1,100.0,3.5,1,1,None,60.9,4.62,Medium,Very Low,Mixed,Normal,Medium,4.33,3.0
101141,Spinach Lentil Dal,عدس بالسبانخ,Main Course,Indian,Easy,High Iron / Vegan,Dinner,7.0,28.0,35,8,10,1,366,16.8,46.7,6.4,1.6,13.3,3.4,,0.0,29.0,107.0,7.1,0,1,Dairy|Nuts,66.4,4.59,Medium,Low,High Carb,Normal,Medium,5.0,2.0
101142,Caprese Salad,سلطة كابريزي,Salad,Italian,Very Easy,Light / Healthy,Lunch,6.0,0.0,6,2,7,1,207,12.9,5.6,15.7,6.2,0.6,3.2,345.0,45.0,21.4,218.0,0.7,1,1,None,44.6,6.23,Low,Low,Mixed,Normal,Low,3.33,3.0
101143,Overnight Oats,شوفان بالليل,Breakfast,International,Very Easy,Sustained Energy,Breakfast,4.0,0.0,4,5,8,2,371,14.9,55.9,8.2,3.3,7.6,18.5,144.0,5.0,6.6,241.0,2.8,0,1,Dairy|Gluten|Nuts,55.8,4.02,High,Low,High Carb,Normal,Low,4.0,1.0
101144,Avocado Toast with Egg,توست الأفوكادو مع بيض,Breakfast,International,Very Easy,Balanced,Breakfast,4.0,6.0,10,7,8,1,334,17.0,31.2,24.1,7.6,7.9,1.6,448.0,210.0,13.7,58.0,2.7,0,1,Eggs|Gluten,54.2,5.09,Medium,Low,Mixed,Normal,Low,4.2,5.0
101145,Black Bean Tacos,تاكو الفول الأسود,Main Course,Mexican,Easy,Vegan / Budget,Lunch,10.0,7.0,17,6,10,1,386,15.0,54.0,10.2,,12.7,4.3,583.0,0.0,20.5,131.0,4.4,1,1,None,59.9,3.89,High,Low,High Carb,Normal,Medium,4.0,1.0
101146,Mushroom Risotto,ريزوتو الفطر,Main Course,Italian,Medium,Comfort Food,Dinner,12.0,28.0,40,14,10,2,524,12.9,63.7,12.7,3.3,2.8,4.0,531.0,18.0,4.1,89.0,2.8,0,1,Dairy,47.3,2.46,High,Moderate,High Carb,Normal,Medium,,1.0
101147,Chicken Vegetable Soup,شوربة الدجاج بالخضار,Soup,International,Easy,Immunity / Recovery,Lunch,16.0,,44,12,11,1,246,29.5,23.4,7.6,2.9,4.6,4.9,642.0,79.0,25.9,,2.8,0,0,None,56.6,11.99,Medium,Low,High Protein,Normal,Medium,4.4,5.0
101148,Tomato Basil Soup,شوربة الطماطم والريحان,Soup,Italian,Easy,Light / Vegan,Lunch,8.0,29.0,37,8,9,1,160,5.2,25.3,6.4,2.3,4.3,11.2,469.0,0.0,27.6,63.0,2.1,0,1,Dairy,50.9,3.25,Medium,Very Low,High Carb,Normal,Medium,,5.0
101149,Minestrone Soup,شوربة مينستروني,Soup,Italian,Easy,High Fiber / Balanced,Lunch,19.0,22.0,41,11,10,4,316,12.0,44.7,7.5,1.9,8.4,5.4,553.0,5.0,,81.0,3.2,1,1,Gluten,60.3,3.8,High,Low,High Carb,Normal,Medium,,
101150,Beef Stir Fry,لحم مقلي,Main Course,Asian,Easy,Muscle Gain,Dinner,18.0,19.0,37,10,10,4,456,39.5,24.5,16.8,7.4,3.9,4.9,809.0,,12.5,50.0,4.0,0,0,Nuts|Soy,44.2,8.66,Medium,Moderate,High Protein,Underweight,Medium,2.33,
101151,Lean Beef Rice Bowl,بول أرز باللحمة,Main Course,Asian Fusion,Easy,Muscle Gain / Bulking,Dinner,,,32,10,10,6,476,34.6,57.7,13.0,5.4,3.4,4.4,690.0,80.0,9.2,52.0,3.5,0,0,Nuts|Soy,46.4,7.27,High,Moderate,Mixed,Underweight,Medium,3.5,2.0
101152,Turkey Meatballs,كرات ديك رومي,Main Course,Italian,Easy,High Protein,Dinner,15.0,23.0,38,10,8,1,370,30.7,16.4,15.1,6.3,1.8,3.2,,85.0,8.2,51.0,2.8,0,0,Eggs|Gluten,44.1,8.3,Low,Low,High Protein,Normal,Low,4.0,1.0
101153,Whole Wheat Pasta Turkey,مكرونة قمح بالديك الرومي,Main Course,Italian,Easy,Balanced,Dinner,12.0,24.0,36,9,9,2,529,36.1,54.9,10.6,2.9,6.9,6.6,707.0,74.0,18.5,,4.1,0,0,Gluten,57.2,6.82,High,Moderate,Mixed,Normal,Medium,4.5,4.0
101154,Stuffed Bell Peppers,فلفل محشي,Main Course,Mediterranean,Medium,Balanced,Dinner,26.0,41.0,67,11,9,2,435,25.0,42.6,12.0,3.7,6.2,8.1,,70.0,,66.0,2.6,0,0,Dairy,57.8,5.75,High,Moderate,Mixed,Normal,Medium,4.0,6.0
101155,Chicken Shawarma Bowl,بول شاورما الدجاج,Main Course,Middle Eastern,Easy,High Protein,Dinner,17.0,14.0,31,7,9,1,402,37.4,45.1,13.4,5.1,4.3,4.4,663.0,92.0,17.6,61.0,3.1,0,0,None,50.7,9.3,High,Moderate,Balanced Macro,Normal,Medium,4.2,15.0
101156,Salmon Teriyaki,سالمون تيرياكي,Main Course,Japanese,Easy,Omega 3 / Healthy,Dinner,10.0,17.0,27,7,9,2,370,34.5,26.1,15.1,4.3,0.8,13.0,525.0,103.0,5.4,38.0,1.5,0,0,Nuts|Soy|Seafood,39.7,9.32,Medium,Low,High Protein,Normal,Medium,4.33,3.0
101157,Chicken Tikka Masala,دجاج تيكا ماسالا,Main Course,Indian,Medium,Balanced,Dinner,16.0,38.0,54,14,11,1,5,33.4,29.4,18.7,4.9,2.5,6.0,580.0,,17.8,,3.4,0,0,Dairy,47.3,8.35,Medium,Moderate,High Protein,Normal,Medium,,3.0
101158,Zucchini Noodles with Pesto,نودلز الكوسا بالبيستو,Main Course,Italian,Easy,Low Carb / Keto,Lunch,10.0,5.0,15,4,9,4,321,9.4,14.6,22.3,9.0,3.8,4.6,408.0,14.0,19.4,118.0,1.9,1,1,Nuts,43.3,,Low,Low,Mixed,Overweight,Medium,4.25,4.0
101159,Energy Balls,كرات الطاقة,Snack,International,Easy,Healthy Snack,Snack,14.0,0.0,14,3,7,6,109,4.1,15.2,4.5,1.9,2.1,9.3,36.0,0.0,0.9,26.0,0.9,0,1,Dairy|Gluten|Nuts,49.0,3.76,Low,Very Low,High Carb,Normal,Low,4.0,7.0
101160,Chocolate Protein Balls,كرات بروتين بالشوكولاتة,Snack,International,Easy,Post Workout,Snack,17.0,0.0,17,3,7,4,100,4.9,11.5,4.0,1.4,1.8,7.1,38.0,0.0,,17.0,0.8,0,1,Dairy|Gluten|Nuts,50.9,4.9,Low,Very Low,Mixed,Normal,Low,3.8,5.0
101161,Apple Peanut Butter,تفاح مع زبدة فول سوداني,Snack,International,Very Easy,Balanced Snack,Snack,2.0,0.0,2,3,3,2,240,6.4,26.8,9.1,3.8,3.3,17.2,111.0,0.0,7.9,,,0,1,Dairy|Nuts,43.7,2.67,Medium,Low,High Carb,Normal,Low,4.0,
101162,Trail Mix,مكسرات وفواكه مجففة,Snack,International,Very Easy,Energy Boost,Snack,3.0,0.0,3,0,6,2,346,9.8,38.3,23.6,6.6,5.0,17.9,76.0,0.0,2.3,56.0,2.8,1,1,Nuts,44.0,2.83,Medium,Low,Mixed,Normal,Low,5.0,3.0
101163,Strawberry Protein Smoothie,سموذي الفراولة والبروتين,Beverage,International,Very Easy,Muscle Gain / Post Workout,Anytime,3.0,0.0,3,1,6,6,291,25.5,35.5,4.2,1.7,3.7,18.0,,11.0,68.4,216.0,1.2,0,1,Dairy,56.7,8.76,Medium,Low,Mixed,Normal,Low,4.67,3.0
101164,Green Detox Smoothie,سموذي أخضر,Beverage,International,Very Easy,Detox / Weight Loss,Anytime,6.0,0.0,6,3,7,4,185,5.4,41.2,3.2,0.9,6.9,17.1,,0.0,96.6,76.0,2.2,0,1,None,61.3,2.92,Medium,Very Low,High Carb,Overweight,Low,4.2,5.0
101165,Banana Peanut Butter Smoothie,سموذي الموز وزبدة الفول,Beverage,International,Very Easy,Pre Workout / Energy,Anytime,4.0,0.0,4,1,7,1,409,14.0,57.1,13.1,3.7,4.0,26.0,188.0,11.0,9.6,213.0,1.4,0,1,Dairy|Gluten|Nuts,46.1,3.42,High,Moderate,High Carb,Normal,Low,4.0,3.0
101166,Mango Turmeric Smoothie,سموذي المانجو والكركم,Beverage,International,Very Easy,Anti-Inflammatory,Anytime,5.0,0.0,5,3,7,4,262,8.8,42.7,4.0,,4.8,27.4,121.0,5.0,,196.0,0.8,0,1,Dairy|Nuts,55.6,3.36,High,Low,High Carb,Normal,Low,4.5,2.0
101167,Berry Antioxidant Smoothie,سموذي التوت المضاد للأكسدة,Beverage,International,Very Easy,Immunity Boost,Anytime,3.0,0.0,3,2,6,4,217,8.2,45.8,2.8,1.1,5.5,28.2,88.0,5.0,,133.0,1.0,0,1,Dairy|Nuts,56.6,3.78,High,Low,High Carb,Normal,Low,4.33,6.0
101168,Banana Nice Cream,آيس كريم الموز,Dessert,International,Very Easy,Healthy Dessert / Vegan,Dessert,6.0,0.0,6,4,2,2,127,2.1,26.7,0.5,0.2,2.6,16.9,2.0,0.0,10.4,6.0,0.3,1,1,None,48.5,1.65,Medium,Very Low,High Carb,Normal,Low,4.8,5.0
101169,Chia Pudding,بودنج الشيا,Dessert/Snack,International,Very Easy,High Fiber / Omega 3,Snack,13.0,0.0,13,2,5,2,246,11.0,31.9,10.8,3.0,13.5,18.2,128.0,6.0,4.5,219.0,2.5,0,1,Dairy|Nuts,56.2,4.47,Medium,Low,Mixed,Normal,Low,3.8,5.0
101170,Baked Cinnamon Apples,تفاح مخبوز بالقرفة,Dessert,International,Very Easy,Healthy Dessert,Dessert,6.0,31.0,37,7,6,2,201,1.1,44.7,2.0,0.7,4.8,32.6,9.0,0.0,7.9,20.0,0.5,0,1,Dairy|Gluten,50.0,0.55,High,Low,High Carb,Normal,Low,5.0,3.0
101171,Falafel Wrap,سندويتش فلافل,Main Course,Middle Eastern,Medium,Vegan / Protein,Dinner,19.0,18.0,37,12,11,2,535,17.0,64.2,16.2,5.1,9.8,4.5,734.0,0.0,13.7,119.0,5.9,1,1,Gluten,54.9,3.18,High,Moderate,High Carb,Normal,Medium,4.5,
101172,Tabbouleh Salad,سلطة التبولة,Salad,Middle Eastern,Easy,Light / Vegan,Lunch,18.0,,18,4,9,2,157,5.3,27.6,6.7,2.4,5.3,4.0,436.0,0.0,41.3,57.0,3.1,1,1,Gluten,58.6,3.38,Medium,Very Low,High Carb,Normal,Medium,4.5,6.0
101173,Shakshuka,شكشوكة,Breakfast,Middle Eastern,Easy,Balanced,Breakfast,4.0,20.0,24,6,11,1,269,17.6,18.9,16.4,6.0,,9.0,530.0,423.0,32.2,78.0,3.1,0,1,Eggs,47.0,6.54,Medium,Low,Balanced Macro,Normal,Medium,4.33,3.0
101174,Meal Prep Chicken Rice,دجاج وأرز للميل بريب,Main Course,International,Easy,Muscle Gain / Meal Prep,Dinner,18.0,26.0,999,10,0,6,407,45.7,50.7,10.2,2.6,3.2,1.9,421.0,98.0,6.7,43.0,,0,0,None,55.2,11.23,High,Moderate,High Protein,Normal,Medium,4.71,7.0
101175,Overnight Oats 5 Ways,شوفان بالليل 5 وصفات,Breakfast,International,Very Easy,Meal Prep / Healthy,Breakfast,11.0,0.0,11,4,6,4,298,13.7,54.2,9.6,3.7,7.3,20.7,138.0,8.0,,224.0,2.7,0,1,Dairy|Gluten,54.4,4.6,High,Low,High Carb,Normal,Low,4.5,
101176,Grilled Chicken Breast,صدر دجاج مشوي,Main Course,Mediterranean,Easy,High Protein / Weight Loss,Dinner,10.0,21.0,31,7,7,2,325,38.8,4.0,12.7,5.1,0.5,1.0,419.0,91.0,11.7,27.0,1.8,0,0,None,47.0,11.94,Low,Low,High Protein,Overweight,Low,5.0,2.0
101177,Egg White Omelette,عجة بياض البيض,Breakfast,International,Very Easy,High Protein / Low Cal,Breakfast,6.0,7.0,13,5,7,2,198,22.7,4.3,5.5,1.9,0.9,2.1,306.0,10.0,,63.0,1.6,0,1,Eggs,52.8,11.46,Low,Very Low,High Protein,Normal,Low,4.0,3.0
101178,Tuna Salad Bowl,بول سلطة التونة,Salad,Mediterranean,Very Easy,Weight Loss,Lunch,12.0,0.0,12,4,7,4,177,26.9,8.8,7.1,,2.5,3.7,452.0,44.0,28.5,36.0,2.0,0,0,Seafood,56.8,15.2,Low,Very Low,High Protein,Overweight,Low,4.33,
101179,Protein Pancakes,بانكيك البروتين,Breakfast,American,Very Easy,Muscle Gain,Breakfast,6.0,10.0,16,5,7,2,332,29.4,30.4,8.1,2.6,,4.9,292.0,175.0,2.4,196.0,2.1,0,1,Dairy|Eggs|Gluten,52.6,,Medium,Low,High Protein,Underweight,Low,4.8,5.0
101180,Greek Yogurt Parfait,بارفيه الزبادي اليوناني,Snack,International,Very Easy,Healthy Snack,Snack,5.0,0.0,5,2,6,2,288,24.1,38.6,6.7,2.4,4.1,23.9,104.0,17.0,15.7,298.0,1.6,0,1,Dairy,53.1,8.37,Medium,Low,Mixed,Normal,Low,4.09,
101181,Chicken Vegetable Stir Fry,دجاج مقلي بالخضار,Main Course,Asian,Easy,Balanced,Dinner,17.0,16.0,33,10,9,2,422,34.0,30.5,11.7,4.2,4.5,5.9,764.0,78.0,36.7,61.0,2.2,0,0,Nuts|Soy,51.5,8.06,Medium,Moderate,High Protein,Normal,Medium,4.33,3.0
101182,Baked Salmon with Vegetables,سالمون مشوي بالخضار,Main Course,Western,Easy,Heart Health,Dinner,7.0,18.0,25,8,9,4,438,44.0,13.2,20.6,6.4,3.3,5.7,407.0,103.0,32.4,49.0,2.3,0,0,Seafood,50.0,10.05,Low,Moderate,High Protein,Normal,Medium,,
101183,Turkey Lettuce Wraps,لفائف الخس بالديك الرومي,Light Meal,Asian,Easy,Keto / Low Carb,Lunch,9.0,,16,5,8,1,265,27.1,7.8,11.5,3.1,1.9,3.2,469.0,69.0,14.0,40.0,2.2,0,0,Dairy|Nuts|Soy,50.9,10.23,Low,Low,High Protein,Overweight,Low,4.67,9.0
101184,Boiled Eggs with Avocado,بيض مسلوق مع أفوكادو,Breakfast,International,Very Easy,Keto,Breakfast,2.0,9.0,1440,3,6,2,311,16.2,9.3,26.1,,7.5,0.7,337.0,345.0,10.2,53.0,2.2,0,1,Eggs,54.5,5.21,Low,Low,High Fat / Keto,Overweight,Low,4.12,
101185,Shrimp Stir Fry,روبيان مقلي,Main Course,Asian,Easy,High Protein / Low Cal,Lunch,12.0,7.0,19,8,9,2,298,33.4,16.7,8.8,2.4,3.2,6.0,696.0,220.0,,87.0,3.8,0,0,Nuts|Soy|Seafood,53.3,11.21,Low,Low,High Protein,Normal,Medium,4.0,4.0
101186,Quinoa Buddha Bowl,بودا بول الكينوا,Main Course,International,Medium,Vegan / Balanced,Dinner,11.0,26.0,37,10,9,2,409,17.8,50.9,14.7,6.6,10.2,6.8,386.0,0.0,62.7,107.0,4.7,1,1,None,58.4,4.35,High,Moderate,High Carb,Normal,Medium,2.0,1.0
101187,Lentil Soup,شوربة العدس,Soup,Middle Eastern,Easy,High Fiber / Budget,Lunch,12.0,30.0,42,12,11,2,290,18.2,42.1,4.4,1.5,13.1,5.9,,,14.0,83.0,5.1,1,1,None,61.8,6.28,Medium,Low,High Carb,Normal,Medium,4.0,3.0
101188,Veggie Omelette,عجة الخضار,Breakfast,International,Very Easy,Balanced,Breakfast,6.0,7.0,13,7,8,4,225,18.4,5.7,16.9,5.0,1.7,2.9,420.0,328.0,,90.0,2.0,0,1,Eggs,48.1,8.18,Low,Low,High Protein,Normal,Low,4.25,4.0
101189,Hummus with Vegetables,حمص مع الخضار,Snack,Middle Eastern,Very Easy,Healthy Snack,Snack,10.0,,720,6,9,1,225,9.3,23.7,10.3,3.7,5.7,3.3,323.0,0.0,29.3,103.0,3.6,1,1,None,58.8,4.13,Medium,Low,Mixed,Normal,Medium,,
101190,Spinach Lentil Dal,عدس بالسبانخ,Main Course,Indian,Easy,High Iron / Vegan,Dinner,13.0,29.0,42,10,10,2,365,18.9,48.3,5.5,1.9,15.2,3.5,3500.0,0.0,,110.0,6.0,0,1,Dairy|Nuts,65.8,5.18,Medium,Low,High Carb,Normal,Medium,4.0,8.0
101191,Caprese Salad,سلطة كابريزي,Salad,Italian,Very Easy,Light / Healthy,Lunch,5.0,0.0,5,4,7,4,250,11.0,6.5,15.3,5.6,0.5,4.3,366.0,37.0,,247.0,,1,1,None,44.1,4.4,Low,Low,Mixed,Normal,Low,4.0,
101192,Overnight Oats,شوفان بالليل,Breakfast,International,Very Easy,Sustained Energy,Breakfast,,0.0,5,3,8,2,347,13.0,60.2,8.6,,7.7,16.5,147.0,5.0,8.0,217.0,,0,1,Dairy|Gluten|Nuts,57.1,3.75,High,Low,High Carb,Normal,Low,4.25,4.0
101193,Avocado Toast with Egg,توست الأفوكادو مع بيض,Breakfast,International,Very Easy,Balanced,Breakfast,5.0,5.0,10,4,8,2,333,15.1,27.5,20.2,6.8,6.6,1.8,418.0,,12.6,58.0,3.0,0,1,Eggs|Gluten,53.5,4.53,Medium,Low,Mixed,Normal,Low,4.33,
101194,Black Bean Tacos,تاكو الفول الأسود,Main Course,Mexican,Easy,Vegan / Budget,Dinner,12.0,11.0,23,5,10,1,361,15.9,51.0,10.3,3.0,14.8,3.2,654.0,0.0,19.7,102.0,4.3,1,1,None,59.7,4.4,High,Low,High Carb,Normal,Medium,4.67,3.0
101195,Mushroom Risotto,ريزوتو الفطر,Main Course,Italian,Medium,Comfort Food,Dinner,11.0,44.0,55,13,10,4,435,14.0,73.1,15.3,3.9,,3.7,614.0,18.0,4.5,,2.9,0,1,Dairy,46.8,3.22,High,Moderate,High Carb,Normal,Medium,3.67,3.0
101196,Chicken Vegetable Soup,شوربة الدجاج بالخضار,Soup,International,Easy,Immunity / Recovery,Lunch,13.0,42.0,55,10,11,2,227,27.0,22.4,6.5,2.4,3.4,5.7,606.0,65.0,24.4,52.0,2.8,0,0,None,54.6,11.89,Medium,Low,High Protein,Normal,Medium,4.0,6.0
101197,Tomato Basil Soup,شوربة الطماطم والريحان,Soup,Italian,Easy,Light / Vegan,Lunch,7.0,19.0,26,8,9,1,189,4.5,27.3,7.2,2.5,3.4,14.9,496.0,0.0,26.3,63.0,1.9,0,1,Dairy,46.0,2.38,Medium,Very Low,High Carb,Normal,Medium,3.83,6.0
101198,Minestrone Soup,شوربة مينستروني,Soup,Italian,Easy,High Fiber / Balanced,Lunch,12.0,26.0,38,10,10,4,316,11.2,44.0,6.7,2.4,10.2,5.8,542.0,5.0,24.3,68.0,3.3,1,1,Gluten,59.6,3.54,Medium,Low,High Carb,Normal,Medium,4.62,8.0
101199,Beef Stir Fry,لحم مقلي,Main Course,Asian,Easy,Muscle Gain,Dinner,16.0,15.0,31,9,10,2,381,33.7,23.7,19.1,6.1,4.1,4.5,839.0,89.0,,44.0,4.3,0,0,Nuts|Soy,46.8,8.85,Medium,Low,High Protein,Underweight,Medium,0.1,5.0
101200,Lean Beef Rice Bowl,بول أرز باللحمة,Main Course,Asian Fusion,Easy,Muscle Gain / Bulking,Dinner,,26.0,38,8,10,4,563,39.5,56.9,12.8,3.8,3.6,4.1,717.0,78.0,8.4,50.0,4.6,0,0,Nuts|Soy,49.4,,High,Moderate,Mixed,Underweight,Medium,3.57,7.0
101201,Turkey Meatballs,كرات ديك رومي,Main Course,Italian,Easy,High Protein,Dinner,14.0,,37,8,8,4,376,33.3,16.8,15.1,,2.2,3.5,541.0,101.0,8.6,58.0,2.7,0,0,Eggs|Gluten,44.9,8.86,Low,Low,High Protein,Normal,Low,,4.0
101202,Whole Wheat Pasta Turkey,مكرونة قمح بالديك الرومي,Main Course,Italian,Easy,Balanced,Dinner,8.0,19.0,27,10,9,2,516,35.4,52.7,10.8,4.1,7.2,6.7,721.0,83.0,,78.0,3.6,0,0,Gluten,55.9,6.86,High,Moderate,Mixed,Normal,Medium,,3.0
101203,Stuffed Bell Peppers,فلفل محشي,Main Course,Mediterranean,Medium,Balanced,Dinner,21.0,33.0,54,9,9,1,360,22.6,43.3,11.8,4.7,5.6,8.8,480.0,64.0,84.4,62.0,3.2,0,0,Dairy,55.3,6.28,High,Low,Mixed,Normal,Medium,4.75,4.0
101204,Chicken Shawarma Bowl,بول شاورما الدجاج,Main Course,Middle Eastern,Easy,High Protein,Dinner,22.0,17.0,39,7,9,1,439,36.9,39.7,15.2,4.3,4.2,3.8,629.0,98.0,,58.0,3.0,0,0,None,51.5,8.41,High,Moderate,High Protein,Normal,Medium,4.25,4.0
101205,Salmon Teriyaki,سالمون تيرياكي,Main Course,Japanese,Easy,Omega 3 / Healthy,Dinner,12.0,14.0,26,7,9,6,442,34.4,24.5,17.0,6.9,1.2,13.9,496.0,103.0,6.0,39.0,1.4,0,0,Nuts|Soy|Seafood,35.7,7.78,Medium,Moderate,High Protein,Normal,Medium,4.0,1.0
101206,Chicken Tikka Masala,دجاج تيكا ماسالا,Main Course,Indian,Medium,Balanced,Dinner,24.0,26.0,50,12,11,2,407,30.9,26.8,16.7,6.3,3.1,6.8,522.0,89.0,16.5,82.0,3.8,0,0,Dairy,46.3,,Medium,Moderate,High Protein,Normal,Medium,4.57,7.0
101207,Zucchini Noodles with Pesto,نودلز الكوسا بالبيستو,Main Course,Italian,Easy,Low Carb / Keto,Lunch,11.0,6.0,17,6,9,2,239,9.8,14.2,22.0,8.5,4.3,6.0,336.0,13.0,19.3,138.0,1.7,1,1,Nuts,45.7,4.1,Low,Low,Mixed,Overweight,Medium,5.0,4.0
101208,Energy Balls,كرات الطاقة,Snack,International,Easy,Healthy Snack,Snack,16.0,0.0,16,4,7,2,110,3.8,14.8,4.6,2.0,,6.9,43.0,0.0,1.1,27.0,0.9,0,1,Dairy|Gluten|Nuts,49.5,3.45,Low,Very Low,High Carb,Normal,Low,3.82,11.0
101209,Chocolate Protein Balls,كرات بروتين بالشوكولاتة,Snack,International,Easy,Post Workout,Snack,11.0,0.0,11,5,7,2,94,5.2,12.8,4.1,1.1,1.3,6.4,40.0,0.0,2.5,20.0,,0,1,Dairy|Gluten|Nuts,51.0,,Low,Very Low,Mixed,Normal,Low,5.0,2.0
101210,Apple Peanut Butter,تفاح مع زبدة فول سوداني,Snack,International,Very Easy,Balanced Snack,Snack,2.0,0.0,2,2,3,1,247,5.5,27.4,11.0,3.0,4.1,19.5,126.0,0.0,9.1,20.0,0.5,0,1,Dairy|Nuts,45.2,2.23,Medium,Low,High Carb,Normal,Low,3.33,6.0
101211,Trail Mix,مكسرات وفواكه مجففة,Snack,International,Very Easy,Energy Boost,Snack,2.0,0.0,2,2,6,1,408,9.1,38.9,21.8,7.9,4.6,17.0,88.0,,1.8,59.0,,1,1,Nuts,41.2,2.23,Medium,Moderate,Mixed,Normal,Low,5.0,2.0
101212,Strawberry Protein Smoothie,سموذي الفراولة والبروتين,Beverage,International,Very Easy,Muscle Gain / Post Workout,Anytime,3.0,0.0,3,1,6,2,289,28.3,38.7,3.8,1.6,4.1,18.1,123.0,,,211.0,1.4,0,1,Dairy,58.2,9.79,Medium,Low,Mixed,Normal,Low,4.25,4.0
101213,Green Detox Smoothie,سموذي أخضر,Beverage,International,Very Easy,Detox / Weight Loss,Anytime,4.0,0.0,4,3,7,4,169,5.0,40.8,2.8,0.8,7.0,20.4,105.0,0.0,140.8,70.0,2.8,0,1,None,60.3,2.96,Medium,Very Low,High Carb,Overweight,Low,4.0,4.0
101214,Banana Peanut Butter Smoothie,سموذي الموز وزبدة الفول,Beverage,International,Very Easy,Pre Workout / Energy,Anytime,4.0,0.0,4,1,7,4,377,14.0,51.9,11.5,3.2,,29.2,166.0,9.0,12.4,187.0,1.4,0,1,Dairy|Gluten|Nuts,49.0,3.71,High,Low,High Carb,Normal,Low,3.5,6.0
101215,Mango Turmeric Smoothie,سموذي المانجو والكركم,Beverage,International,Very Easy,Anti-Inflammatory,Anytime,5.0,0.0,5,1,7,6,224,7.3,45.8,3.7,,3.7,29.8,117.0,5.0,56.3,180.0,0.8,0,1,Dairy|Nuts,52.8,,High,Low,High Carb,Normal,Low,4.0,
101216,Berry Antioxidant Smoothie,سموذي التوت المضاد للأكسدة,Beverage,International,Very Easy,Immunity Boost,Anytime,3.0,0.0,3,3,6,2,236,8.6,37.8,3.1,1.1,5.5,30.5,78.0,6.0,37.7,145.0,,0,1,Dairy|Nuts,56.1,3.64,Medium,Low,High Carb,Normal,Low,4.5,
101217,Banana Nice Cream,آيس كريم الموز,Dessert,International,Very Easy,Healthy Dessert / Vegan,Dessert,6.0,0.0,6,3,2,6,137,1.8,25.8,0.5,0.2,3.2,15.0,2.0,0.0,10.3,7.0,0.3,1,1,None,50.5,1.31,Medium,Very Low,High Carb,Normal,Low,3.67,
101218,Chia Pudding,بودنج الشيا,Dessert/Snack,International,Very Easy,High Fiber / Omega 3,Snack,10.0,0.0,10,4,5,2,251,9.8,35.8,11.7,3.9,13.3,14.5,156.0,4.0,4.5,,2.8,0,1,Dairy|Nuts,56.7,3.9,Medium,Low,High Carb,Normal,Low,4.5,2.0
101219,Baked Cinnamon Apples,تفاح مخبوز بالقرفة,Dessert,International,Very Easy,Healthy Dessert,Dessert,6.0,24.0,30,4,6,6,167,1.1,42.1,2.1,0.6,4.2,25.7,9.0,0.0,9.0,18.0,0.4,0,1,Dairy|Gluten,49.0,0.66,High,Very Low,High Carb,Normal,Low,4.6,5.0
101220,Falafel Wrap,سندويتش فلافل,Main Course,Middle Eastern,Medium,Vegan / Protein,Dinner,16.0,12.0,28,10,11,2,467,16.9,64.7,14.8,4.8,13.8,4.3,607.0,0.0,,133.0,6.0,1,1,Gluten,57.2,3.62,High,Moderate,High Carb,Normal,Medium,4.4,5.0
101221,Tabbouleh Salad,سلطة التبولة,Salad,Middle Eastern,Easy,Light / Vegan,Lunch,14.0,0.0,14,5,9,6,155,4.8,25.4,7.4,3.0,5.4,4.2,336.0,0.0,,57.0,2.8,1,1,Gluten,59.1,3.1,Medium,Very Low,High Carb,Normal,Medium,,4.0
101222,Shakshuka,شكشوكة,Breakfast,Middle Eastern,Easy,Balanced,Breakfast,4.0,22.0,26,6,11,2,316,14.9,18.5,16.3,4.3,4.7,6.4,655.0,375.0,24.4,,,0,1,Eggs,50.4,4.72,Low,Low,Balanced Macro,Normal,Medium,4.25,4.0
101223,Meal Prep Chicken Rice,دجاج وأرز للميل بريب,Main Course,International,Easy,Muscle Gain / Meal Prep,Dinner,17.0,29.0,46,9,9,1,396,40.2,51.5,10.9,3.0,2.7,1.7,456.0,92.0,9.0,37.0,2.2,0,0,None,52.9,10.15,High,Low,Mixed,Normal,Medium,3.67,3.0
101224,Overnight Oats 5 Ways,شوفان بالليل 5 وصفات,Breakfast,International,Very Easy,Meal Prep / Healthy,Breakfast,10.0,0.0,10,4,6,6,316,14.4,53.8,9.8,3.7,6.2,17.2,172.0,8.0,8.5,,2.3,0,1,Dairy|Gluten,53.0,4.56,High,Low,High Carb,Normal,Low,4.75,4.0
101225,Grilled Chicken Breast,صدر دجاج مشوي,Main Course,Mediterranean,Easy,High Protein / Weight Loss,Dinner,10.0,25.0,35,8,7,4,287,41.2,3.8,14.6,6.1,0.5,1.0,460.0,96.0,10.9,26.0,1.9,0,0,None,46.2,14.36,Low,Low,High Protein,Overweight,Low,,4.0
101226,Egg White Omelette,عجة بياض البيض,Breakfast,International,Very Easy,High Protein / Low Cal,Breakfast,5.0,8.0,13,7,7,4,184,20.0,3.8,6.5,,1.0,2.2,284.0,9.0,8.8,58.0,1.7,0,1,Eggs,53.3,10.87,Low,Very Low,High Protein,Normal,Low,3.67,3.0
101227,Tuna Salad Bowl,بول سلطة التونة,Salad,Mediterranean,Very Easy,Weight Loss,Lunch,7.0,0.0,7,5,7,2,170,27.5,8.7,6.9,,,4.1,582.0,43.0,26.2,36.0,2.1,0,0,Seafood,57.0,16.18,Low,Very Low,High Protein,Overweight,Low,4.25,
101228,Protein Pancakes,بانكيك البروتين,Breakfast,American,Very Easy,Muscle Gain,Breakfast,4.0,8.0,12,6,7,1,301,31.6,28.0,8.7,2.4,2.3,6.9,239.0,,2.2,,2.0,0,1,Dairy|Eggs|Gluten,53.3,10.5,Medium,Low,High Protein,Underweight,Low,3.0,2.0
101229,Greek Yogurt Parfait,بارفيه الزبادي اليوناني,Snack,International,Very Easy,Healthy Snack,Snack,4.0,0.0,4,3,6,2,330,21.3,41.4,6.9,2.3,3.0,20.3,90.0,15.0,14.3,270.0,1.3,0,1,Dairy,49.7,6.45,High,Low,Mixed,Normal,Low,5.0,2.0
101230,Chicken Vegetable Stir Fry,دجاج مقلي بالخضار,Main Course,Asian,Easy,Balanced,Dinner,19.0,18.0,37,8,9,2,437,33.0,28.9,12.3,4.1,3.9,7.1,651.0,78.0,41.0,67.0,2.2,0,0,Nuts|Soy,51.2,7.55,Medium,Moderate,High Protein,Normal,Medium,4.5,2.0
101231,Baked Salmon with Vegetables,سالمون مشوي بالخضار,Main Course,Western,Easy,Heart Health,Dinner,8.0,16.0,24,10,9,4,1800,41.5,14.3,21.7,8.0,3.4,4.6,341.0,107.0,34.8,44.0,2.6,0,0,Seafood,48.7,8.81,Low,Moderate,High Protein,Normal,Medium,4.25,
101232,Turkey Lettuce Wraps,لفائف الخس بالديك الرومي,Light Meal,Asian,Easy,Keto / Low Carb,Dinner,12.0,13.0,25,6,8,4,232,24.5,8.6,11.7,,1.9,3.6,,66.0,16.7,38.0,1.7,0,0,Dairy|Nuts|Soy,49.9,10.56,Low,Low,High Protein,Overweight,Low,3.75,4.0
101233,Boiled Eggs with Avocado,بيض مسلوق مع أفوكادو,Breakfast,International,Very Easy,Keto,Breakfast,2.0,8.0,10,3,6,4,281,16.3,8.3,22.7,6.3,5.8,0.8,284.0,337.0,10.3,48.0,1.8,0,1,Eggs,54.2,5.8,Low,Low,Mixed,Overweight,Low,4.5,6.0
101234,Shrimp Stir Fry,روبيان مقلي,Main Course,Asian,Easy,High Protein / Low Cal,Dinner,9.0,11.0,20,7,9,2,279,33.4,17.2,9.0,2.5,3.0,4.7,696.0,201.0,22.2,96.0,4.0,0,0,Nuts|Soy|Seafood,54.1,11.97,Low,Low,High Protein,Normal,Medium,4.6,5.0
101235,Quinoa Buddha Bowl,بودا بول الكينوا,Main Course,International,Medium,Vegan / Balanced,Dinner,,19.0,33,11,9,1,367,17.6,56.4,13.9,5.2,9.5,7.8,318.0,,50.5,129.0,4.1,1,1,None,60.9,4.8,High,Low,High Carb,Normal,Medium,,4.0
101236,Lentil Soup,شوربة العدس,Soup,Middle Eastern,Easy,High Fiber / Budget,Lunch,8.0,29.0,37,10,11,4,315,18.6,50.4,3.9,1.4,11.6,4.9,503.0,0.0,12.5,85.0,5.2,1,1,None,63.1,5.9,High,Low,High Carb,Normal,Medium,3.5,2.0
101237,Veggie Omelette,عجة الخضار,Breakfast,International,Very Easy,Balanced,Breakfast,5.0,8.0,13,7,8,1,252,19.1,6.1,14.9,5.8,1.6,3.2,368.0,387.0,17.6,83.0,2.0,0,1,Eggs,46.6,7.58,Low,Low,High Protein,Normal,Low,4.5,2.0
101238,Hummus with Vegetables,حمص مع الخضار,Snack,Middle Eastern,Very Easy,Healthy Snack,Snack,10.0,,10,4,9,4,212,9.2,20.1,9.3,2.8,6.8,3.0,290.0,0.0,21.9,78.0,3.6,1,1,None,61.9,4.34,Low,Low,Mixed,Normal,Medium,4.17,6.0
101239,Spinach Lentil Dal,عدس بالسبانخ,Main Course,Indian,Easy,High Iron / Vegan,Dinner,7.0,20.0,27,10,10,6,346,17.1,52.5,6.1,1.8,15.1,4.6,446.0,0.0,35.7,129.0,7.1,0,1,Dairy|Nuts,66.4,4.94,High,Low,High Carb,Normal,Medium,4.0,
101240,Caprese Salad,سلطة كابريزي,Salad,Italian,Very Easy,Light / Healthy,Lunch,4.0,0.0,4,2,7,4,231,11.3,6.2,15.7,6.1,0.5,4.6,362.0,42.0,,,,1,1,None,42.8,,Low,Low,Mixed,Normal,Low,4.33,6.0
101241,Overnight Oats,شوفان بالليل,Breakfast,International,Very Easy,Sustained Energy,Breakfast,5.0,0.0,5,4,8,6,2500,13.8,62.2,9.7,3.9,8.6,17.1,164.0,5.0,,,2.8,0,1,Dairy|Gluten|Nuts,55.8,3.88,High,Low,High Carb,Normal,Low,3.8,5.0
101242,Avocado Toast with Egg,توست الأفوكادو مع بيض,Breakfast,International,Very Easy,Balanced,Breakfast,5.0,6.0,11,6,8,4,434,15.2,29.6,21.1,7.7,7.8,1.7,460.0,166.0,9.6,58.0,2.7,0,1,Eggs|Gluten,52.6,3.5,Medium,Moderate,Mixed,Normal,Low,4.5,6.0
101243,Black Bean Tacos,تاكو الفول الأسود,Main Course,Mexican,Easy,Vegan / Budget,Dinner,12.0,12.0,24,6,10,2,367,17.4,60.0,9.3,3.6,15.0,4.6,637.0,0.0,18.8,123.0,4.6,1,1,None,58.7,4.74,High,Low,High Carb,Normal,Medium,3.67,3.0
101244,Mushroom Risotto,ريزوتو الفطر,Main Course,Italian,Medium,Comfort Food,Dinner,8.0,41.0,49,14,10,6,533,12.8,69.0,13.4,5.8,3.4,4.3,650.0,23.0,4.3,86.0,2.6,0,1,Dairy,43.2,2.4,High,Moderate,High Carb,Normal,Medium,4.0,4.0
101245,Chicken Vegetable Soup,شوربة الدجاج بالخضار,Soup,International,Easy,Immunity / Recovery,Lunch,15.0,29.0,44,9,11,2,277,27.8,23.7,6.8,2.8,4.6,4.6,649.0,71.0,34.1,62.0,2.8,0,0,None,56.7,10.04,Medium,Low,High Protein,Normal,Medium,4.5,6.0
101246,Tomato Basil Soup,شوربة الطماطم والريحان,Soup,Italian,Easy,Light / Vegan,Lunch,11.0,23.0,34,9,9,4,177,5.2,26.1,6.4,2.6,4.1,15.1,454.0,0.0,31.6,63.0,2.2,0,1,Dairy,48.6,2.94,Medium,Very Low,High Carb,Normal,Medium,4.0,
101247,Minestrone Soup,شوربة مينستروني,Soup,Italian,Easy,High Fiber / Balanced,Lunch,11.0,,48,10,10,2,264,11.1,46.1,7.5,3.4,10.2,4.9,658.0,5.0,27.7,89.0,3.2,1,1,Gluten,58.2,4.2,High,Low,High Carb,Normal,Medium,4.75,4.0
101248,Beef Stir Fry,لحم مقلي,Main Course,Asian,Easy,Muscle Gain,Dinner,15.0,14.0,29,8,10,2,410,35.6,26.4,16.3,7.0,3.9,4.3,6000.0,99.0,15.8,42.0,4.5,0,0,Nuts|Soy,44.8,8.68,Medium,Moderate,High Protein,Underweight,Medium,3.75,
101249,Lean Beef Rice Bowl,بول أرز باللحمة,Main Course,Asian Fusion,Easy,Muscle Gain / Bulking,Dinner,8.0,21.0,29,9,10,2,420,39.5,62.8,11.5,4.9,3.8,4.1,799.0,88.0,11.9,,3.5,0,0,Nuts|Soy,48.4,9.4,High,Moderate,Mixed,Underweight,Medium,,15.0
101250,Turkey Meatballs,كرات ديك رومي,Main Course,Italian,Easy,High Protein,Dinner,18.0,17.0,35,7,8,4,329,31.8,19.0,14.1,4.5,2.2,3.3,417.0,99.0,6.6,52.0,,0,0,Eggs|Gluten,49.0,9.67,Medium,Low,High Protein,Normal,Low,3.83,6.0
101251,Whole Wheat Pasta Turkey,مكرونة قمح بالديك الرومي,Main Course,Italian,Easy,Balanced,Dinner,10.0,21.0,31,11,9,4,537,36.8,58.1,10.7,3.5,5.7,7.4,5000.0,65.0,,83.0,3.5,0,0,Gluten,54.4,6.85,High,Moderate,Mixed,Normal,Medium,4.67,3.0
101252,Stuffed Bell Peppers,فلفل محشي,Main Course,Mediterranean,Medium,Balanced,Dinner,21.0,28.0,49,8,9,1,366,23.7,41.9,12.8,3.5,6.1,6.5,592.0,66.0,81.9,,,0,0,Dairy,58.2,6.48,High,Low,Mixed,Normal,Medium,3.33,3.0
101253,Chicken Shawarma Bowl,بول شاورما الدجاج,Main Course,Middle Eastern,Easy,High Protein,Dinner,21.0,18.0,39,8,9,1,397,38.1,41.1,15.3,5.3,5.0,3.9,508.0,96.0,13.2,55.0,2.9,0,0,None,53.1,9.6,High,Low,High Protein,Normal,Medium,4.5,4.0
101254,Salmon Teriyaki,سالمون تيرياكي,Main Course,Japanese,Easy,Omega 3 / Healthy,Dinner,10.0,16.0,26,9,9,2,416,38.6,23.2,17.5,,0.9,10.5,,91.0,4.5,45.0,1.7,0,0,Nuts|Soy|Seafood,37.8,9.28,Medium,Moderate,High Protein,Normal,Medium,3.75,4.0
101255,Chicken Tikka Masala,دجاج تيكا ماسالا,Main Course,Indian,Medium,Balanced,Dinner,15.0,33.0,48,14,11,2,393,31.3,28.9,16.5,4.8,3.5,6.5,551.0,90.0,17.2,68.0,3.9,0,0,Dairy,49.4,7.96,Medium,Low,High Protein,Normal,Medium,4.8,5.0
101256,Zucchini Noodles with Pesto,نودلز الكوسا بالبيستو,Main Course,Italian,Easy,Low Carb / Keto,Lunch,10.0,5.0,15,4,9,2,304,9.7,13.0,23.4,8.3,3.5,5.5,372.0,16.0,21.7,108.0,1.8,1,1,Nuts,43.8,3.19,Low,Low,High Fat / Keto,Overweight,Medium,4.2,15.0
101257,Energy Balls,كرات الطاقة,Snack,International,Easy,Healthy Snack,Snack,19.0,0.0,19,2,7,6,117,4.4,14.4,5.0,,2.3,9.4,34.0,,0.9,33.0,1.1,0,1,Dairy|Gluten|Nuts,49.1,3.76,Low,Very Low,High Carb,Normal,Low,3.5,2.0
101258,Chocolate Protein Balls,كرات بروتين بالشوكولاتة,Snack,International,Easy,Post Workout,Snack,12.0,0.0,12,4,7,2,94,5.4,13.1,3.7,1.5,1.7,6.0,36.0,0.0,2.9,17.0,0.7,0,1,Dairy|Gluten|Nuts,51.5,5.74,Low,Very Low,Mixed,Normal,Low,5.0,4.0
101259,Apple Peanut Butter,تفاح مع زبدة فول سوداني,Snack,International,Very Easy,Balanced Snack,Snack,2.0,0.0,2,1,3,6,196,5.8,26.8,9.4,3.6,4.3,14.8,129.0,0.0,8.9,,0.6,0,1,Dairy|Nuts,47.4,2.96,Medium,Very Low,High Carb,Normal,Low,4.5,8.0
101260,Trail Mix,مكسرات وفواكه مجففة,Snack,International,Very Easy,Energy Boost,Snack,2.0,0.0,2,1,6,2,335,9.7,38.8,23.3,6.6,4.8,22.2,78.0,0.0,1.6,62.0,2.4,1,1,Nuts,42.3,2.9,Medium,Low,Mixed,Normal,Low,4.0,6.0
101261,Strawberry Protein Smoothie,سموذي الفراولة والبروتين,Beverage,International,Very Easy,Muscle Gain / Post Workout,Anytime,3.0,0.0,3,1,6,6,329,28.5,37.1,4.2,1.6,3.5,21.6,118.0,,89.2,171.0,1.0,0,1,Dairy,55.0,,Medium,Low,High Protein,Normal,Low,4.0,8.0
101262,Green Detox Smoothie,سموذي أخضر,Beverage,International,Very Easy,Detox / Weight Loss,Anytime,6.0,0.0,6,1,7,4,189,4.9,40.0,2.9,0.8,6.7,20.7,87.0,0.0,103.3,68.0,2.5,0,1,None,59.6,2.59,Medium,Very Low,High Carb,Overweight,Low,4.0,1.0
101263,Banana Peanut Butter Smoothie,سموذي الموز وزبدة الفول,Beverage,International,Very Easy,Pre Workout / Energy,Anytime,4.0,0.0,4,2,7,1,387,14.6,53.8,12.8,4.4,5.8,29.1,200.0,11.0,12.5,,1.5,0,1,Dairy|Gluten|Nuts,48.6,3.77,High,Low,High Carb,Normal,Low,4.14,7.0
101264,Mango Turmeric Smoothie,سموذي المانجو والكركم,Beverage,International,Very Easy,Anti-Inflammatory,Anytime,4.0,0.0,4,2,7,2,263,7.8,48.1,4.2,1.7,4.7,38.2,116.0,5.0,67.6,194.0,0.8,0,1,Dairy|Nuts,54.5,2.97,High,Low,High Carb,Normal,Low,4.67,3.0
101265,Berry Antioxidant Smoothie,سموذي التوت المضاد للأكسدة,Beverage,International,Very Easy,Immunity Boost,Anytime,2.0,0.0,2,2,6,4,207,8.1,40.0,3.2,1.3,7.0,33.5,90.0,5.0,32.8,141.0,1.1,0,1,Dairy|Nuts,58.3,3.91,Medium,Low,High Carb,Normal,Low,4.5,6.0
101266,Banana Nice Cream,آيس كريم الموز,Dessert,International,Very Easy,Healthy Dessert / Vegan,Dessert,6.0,0.0,6,2,2,2,105,1.8,29.5,0.5,0.2,3.4,16.0,2.0,0.0,13.7,7.0,0.3,1,1,None,50.9,,Medium,Very Low,High Carb,Normal,Low,4.5,4.0
101267,Chia Pudding,بودنج الشيا,Dessert/Snack,International,Very Easy,High Fiber / Omega 3,Snack,8.0,0.0,8,2,5,2,306,9.2,31.0,12.5,5.6,14.5,16.2,144.0,6.0,4.1,216.0,2.5,0,1,Dairy|Nuts,52.4,3.01,Medium,Low,Mixed,Normal,Low,4.2,5.0
101268,Baked Cinnamon Apples,تفاح مخبوز بالقرفة,Dessert,International,Very Easy,Healthy Dessert,Dessert,4.0,29.0,33,5,6,1,171,1.1,38.3,2.0,0.7,5.9,35.3,8.0,0.0,6.7,22.0,0.5,0,1,Dairy|Gluten,52.1,0.64,Medium,Very Low,High Carb,Normal,Low,3.5,2.0
101269,Falafel Wrap,سندويتش فلافل,Main Course,Middle Eastern,Medium,Vegan / Protein,Dinner,26.0,17.0,43,11,11,1,482,19.1,57.5,14.8,6.6,12.6,4.0,649.0,0.0,17.2,135.0,5.5,1,1,Gluten,54.4,3.96,High,Moderate,High Carb,Normal,Medium,4.33,6.0
101270,Tabbouleh Salad,سلطة التبولة,Salad,Middle Eastern,Easy,Light / Vegan,Lunch,14.0,0.0,14,5,50,2,155,4.8,28.3,6.6,2.2,6.7,3.6,421.0,0.0,47.8,64.0,2.7,1,1,Gluten,62.4,3.1,Medium,Very Low,High Carb,Normal,Medium,3.75,12.0
101271,Shakshuka,شكشوكة,Breakfast,Middle Eastern,Easy,Balanced,Breakfast,5.0,22.0,27,9,11,2,278,15.7,19.3,16.5,4.8,4.4,6.7,634.0,413.0,25.5,81.0,3.8,0,1,Eggs,50.0,5.65,Low,Low,Balanced Macro,Normal,Medium,,15.0
101272,Meal Prep Chicken Rice,دجاج وأرز للميل بريب,Main Course,International,Easy,Muscle Gain / Meal Prep,Dinner,18.0,20.0,38,8,9,2,441,42.2,49.6,9.7,3.5,2.5,2.1,535.0,88.0,7.8,44.0,2.0,0,0,None,50.4,9.57,High,Moderate,High Protein,Normal,Medium,4.0,1.0
101273,Overnight Oats 5 Ways,شوفان بالليل 5 وصفات,Breakfast,International,Very Easy,Meal Prep / Healthy,Breakfast,11.0,0.0,11,3,6,4,344,13.7,56.7,9.9,2.7,6.5,15.7,180.0,8.0,9.0,227.0,2.5,0,1,Dairy|Gluten,55.7,3.98,High,Low,High Carb,Normal,Low,4.67,3.0
101274,Grilled Chicken Breast,صدر دجاج مشوي,Main Course,Mediterranean,Easy,High Protein / Weight Loss,Dinner,10.0,16.0,26,6,7,1,321,37.9,3.7,13.5,5.5,0.5,1.2,394.0,107.0,14.0,28.0,1.7,0,0,None,46.6,11.81,Low,Low,High Protein,Overweight,Low,,5.0
101275,Egg White Omelette,عجة بياض البيض,Breakfast,International,Very Easy,High Protein / Low Cal,Breakfast,5.0,9.0,14,6,7,4,201,23.2,3.9,6.1,,0.9,1.7,318.0,10.0,7.8,63.0,1.7,0,1,Eggs,53.0,11.54,Low,Low,High Protein,Normal,Low,4.0,2.0
101276,Tuna Salad Bowl,بول سلطة التونة,Salad,Mediterranean,Very Easy,Weight Loss,Lunch,11.0,,11,6,7,2,164,30.1,7.8,6.4,1.8,3.3,3.9,484.0,40.0,20.5,37.0,1.7,0,0,Seafood,59.6,18.35,Low,Very Low,High Protein,Overweight,Low,5.0,2.0
101277,Protein Pancakes,بانكيك البروتين,Breakfast,American,Very Easy,Muscle Gain,Breakfast,5.0,10.0,15,5,7,4,274,27.6,30.1,7.7,3.2,2.0,6.3,271.0,198.0,1.9,207.0,1.8,0,1,Dairy|Eggs|Gluten,51.5,10.07,Medium,Low,High Protein,Underweight,Low,4.0,4.0
101278,Greek Yogurt Parfait,بارفيه الزبادي اليوناني,Snack,International,Very Easy,Healthy Snack,Snack,5.0,0.0,5,3,6,6,320,23.4,39.0,6.3,2.0,3.0,16.3,103.0,16.0,12.8,318.0,1.5,0,1,Dairy,52.7,,High,Low,Mixed,Normal,Low,4.2,5.0
101279,Chicken Vegetable Stir Fry,دجاج مقلي بالخضار,Main Course,Asian,Easy,Balanced,Dinner,11.0,16.0,27,10,9,4,431,36.6,26.8,10.9,2.8,4.7,6.8,738.0,82.0,43.3,65.0,,0,0,Nuts|Soy,54.9,8.49,Medium,Moderate,High Protein,Normal,Medium,3.0,
101280,Baked Salmon with Vegetables,سالمون مشوي بالخضار,Main Course,Western,Easy,Heart Health,Dinner,11.0,17.0,28,10,9,2,425,180.0,13.2,22.6,7.0,3.6,4.7,352.0,86.0,44.0,47.0,2.3,0,0,Seafood,51.5,9.39,Low,Moderate,High Protein,Normal,Medium,,5.0
101281,Turkey Lettuce Wraps,لفائف الخس بالديك الرومي,Light Meal,Asian,Easy,Keto / Low Carb,Dinner,8.0,13.0,21,7,8,2,252,28.2,8.2,12.0,4.1,2.1,3.4,539.0,60.0,16.0,35.0,1.9,0,0,Dairy|Nuts|Soy,49.5,11.19,Low,Low,High Protein,Overweight,Low,3.67,3.0
101282,Boiled Eggs with Avocado,بيض مسلوق مع أفوكادو,Breakfast,International,Very Easy,Keto,Breakfast,2.0,8.0,10,5,6,4,295,16.9,9.3,25.3,,6.8,0.7,341.0,320.0,8.1,53.0,1.9,0,1,Eggs,50.0,5.73,Low,Low,Mixed,Overweight,Low,3.75,4.0
101283,Shrimp Stir Fry,روبيان مقلي,Main Course,Asian,Easy,High Protein / Low Cal,Lunch,10.0,9.0,19,6,9,4,333,29.0,16.8,8.6,3.8,,5.5,520.0,,23.3,90.0,3.1,0,0,Nuts|Soy|Seafood,51.5,8.71,Low,Low,High Protein,Normal,Medium,4.33,3.0
101284,Quinoa Buddha Bowl,بودا بول الكينوا,Main Course,International,Medium,Vegan / Balanced,Dinner,11.0,16.0,27,8,9,2,391,19.0,53.3,14.4,4.6,9.1,6.3,383.0,0.0,59.2,125.0,4.2,1,1,None,61.9,4.86,High,Low,High Carb,Normal,Medium,3.8,5.0
101285,Lentil Soup,شوربة العدس,Soup,Middle Eastern,Easy,High Fiber / Budget,Lunch,12.0,33.0,45,12,11,4,319,16.5,43.3,3.8,1.1,9.9,5.8,597.0,,16.8,85.0,4.8,1,1,None,62.0,5.17,Medium,Low,High Carb,Normal,Medium,4.33,3.0
101286,Veggie Omelette,عجة الخضار,Breakfast,International,Very Easy,Balanced,Breakfast,5.0,8.0,13,6,8,4,245,17.2,6.4,15.7,6.2,1.6,3.0,353.0,322.0,18.9,83.0,2.0,0,1,Eggs,46.1,7.02,Low,Low,High Protein,Normal,Low,5.0,
101287,Hummus with Vegetables,حمص مع الخضار,Snack,Middle Eastern,Very Easy,Healthy Snack,Snack,12.0,0.0,12,4,9,2,200,8.7,20.2,10.3,4.1,5.8,2.4,320.0,0.0,29.2,86.0,3.1,1,1,None,58.6,4.35,Low,Low,Mixed,Normal,Medium,4.33,3.0
101288,Spinach Lentil Dal,عدس بالسبانخ,Main Course,Indian,Easy,High Iron / Vegan,Dinner,10.0,21.0,31,7,10,2,338,18.7,54.2,5.9,2.0,13.9,4.1,371.0,0.0,32.0,132.0,6.7,0,1,Dairy|Nuts,66.9,5.53,High,Low,High Carb,Normal,Medium,4.11,
101289,Caprese Salad,سلطة كابريزي,Salad,Italian,Very Easy,Light / Healthy,Lunch,6.0,0.0,6,2,7,1,237,11.4,5.5,16.8,5.6,0.4,3.6,337.0,45.0,19.4,,0.8,1,1,None,44.3,4.81,Low,Low,Mixed,Normal,Low,4.2,5.0
101290,Overnight Oats,شوفان بالليل,Breakfast,International,Very Easy,Sustained Energy,Breakfast,4.0,0.0,4,4,8,2,413,13.3,59.4,8.7,3.6,6.2,19.8,4200.0,,8.7,244.0,2.8,0,1,Dairy|Gluten|Nuts,51.7,3.22,High,Moderate,High Carb,Normal,Low,,2.0
101291,Avocado Toast with Egg,توست الأفوكادو مع بيض,Breakfast,International,Very Easy,Balanced,Breakfast,4.0,5.0,9,6,8,2,432,15.1,31.7,23.4,,8.1,2.0,478.0,161.0,11.4,66.0,2.9,0,1,Eggs|Gluten,52.8,3.5,Medium,Moderate,Mixed,Normal,Low,4.0,4.0
101292,Black Bean Tacos,تاكو الفول الأسود,Main Course,Mexican,Easy,Vegan / Budget,Lunch,9.0,8.0,17,5,10,2,386,16.9,53.1,9.5,4.1,11.9,3.8,567.0,0.0,14.6,112.0,4.6,1,1,None,58.3,4.38,High,Low,High Carb,Normal,Medium,,
101293,Mushroom Risotto,ريزوتو الفطر,Main Course,Italian,Medium,Comfort Food,Dinner,11.0,28.0,39,14,10,6,501,13.3,73.2,13.6,,3.5,3.3,500.0,21.0,,78.0,3.2,0,1,Dairy,48.9,2.65,High,Moderate,High Carb,Normal,Medium,4.33,3.0
101294,Chicken Vegetable Soup,شوربة الدجاج بالخضار,Soup,International,Easy,Immunity / Recovery,Lunch,15.0,42.0,57,9,11,2,268,27.4,23.2,6.8,1.8,3.3,4.9,686.0,75.0,29.9,60.0,2.2,0,0,None,54.4,10.22,Medium,Low,High Protein,Normal,Medium,3.5,2.0
101295,Tomato Basil Soup,شوربة الطماطم والريحان,Soup,Italian,Easy,Light / Vegan,Lunch,12.0,23.0,35,9,9,1,174,5.4,29.6,6.9,2.9,,13.6,478.0,0.0,27.5,66.0,2.1,0,1,Dairy,48.7,3.1,Medium,Very Low,High Carb,Normal,Medium,4.4,5.0
101296,Minestrone Soup,شوربة مينستروني,Soup,Italian,Easy,High Fiber / Balanced,Lunch,17.0,28.0,45,11,10,2,279,11.3,39.9,6.7,2.9,7.2,7.2,494.0,4.0,22.1,91.0,3.6,1,1,Gluten,58.5,4.05,Medium,Low,High Carb,Normal,Medium,,6.0
101297,Beef Stir Fry,لحم مقلي,Main Course,Asian,Easy,Muscle Gain,Dinner,16.0,17.0,33,10,10,2,432,36.0,25.8,17.6,6.9,3.1,5.6,727.0,89.0,14.1,47.0,4.0,0,0,Nuts|Soy,43.8,8.33,Medium,Moderate,High Protein,Underweight,Medium,4.4,
101298,Lean Beef Rice Bowl,بول أرز باللحمة,Main Course,Asian Fusion,Easy,Muscle Gain / Bulking,Dinner,8.0,15.0,23,9,10,2,532,36.3,53.3,11.0,3.0,3.1,5.1,641.0,,8.4,47.0,3.6,0,0,Nuts|Soy,49.3,6.82,High,Moderate,Mixed,Underweight,Medium,3.0,4.0
101299,Turkey Meatballs,كرات ديك رومي,Main Course,Italian,Easy,High Protein,Dinner,17.0,20.0,37,10,8,6,326,30.3,16.3,14.1,6.2,1.8,3.3,535.0,88.0,8.2,63.0,2.2,0,0,Eggs|Gluten,44.5,9.29,Low,Low,High Protein,Normal,Low,4.67,3.0
101300,Whole Wheat Pasta Turkey,مكرونة قمح بالديك الرومي,Main Course,Italian,Easy,Balanced,Dinner,10.0,20.0,30,11,9,6,551,39.8,57.1,9.9,4.3,6.5,7.6,668.0,70.0,21.7,87.0,4.6,0,0,Gluten,55.0,7.22,High,Moderate,Mixed,Normal,Medium,4.0,1.0
101301,Stuffed Bell Peppers,فلفل محشي,Main Course,Mediterranean,Medium,Balanced,Dinner,21.0,27.0,48,8,9,2,336,22.8,42.5,12.9,4.8,4.9,8.5,525.0,57.0,67.5,65.0,3.2,0,0,Dairy,53.7,6.79,High,Low,Mixed,Normal,Medium,4.2,5.0
101302,Chicken Shawarma Bowl,بول شاورما الدجاج,Main Course,Middle Eastern,Easy,High Protein,Dinner,15.0,12.0,27,6,9,4,431,180.0,41.3,13.9,4.9,5.2,3.8,,89.0,16.1,53.0,3.2,0,0,None,54.1,9.58,High,Moderate,High Protein,Normal,Medium,4.33,3.0
101303,Salmon Teriyaki,سالمون تيرياكي,Main Course,Japanese,Easy,Omega 3 / Healthy,Dinner,9.0,17.0,26,6,9,2,419,38.5,22.8,15.5,5.5,0.8,13.2,626.0,90.0,4.9,36.0,,0,0,Nuts|Soy|Seafood,36.8,9.19,Medium,Moderate,High Protein,Normal,Medium,4.0,2.0
101304,Chicken Tikka Masala,دجاج تيكا ماسالا,Main Course,Indian,Medium,Balanced,Dinner,22.0,38.0,60,14,11,1,461,29.1,29.3,17.0,6.6,3.2,6.5,659.0,90.0,,73.0,3.3,0,0,Dairy,43.5,6.31,Medium,Moderate,Balanced Macro,Normal,Medium,3.75,4.0
101305,Zucchini Noodles with Pesto,نودلز الكوسا بالبيستو,Main Course,Italian,Easy,Low Carb / Keto,Lunch,10.0,4.0,14,7,9,4,3,9.8,12.9,21.1,7.5,4.2,4.2,344.0,,16.2,111.0,,1,1,Nuts,46.9,3.2,Low,Low,Mixed,Overweight,Medium,3.75,4.0
101306,Energy Balls,كرات الطاقة,Snack,International,Easy,Healthy Snack,Snack,11.0,0.0,11,3,7,2,123,4.3,17.4,4.7,1.3,2.0,8.9,37.0,0.0,1.1,32.0,1.0,0,1,Dairy|Gluten|Nuts,49.9,3.5,Medium,Very Low,High Carb,Normal,Low,4.2,15.0
101307,Chocolate Protein Balls,كرات بروتين بالشوكولاتة,Snack,International,Easy,Post Workout,Snack,13.0,0.0,13,5,7,2,103,5.2,13.1,3.7,1.3,1.6,6.0,35.0,0.0,3.2,20.0,0.7,0,1,Dairy|Gluten|Nuts,51.3,5.05,Low,Very Low,Mixed,Normal,Low,4.2,5.0
101308,Apple Peanut Butter,تفاح مع زبدة فول سوداني,Snack,International,Very Easy,Balanced Snack,Snack,2.0,0.0,2,3,3,6,221,5.7,25.9,9.4,2.8,3.3,15.2,127.0,0.0,8.7,22.0,0.5,0,1,Dairy|Nuts,46.2,2.58,Medium,Low,High Carb,Normal,Low,4.29,7.0
101309,Trail Mix,مكسرات وفواكه مجففة,Snack,International,Very Easy,Energy Boost,Snack,3.0,,3,2,6,1,425,10.2,37.6,24.5,11.0,4.6,23.4,71.0,0.0,1.7,62.0,2.6,1,1,Nuts,36.8,2.4,Medium,Moderate,Mixed,Normal,Low,3.75,4.0
101310,Strawberry Protein Smoothie,سموذي الفراولة والبروتين,Beverage,International,Very Easy,Muscle Gain / Post Workout,Anytime,3.0,0.0,3,2,6,4,284,26.0,39.0,4.1,1.6,4.7,23.8,126.0,11.0,80.5,,1.3,0,1,Dairy,57.9,9.15,Medium,Low,Mixed,Normal,Low,4.33,3.0
101311,Green Detox Smoothie,سموذي أخضر,Beverage,International,Very Easy,Detox / Weight Loss,Anytime,6.0,0.0,6,1,7,1,159,5.1,38.8,2.8,1.1,7.0,20.1,88.0,0.0,104.0,69.0,2.7,0,1,None,60.1,3.21,Medium,Very Low,High Carb,Overweight,Low,,4.0
101312,Banana Peanut Butter Smoothie,سموذي الموز وزبدة الفول,Beverage,International,Very Easy,Pre Workout / Energy,Anytime,4.0,0.0,4,2,7,2,380,13.8,51.9,11.3,4.7,,24.3,174.0,10.0,12.1,186.0,1.3,0,1,Dairy|Gluten|Nuts,47.5,3.63,High,Low,High Carb,Normal,Low,4.33,
101313,Mango Turmeric Smoothie,سموذي المانجو والكركم,Beverage,International,Very Easy,Anti-Inflammatory,Anytime,6.0,0.0,6,4,7,2,254,8.5,41.7,4.1,1.2,4.2,35.2,115.0,,,203.0,0.9,0,1,Dairy|Nuts,54.6,3.35,High,Low,High Carb,Normal,Low,3.5,4.0
101314,Berry Antioxidant Smoothie,سموذي التوت المضاد للأكسدة,Beverage,International,Very Easy,Immunity Boost,Anytime,3.0,0.0,3,2,6,2,253,7.5,43.1,2.8,1.2,5.6,33.2,86.0,6.0,33.1,161.0,1.1,0,1,Dairy|Nuts,55.5,2.96,High,Low,High Carb,Normal,Low,4.5,4.0
101315,Banana Nice Cream,آيس كريم الموز,Dessert,International,Very Easy,Healthy Dessert / Vegan,Dessert,4.0,0.0,4,4,2,2,132,2.1,30.2,0.5,0.2,2.5,17.3,2.0,0.0,,5.0,0.3,1,1,None,48.2,1.59,Medium,Very Low,High Carb,Normal,Low,1.0,1.0
101316,Chia Pudding,بودنج الشيا,Dessert/Snack,International,Very Easy,High Fiber / Omega 3,Snack,10.0,0.0,10,2,5,2,265,9.2,33.2,12.7,4.5,14.6,12.9,151.0,5.0,4.3,240.0,2.7,0,1,Dairy|Nuts,56.2,3.47,Medium,Low,High Carb,Normal,Low,4.67,3.0
101317,Baked Cinnamon Apples,تفاح مخبوز بالقرفة,Dessert,International,Very Easy,Healthy Dessert,Dessert,5.0,,32,4,6,4,187,1.1,38.1,2.2,,5.2,36.7,8.0,0.0,6.6,18.0,0.6,0,1,Dairy|Gluten,50.6,0.59,Medium,Very Low,High Carb,Normal,Low,,15.0
101318,Falafel Wrap,سندويتش فلافل,Main Course,Middle Eastern,Medium,Vegan / Protein,Dinner,25.0,13.0,38,10,11,1,473,17.9,57.5,15.9,4.7,10.7,3.7,580.0,0.0,,134.0,6.6,1,1,Gluten,58.4,3.78,High,Moderate,High Carb,Normal,Medium,4.67,3.0
101319,Tabbouleh Salad,سلطة التبولة,Salad,Middle Eastern,Easy,Light / Vegan,Lunch,15.0,0.0,15,5,9,1,175,5.4,26.2,6.6,3.0,5.6,4.6,334.0,0.0,40.8,66.0,2.7,1,1,Gluten,58.7,3.09,Medium,Very Low,High Carb,Normal,Medium,4.25,4.0
101320,Shakshuka,شكشوكة,Breakfast,Middle Eastern,Easy,Balanced,Breakfast,,25.0,30,9,11,1,251,180.0,19.1,16.8,,3.2,8.3,569.0,426.0,29.0,75.0,3.6,0,1,Eggs,45.9,6.1,Medium,Low,Balanced Macro,Normal,Medium,3.25,4.0
101321,Meal Prep Chicken Rice,دجاج وأرز للميل بريب,Main Course,International,Easy,Muscle Gain / Meal Prep,Dinner,13.0,27.0,40,7,9,1,424,40.8,49.2,10.2,2.7,2.5,1.8,414.0,93.0,8.0,44.0,1.9,0,0,None,52.9,9.62,High,Moderate,High Protein,Normal,Medium,4.4,5.0
101322,Overnight Oats 5 Ways,شوفان بالليل 5 وصفات,Breakfast,International,Very Easy,Meal Prep / Healthy,Breakfast,7.0,0.0,7,6,6,4,300,13.2,50.8,9.2,3.7,6.1,18.6,,8.0,10.7,276.0,2.6,0,1,Dairy|Gluten,52.8,4.4,High,Low,High Carb,Normal,Low,5.0,2.0
101323,Grilled Chicken Breast,صدر دجاج مشوي,Main Course,Mediterranean,Easy,High Protein / Weight Loss,Dinner,12.0,21.0,33,7,7,2,285,38.3,3.7,13.3,4.3,0.6,1.3,425.0,84.0,12.7,28.0,,0,0,None,49.0,13.44,Low,Low,High Protein,Overweight,Low,4.0,2.0
101324,Egg White Omelette,عجة بياض البيض,Breakfast,International,Very Easy,High Protein / Low Cal,Breakfast,6.0,6.0,12,4,7,4,181,20.6,3.9,5.6,1.9,0.9,2.0,299.0,10.0,,56.0,1.3,0,1,Eggs,52.8,11.38,Low,Very Low,High Protein,Normal,Low,4.0,4.0
101325,Tuna Salad Bowl,بول سلطة التونة,Salad,Mediterranean,Very Easy,Weight Loss,Lunch,9.0,0.0,9,5,7,4,208,26.2,7.6,7.1,2.7,2.9,4.7,463.0,41.0,23.5,46.0,,0,0,Seafood,55.0,12.6,Low,Low,High Protein,Overweight,Low,4.33,3.0
101326,Protein Pancakes,بانكيك البروتين,Breakfast,American,Very Easy,Muscle Gain,Breakfast,6.0,12.0,18,7,7,1,330,32.3,30.4,8.5,2.6,2.9,5.4,274.0,196.0,2.3,178.0,1.9,0,1,Dairy|Eggs|Gluten,54.3,9.79,Medium,Low,High Protein,Underweight,Low,4.6,
101327,Greek Yogurt Parfait,بارفيه الزبادي اليوناني,Snack,International,Very Easy,Healthy Snack,Snack,5.0,0.0,5,5,6,6,338,22.1,34.2,7.4,2.7,3.9,18.7,85.0,15.0,14.6,,1.5,0,1,Dairy,52.0,6.54,Medium,Low,Mixed,Normal,Low,4.0,3.0
101328,Chicken Vegetable Stir Fry,دجاج مقلي بالخضار,Main Course,Asian,Easy,Balanced,Dinner,14.0,11.0,25,10,9,6,325,36.4,27.8,12.8,5.6,4.4,7.8,,73.0,,,2.3,0,0,Nuts|Soy,51.3,11.2,Medium,Low,High Protein,Normal,Medium,4.2,
101329,Baked Salmon with Vegetables,سالمون مشوي بالخضار,Main Course,Western,Easy,Heart Health,Dinner,10.0,20.0,30,7,9,2,370,39.1,14.9,21.6,6.3,4.4,4.0,362.0,100.0,36.2,56.0,2.6,0,0,Seafood,54.5,10.57,Low,Low,High Protein,Normal,Medium,3.0,2.0
101330,Turkey Lettuce Wraps,لفائف الخس بالديك الرومي,Light Meal,Asian,Easy,Keto / Low Carb,Dinner,13.0,9.0,22,7,8,1,274,25.3,8.6,12.1,3.9,2.1,2.8,4200.0,68.0,16.2,,1.8,0,0,Dairy|Nuts|Soy,49.0,9.23,Low,Low,High Protein,Overweight,Low,4.0,4.0
101331,Boiled Eggs with Avocado,بيض مسلوق مع أفوكادو,Breakfast,International,Very Easy,Keto,Breakfast,2.0,11.0,13,3,6,4,285,16.7,9.7,25.9,,7.3,0.8,307.0,410.0,9.3,57.0,2.1,0,1,Eggs,55.1,5.86,Low,Low,Mixed,Overweight,Low,,6.0
101332,Shrimp Stir Fry,روبيان مقلي,Main Course,Asian,Easy,High Protein / Low Cal,Dinner,12.0,11.0,23,8,9,4,322,35.2,17.7,8.4,2.7,2.9,5.7,613.0,232.0,19.3,92.0,3.0,0,0,Nuts|Soy|Seafood,52.6,10.93,Low,Low,High Protein,Normal,Medium,4.29,7.0
101333,Quinoa Buddha Bowl,بودا بول الكينوا,Main Course,International,Medium,Vegan / Balanced,Dinner,15.0,,34,9,9,6,422,17.0,57.4,12.8,5.5,9.4,8.0,303.0,0.0,55.1,115.0,5.0,1,1,None,60.4,4.03,High,Moderate,High Carb,Normal,Medium,5.0,
101334,Lentil Soup,شوربة العدس,Soup,Middle Eastern,Easy,High Fiber / Budget,Lunch,13.0,34.0,47,11,11,2,277,18.1,48.4,3.6,1.2,10.6,4.7,519.0,0.0,15.6,78.0,6.0,1,1,None,64.3,6.53,High,Low,High Carb,Normal,Medium,3.71,7.0
101335,Veggie Omelette,عجة الخضار,Breakfast,International,Very Easy,Balanced,Breakfast,5.0,8.0,13,5,8,2,221,18.1,6.2,14.9,,1.6,2.9,371.0,415.0,18.4,100.0,2.2,0,1,Eggs,46.5,8.19,Low,Low,High Protein,Normal,Low,3.75,4.0
101336,Hummus with Vegetables,حمص مع الخضار,Snack,Middle Eastern,Very Easy,Healthy Snack,Snack,11.0,0.0,11,7,9,2,221,9.7,21.5,10.9,4.1,5.9,2.8,267.0,0.0,28.6,93.0,3.4,1,1,None,59.3,4.39,Medium,Low,Mixed,Normal,Medium,5.0,1.0
101337,Spinach Lentil Dal,عدس بالسبانخ,Main Course,Indian,Easy,High Iron / Vegan,Dinner,12.0,31.0,43,10,10,6,353,18.8,46.4,5.8,2.6,12.3,4.4,456.0,0.0,,112.0,6.3,0,1,Dairy|Nuts,64.0,5.33,Medium,Low,High Carb,Normal,Medium,4.33,3.0
101338,Caprese Salad,سلطة كابريزي,Salad,Italian,Very Easy,Light / Healthy,Lunch,5.0,0.0,5,2,7,4,215,11.7,5.8,15.8,6.5,0.4,3.3,359.0,42.0,16.4,276.0,0.9,1,1,None,43.4,,Low,Low,Mixed,Normal,Low,3.0,2.0
101339,Overnight Oats,شوفان بالليل,Breakfast,International,Very Easy,Sustained Energy,Breakfast,6.0,0.0,6,4,8,1,368,14.6,53.9,9.4,4.2,8.2,16.9,151.0,6.0,9.2,222.0,2.9,0,1,Dairy|Gluten|Nuts,55.3,,High,Low,High Carb,Normal,Low,4.5,
101340,Avocado Toast with Egg,توست الأفوكادو مع بيض,Breakfast,International,Very Easy,Balanced,Breakfast,4.0,4.0,8,4,8,1,421,14.5,29.8,23.6,9.8,8.2,1.7,365.0,197.0,12.5,61.0,3.2,0,1,Eggs|Gluten,51.0,3.44,Medium,Moderate,Mixed,Normal,Low,4.43,7.0
101341,Black Bean Tacos,تاكو الفول الأسود,Main Course,Mexican,Easy,Vegan / Budget,Lunch,9.0,7.0,16,8,10,6,333,14.7,60.3,10.0,2.5,15.4,3.9,666.0,0.0,19.9,117.0,5.0,1,1,None,60.5,4.41,High,Low,High Carb,Normal,Medium,,4.0
101928,Mushroom Risotto,ريزوتو الفطر,Main Course,Italian,Medium,Comfort Food,Dinner,11.0,40.0,51,14,100,2,514,13.8,70.3,15.0,5.9,3.4,4.1,519.0,21.0,3.2,83.0,2.6,0,1,Dairy,44.5,2.68,High,Moderate,High Carb,Normal,Medium,4.5,4.0
101343,Chicken Vegetable Soup,شوربة الدجاج بالخضار,Soup,International,Easy,Immunity / Recovery,Lunch,13.0,42.0,55,12,11,4,275,25.2,20.6,7.3,2.6,4.0,5.8,686.0,61.0,,,,0,0,None,53.3,9.16,Medium,Low,High Protein,Normal,Medium,5.0,3.0
101344,Tomato Basil Soup,شوربة الطماطم والريحان,Soup,Italian,Easy,Light / Vegan,Lunch,11.0,25.0,36,9,9,2,155,5.0,27.7,6.6,1.8,4.1,15.9,444.0,0.0,24.0,57.0,1.9,0,1,Dairy,48.6,3.23,Medium,Very Low,High Carb,Normal,Medium,3.0,3.0
101345,Minestrone Soup,شوربة مينستروني,Soup,Italian,Easy,High Fiber / Balanced,Lunch,17.0,34.0,51,10,10,2,326,11.3,42.0,7.2,2.3,10.2,7.2,586.0,5.0,21.0,70.0,3.2,1,1,Gluten,58.2,3.47,Medium,Low,High Carb,Normal,Medium,4.67,
101346,Beef Stir Fry,لحم مقلي,Main Course,Asian,Easy,Muscle Gain,Dinner,18.0,14.0,32,9,10,1,358,35.0,25.3,17.2,6.4,4.1,4.8,737.0,95.0,14.9,46.0,3.8,0,0,Nuts|Soy,47.6,9.78,Medium,Low,High Protein,Underweight,Medium,3.0,
101347,Lean Beef Rice Bowl,بول أرز باللحمة,Main Course,Asian Fusion,Easy,Muscle Gain / Bulking,Dinner,10.0,19.0,29,8,10,2,535,36.2,60.4,12.4,5.2,4.2,5.8,,76.0,10.5,46.0,3.6,0,0,Nuts|Soy,46.2,6.77,High,Moderate,Mixed,Underweight,Medium,4.6,5.0
101348,Turkey Meatballs,كرات ديك رومي,Main Course,Italian,Easy,High Protein,Dinner,12.0,20.0,32,8,8,4,321,33.7,18.3,14.1,3.8,2.2,2.4,416.0,101.0,9.5,54.0,2.8,0,0,Eggs|Gluten,51.5,10.5,Medium,Low,High Protein,Normal,Low,4.5,
101349,Whole Wheat Pasta Turkey,مكرونة قمح بالديك الرومي,Main Course,Italian,Easy,Balanced,Dinner,8.0,25.0,33,10,9,4,491,39.9,53.1,10.5,2.8,5.3,7.2,721.0,86.0,18.4,,,0,0,Gluten,54.1,8.13,High,Moderate,Mixed,Normal,Medium,4.5,2.0
101350,Stuffed Bell Peppers,فلفل محشي,Main Course,Mediterranean,Medium,Balanced,Dinner,14.0,34.0,48,8,9,4,364,25.7,45.8,11.6,4.4,4.9,6.6,490.0,75.0,87.7,57.0,3.0,0,0,Dairy,55.6,7.06,High,Low,Mixed,Normal,Medium,4.0,4.0
101351,Chicken Shawarma Bowl,بول شاورما الدجاج,Main Course,Middle Eastern,Easy,High Protein,Dinner,18.0,18.0,36,6,9,2,426,37.3,44.9,13.8,3.6,5.5,3.7,665.0,,17.1,,2.9,0,0,None,55.3,8.76,High,Moderate,Balanced Macro,Normal,Medium,4.0,3.0
101352,Salmon Teriyaki,سالمون تيرياكي,Main Course,Japanese,Easy,Omega 3 / Healthy,Dinner,11.0,19.0,30,6,9,2,412,39.1,26.0,17.0,6.4,0.8,14.3,653.0,101.0,5.8,44.0,1.6,0,0,Nuts|Soy|Seafood,34.9,9.49,Medium,Moderate,High Protein,Normal,Medium,4.25,4.0
101353,Chicken Tikka Masala,دجاج تيكا ماسالا,Main Course,Indian,Medium,Balanced,Dinner,16.0,23.0,39,14,11,2,1800,29.7,29.3,17.7,4.9,2.6,6.8,654.0,98.0,17.0,82.0,3.4,0,0,Dairy,45.5,6.73,Medium,Moderate,Balanced Macro,Normal,Medium,3.83,6.0
101354,Zucchini Noodles with Pesto,نودلز الكوسا بالبيستو,Main Course,Italian,Easy,Low Carb / Keto,Lunch,8.0,6.0,14,5,9,6,291,10.0,14.8,22.9,5.9,4.4,4.0,388.0,,19.6,127.0,1.8,1,1,Nuts,49.9,3.44,Low,Low,Mixed,Overweight,Medium,5.0,2.0
101355,Energy Balls,كرات الطاقة,Snack,International,Easy,Healthy Snack,Snack,,0.0,19,4,7,1,135,3.8,15.5,5.0,2.1,,9.0,41.0,,1.1,28.0,1.1,0,1,Dairy|Gluten|Nuts,47.7,2.81,Low,Very Low,High Carb,Normal,Low,4.83,6.0
101356,Chocolate Protein Balls,كرات بروتين بالشوكولاتة,Snack,International,Easy,Post Workout,Snack,11.0,0.0,11,3,7,4,101,4.6,12.3,4.0,1.3,1.2,5.7,37.0,0.0,,,0.9,0,1,Dairy|Gluten|Nuts,50.5,4.55,Low,Very Low,Mixed,Normal,Low,4.4,5.0
101357,Apple Peanut Butter,تفاح مع زبدة فول سوداني,Snack,International,Very Easy,Balanced Snack,Snack,2.0,0.0,2,1,3,6,190,6.1,26.6,9.2,3.2,4.0,19.6,120.0,0.0,9.1,20.0,0.4,0,1,Dairy|Nuts,45.1,3.21,Medium,Very Low,High Carb,Normal,Low,,4.0
101358,Trail Mix,مكسرات وفواكه مجففة,Snack,International,Very Easy,Energy Boost,Snack,3.0,0.0,3,3,6,1,384,10.9,37.6,25.8,6.6,4.7,21.6,90.0,0.0,1.7,,,1,1,Nuts,42.3,2.84,Medium,Low,Mixed,Normal,Low,,
101359,Strawberry Protein Smoothie,سموذي الفراولة والبروتين,Beverage,International,Very Easy,Muscle Gain / Post Workout,Anytime,3.0,0.0,3,1,6,4,333,27.6,40.8,4.0,1.7,3.2,20.1,143.0,9.0,79.2,216.0,1.3,0,1,Dairy,54.4,,High,Low,Mixed,Normal,Low,4.67,6.0
101360,Green Detox Smoothie,سموذي أخضر,Beverage,International,Very Easy,Detox / Weight Loss,Anytime,4.0,0.0,4,2,7,6,192,5.1,41.4,3.0,,5.5,20.7,108.0,0.0,107.5,77.0,2.2,0,1,None,56.3,,High,Very Low,High Carb,Overweight,Low,1.5,2.0
101361,Banana Peanut Butter Smoothie,سموذي الموز وزبدة الفول,Beverage,International,Very Easy,Pre Workout / Energy,Anytime,4.0,0.0,4,4,7,2,348,12.8,52.7,12.5,4.8,4.3,30.6,180.0,10.0,13.3,220.0,1.4,0,1,Dairy|Gluten|Nuts,45.7,,High,Low,High Carb,Normal,Low,2.0,1.0
101362,Mango Turmeric Smoothie,سموذي المانجو والكركم,Beverage,International,Very Easy,Anti-Inflammatory,Anytime,5.0,0.0,5,1,7,4,247,7.5,46.4,4.4,1.6,4.1,28.0,134.0,4.0,57.0,173.0,0.9,0,1,Dairy|Nuts,53.2,,High,Low,High Carb,Normal,Low,4.0,4.0
101363,Berry Antioxidant Smoothie,سموذي التوت المضاد للأكسدة,Beverage,International,Very Easy,Immunity Boost,Anytime,3.0,0.0,3,2,6,2,222,7.7,45.7,3.0,0.8,7.0,29.6,90.0,5.0,41.2,165.0,,0,1,Dairy|Nuts,59.9,3.47,High,Low,High Carb,Normal,Low,3.75,4.0
101364,Banana Nice Cream,آيس كريم الموز,Dessert,International,Very Easy,Healthy Dessert / Vegan,Dessert,5.0,0.0,5,4,2,2,115,1.9,30.5,0.5,0.2,2.8,17.8,2.0,0.0,,6.0,0.3,1,1,None,48.4,1.65,Medium,Very Low,High Carb,Normal,Low,4.0,3.0
101365,Chia Pudding,بودنج الشيا,Dessert/Snack,International,Very Easy,High Fiber / Omega 3,Snack,9.0,0.0,9,4,5,4,274,9.6,31.4,12.6,4.3,11.9,16.7,140.0,5.0,3.9,279.0,2.6,0,1,Dairy|Nuts,55.0,3.5,Medium,Low,Mixed,Normal,Low,4.33,3.0
101366,Baked Cinnamon Apples,تفاح مخبوز بالقرفة,Dessert,International,Very Easy,Healthy Dessert,Dessert,4.0,30.0,34,4,6,2,166,1.0,45.5,1.8,0.6,5.9,30.1,8.0,,7.9,21.0,0.5,0,1,Dairy|Gluten,52.4,0.6,High,Very Low,High Carb,Normal,Low,3.6,
101367,Falafel Wrap,سندويتش فلافل,Main Course,Middle Eastern,Medium,Vegan / Protein,Dinner,19.0,,30,12,11,1,484,18.9,65.6,15.1,3.9,13.3,4.2,,0.0,,125.0,6.0,1,1,Gluten,57.7,3.9,High,Moderate,High Carb,Normal,Medium,4.67,
101368,Tabbouleh Salad,سلطة التبولة,Salad,Middle Eastern,Easy,Light / Vegan,Lunch,17.0,0.0,17,6,9,2,196,4.7,26.9,6.3,1.6,6.8,3.7,348.0,,37.5,56.0,2.9,1,1,Gluten,62.8,2.4,Medium,Very Low,High Carb,Normal,Medium,4.0,5.0
101369,Shakshuka,شكشوكة,Breakfast,Middle Eastern,Easy,Balanced,Breakfast,6.0,22.0,28,7,11,1,287,17.3,16.3,17.2,5.3,4.0,7.3,623.0,353.0,26.5,90.0,3.9,0,1,Eggs,48.7,6.03,Low,Low,Balanced Macro,Normal,Medium,5.0,2.0
101370,Meal Prep Chicken Rice,دجاج وأرز للميل بريب,Main Course,International,Easy,Muscle Gain / Meal Prep,Dinner,17.0,30.0,47,7,9,2,397,43.6,50.0,10.6,4.5,2.8,2.0,498.0,100.0,9.4,46.0,,0,0,None,50.8,10.98,High,Low,High Protein,Normal,Medium,3.8,5.0
101371,Overnight Oats 5 Ways,شوفان بالليل 5 وصفات,Breakfast,International,Very Easy,Meal Prep / Healthy,Breakfast,,0.0,8,5,6,1,356,15.0,53.8,8.9,3.2,8.0,18.4,140.0,8.0,9.1,258.0,2.1,0,1,Dairy|Gluten,56.2,4.21,High,Low,High Carb,Normal,Low,3.5,4.0
101372,Grilled Chicken Breast,صدر دجاج مشوي,Main Course,Mediterranean,Easy,High Protein / Weight Loss,Dinner,10.0,19.0,29,6,7,4,341,40.5,3.7,14.8,6.0,0.5,1.2,370.0,100.0,10.9,22.0,1.7,0,0,None,45.8,11.88,Low,Low,High Protein,Overweight,Low,3.67,3.0
101373,Egg White Omelette,عجة بياض البيض,Breakfast,International,Very Easy,High Protein / Low Cal,Breakfast,5.0,8.0,13,6,7,4,164,20.2,4.3,6.1,2.1,0.9,2.2,313.0,10.0,7.6,57.0,1.7,0,1,Eggs,52.8,12.32,Low,Very Low,High Protein,Normal,Low,3.6,5.0
101374,Tuna Salad Bowl,بول سلطة التونة,Salad,Mediterranean,Very Easy,Weight Loss,Lunch,12.0,0.0,12,5,7,1,180,29.3,7.6,7.4,2.7,2.7,5.1,477.0,44.0,21.7,36.0,1.7,0,0,Seafood,55.5,16.28,Low,Very Low,High Protein,Overweight,Low,4.75,4.0
101375,Protein Pancakes,بانكيك البروتين,Breakfast,American,Very Easy,Muscle Gain,Breakfast,5.0,13.0,18,5,7,2,319,32.7,29.1,7.7,3.4,2.1,5.3,288.0,176.0,2.0,165.0,1.9,0,1,Dairy|Eggs|Gluten,51.5,10.25,Medium,Low,High Protein,Underweight,Low,4.75,4.0
101376,Greek Yogurt Parfait,بارفيه الزبادي اليوناني,Snack,International,Very Easy,Healthy Snack,Snack,5.0,,5,2,6,4,325,23.4,39.2,7.3,2.4,3.5,17.4,108.0,,17.8,312.0,1.4,0,1,Dairy,52.8,7.2,High,Low,Mixed,Normal,Low,3.8,5.0
101377,Chicken Vegetable Stir Fry,دجاج مقلي بالخضار,Main Course,Asian,Easy,Balanced,Dinner,19.0,14.0,33,9,9,4,423,34.1,26.4,12.4,4.7,3.6,7.8,687.0,87.0,51.0,58.0,2.5,0,0,Nuts|Soy,50.2,8.06,Medium,Moderate,High Protein,Normal,Medium,3.67,3.0
101378,Baked Salmon with Vegetables,سالمون مشوي بالخضار,Main Course,Western,Easy,Heart Health,Dinner,9.0,17.0,0,7,9,1,363,42.3,15.1,23.2,7.9,3.6,5.3,412.0,94.0,36.0,55.0,2.9,0,0,Seafood,50.0,11.65,Low,Low,High Protein,Normal,Medium,4.25,8.0
101379,Turkey Lettuce Wraps,لفائف الخس بالديك الرومي,Light Meal,Asian,Easy,Keto / Low Carb,Lunch,9.0,10.0,19,7,8,1,222,28.5,8.3,11.0,3.6,2.2,3.4,453.0,74.0,15.0,,2.1,0,0,Dairy|Nuts|Soy,52.1,12.84,Low,Low,High Protein,Overweight,Low,4.57,7.0
101380,Boiled Eggs with Avocado,بيض مسلوق مع أفوكادو,Breakfast,International,Very Easy,Keto,Breakfast,2.0,7.0,9,3,6,2,316,15.0,9.6,22.1,7.4,5.4,0.8,327.0,380.0,10.6,51.0,2.0,0,1,Eggs,51.0,4.75,Low,Low,Mixed,Overweight,Low,4.33,6.0
101381,Shrimp Stir Fry,روبيان مقلي,Main Course,Asian,Easy,High Protein / Low Cal,Dinner,10.0,12.0,22,9,9,4,329,30.8,18.6,8.8,4.0,3.2,4.2,665.0,226.0,18.8,82.0,3.4,0,0,Nuts|Soy|Seafood,50.7,9.36,Medium,Low,High Protein,Normal,Medium,4.75,4.0
101382,Quinoa Buddha Bowl,بودا بول الكينوا,Main Course,International,Medium,Vegan / Balanced,Dinner,15.0,17.0,32,9,9,6,468,19.1,57.2,14.3,4.1,,5.8,302.0,0.0,60.6,124.0,,1,1,None,62.2,4.08,High,Moderate,High Carb,Normal,Medium,4.67,3.0
101383,Lentil Soup,شوربة العدس,Soup,Middle Eastern,Easy,High Fiber / Budget,Lunch,13.0,27.0,40,12,11,1,315,17.3,45.9,3.8,1.5,12.5,4.9,,0.0,13.6,91.0,5.0,1,1,None,61.4,,Medium,Low,High Carb,Normal,Medium,,3.0
101384,Veggie Omelette,عجة الخضار,Breakfast,International,Very Easy,Balanced,Breakfast,5.0,6.0,11,5,8,2,252,19.5,6.2,15.1,5.2,1.7,3.2,419.0,336.0,23.9,88.0,2.5,0,1,Eggs,48.2,7.74,Low,Low,High Protein,Normal,Low,4.75,4.0
101385,Hummus with Vegetables,حمص مع الخضار,Snack,Middle Eastern,Very Easy,Healthy Snack,Snack,8.0,0.0,8,5,9,1,223,9.5,20.4,10.0,2.7,6.6,2.9,3500.0,0.0,,100.0,3.5,1,1,None,61.2,4.26,Low,Low,Mixed,Normal,Medium,3.0,2.0
101386,Spinach Lentil Dal,عدس بالسبانخ,Main Course,Indian,Easy,High Iron / Vegan,Dinner,9.0,32.0,41,9,10,4,328,19.0,50.5,6.4,2.5,12.0,3.7,435.0,0.0,35.0,,6.3,0,1,Dairy|Nuts,65.9,5.79,High,Low,High Carb,Normal,Medium,,3.0
101387,Caprese Salad,سلطة كابريزي,Salad,Italian,Very Easy,Light / Healthy,Lunch,6.0,0.0,6,5,7,1,205,13.0,5.5,14.7,6.1,0.6,4.1,420.0,46.0,21.5,223.0,0.7,1,1,None,43.7,6.34,Low,Low,Mixed,Normal,Low,4.0,3.0
101388,Overnight Oats,شوفان بالليل,Breakfast,International,Very Easy,Sustained Energy,Breakfast,6.0,0.0,6,6,8,4,402,13.2,61.9,9.4,2.7,7.5,20.0,152.0,4.0,9.4,232.0,,0,1,Dairy|Gluten|Nuts,55.8,3.28,High,Moderate,High Carb,Normal,Low,4.0,2.0
101389,Avocado Toast with Egg,توست الأفوكادو مع بيض,Breakfast,International,Very Easy,Balanced,Breakfast,4.0,5.0,9,7,8,2,353,14.6,27.6,20.6,6.9,6.9,1.8,406.0,199.0,9.7,59.0,3.1,0,1,Eggs|Gluten,53.7,4.14,Medium,Low,Mixed,Normal,Low,3.6,5.0
101390,Black Bean Tacos,تاكو الفول الأسود,Main Course,Mexican,Easy,Vegan / Budget,Lunch,7.0,9.0,16,6,10,4,411,15.6,58.7,9.7,3.0,13.9,4.2,623.0,0.0,20.5,116.0,4.3,1,1,None,59.4,3.8,High,Moderate,High Carb,Normal,Medium,3.86,7.0
101391,Mushroom Risotto,ريزوتو الفطر,Main Course,Italian,Medium,Comfort Food,Dinner,12.0,30.0,42,13,10,1,525,13.2,64.3,14.9,,2.6,4.6,607.0,21.0,3.8,76.0,3.4,0,1,Dairy,41.9,2.51,High,Moderate,High Carb,Normal,Medium,3.75,4.0
101392,Chicken Vegetable Soup,شوربة الدجاج بالخضار,Soup,International,Easy,Immunity / Recovery,Lunch,16.0,29.0,45,9,11,1,251,30.3,23.3,7.1,2.3,4.7,5.4,667.0,69.0,24.6,56.0,2.7,0,0,None,57.0,12.07,Medium,Low,High Protein,Normal,Medium,4.2,
101393,Tomato Basil Soup,شوربة الطماطم والريحان,Soup,Italian,Easy,Light / Vegan,Lunch,13.0,31.0,44,7,9,2,163,5.5,26.0,6.8,2.8,4.7,13.8,433.0,0.0,33.4,57.0,1.8,0,1,Dairy,50.5,3.37,Medium,Very Low,High Carb,Normal,Medium,4.5,4.0
101394,Minestrone Soup,شوربة مينستروني,Soup,Italian,Easy,High Fiber / Balanced,Lunch,13.0,21.0,34,9,10,1,262,11.8,44.0,7.4,,9.2,6.0,557.0,,27.6,88.0,3.2,1,1,Gluten,59.3,4.5,Medium,Low,High Carb,Normal,Medium,4.67,3.0
101395,Beef Stir Fry,لحم مقلي,Main Course,Asian,Easy,Muscle Gain,Dinner,13.0,,29,7,10,2,358,35.0,24.6,19.1,,4.0,5.0,742.0,,,49.0,3.5,0,0,Nuts|Soy,44.0,9.78,Medium,Low,High Protein,Underweight,Medium,3.5,6.0
101396,Lean Beef Rice Bowl,بول أرز باللحمة,Main Course,Asian Fusion,Easy,Muscle Gain / Bulking,Dinner,13.0,18.0,31,8,10,6,444,36.5,56.5,13.1,4.4,3.6,5.0,737.0,70.0,9.9,43.0,3.4,0,0,Nuts|Soy,48.0,8.22,High,Moderate,Mixed,Underweight,Medium,3.88,8.0
101397,Turkey Meatballs,كرات ديك رومي,Main Course,Italian,Easy,High Protein,Dinner,11.0,19.0,30,9,8,4,382,34.5,17.3,13.0,5.2,2.3,3.2,409.0,94.0,8.2,53.0,2.5,0,0,Eggs|Gluten,48.2,9.03,Medium,Low,High Protein,Normal,Low,4.5,2.0
101398,Whole Wheat Pasta Turkey,مكرونة قمح بالديك الرومي,Main Course,Italian,Easy,Balanced,Dinner,13.0,,43,12,9,1,474,40.8,55.3,9.1,3.7,6.2,6.2,606.0,79.0,17.9,,4.3,0,0,Gluten,56.6,8.61,High,Moderate,Mixed,Normal,Medium,4.33,
101399,Stuffed Bell Peppers,فلفل محشي,Main Course,Mediterranean,Medium,Balanced,Dinner,23.0,35.0,58,8,9,6,349,22.4,42.7,11.8,3.7,6.8,8.7,494.0,61.0,73.0,61.0,2.6,0,0,Dairy,58.9,,High,Low,Mixed,Normal,Medium,3.5,4.0
101400,Chicken Shawarma Bowl,بول شاورما الدجاج,Main Course,Middle Eastern,Easy,High Protein,Dinner,17.0,15.0,32,8,9,1,5,35.9,38.8,12.9,3.5,4.7,3.2,552.0,96.0,13.8,60.0,3.3,0,0,None,54.4,,Medium,Moderate,High Protein,Normal,Medium,4.2,5.0
101401,Salmon Teriyaki,سالمون تيرياكي,Main Course,Japanese,Easy,Omega 3 / Healthy,Dinner,10.0,15.0,25,9,9,1,388,39.6,23.9,15.4,6.8,1.0,11.0,6000.0,87.0,5.2,38.0,1.4,0,0,Nuts|Soy|Seafood,36.8,10.21,Medium,Low,High Protein,Normal,Medium,3.0,
101402,Chicken Tikka Masala,دجاج تيكا ماسالا,Main Course,Indian,Medium,Balanced,Dinner,19.0,36.0,55,12,11,6,453,32.5,28.6,17.1,,3.2,6.1,554.0,96.0,14.4,,,0,0,Dairy,46.6,7.17,Medium,Moderate,High Protein,Normal,Medium,3.75,4.0
101403,Zucchini Noodles with Pesto,نودلز الكوسا بالبيستو,Main Course,Italian,Easy,Low Carb / Keto,Lunch,12.0,4.0,16,5,9,1,241,10.5,13.8,21.7,9.4,,5.2,376.0,15.0,20.7,134.0,2.2,1,1,Nuts,44.0,4.36,Low,Low,Mixed,Overweight,Medium,4.5,
101404,Energy Balls,كرات الطاقة,Snack,International,Easy,Healthy Snack,Snack,14.0,0.0,14,3,7,2,126,3.7,17.4,5.3,2.2,2.4,6.8,41.0,0.0,,34.0,0.9,0,1,Dairy|Gluten|Nuts,50.0,2.94,Low,Very Low,High Carb,Normal,Low,4.25,4.0
101405,Chocolate Protein Balls,كرات بروتين بالشوكولاتة,Snack,International,Easy,Post Workout,Snack,18.0,0.0,18,5,7,6,98,5.4,11.4,3.9,1.1,1.7,6.8,45.0,0.0,2.4,21.0,0.8,0,1,Dairy|Gluten|Nuts,51.5,5.51,Low,Very Low,Mixed,Normal,Low,,3.0
101406,Apple Peanut Butter,تفاح مع زبدة فول سوداني,Snack,International,Very Easy,Balanced Snack,Snack,2.0,0.0,2,3,3,1,222,5.9,29.6,10.2,2.8,3.3,18.0,,,8.1,22.0,0.5,0,1,Dairy|Nuts,44.9,2.66,Medium,Low,High Carb,Normal,Low,4.8,5.0
101407,Trail Mix,مكسرات وفواكه مجففة,Snack,International,Very Easy,Energy Boost,Snack,3.0,0.0,3,2,6,6,352,9.7,41.5,25.9,9.8,5.1,16.1,74.0,0.0,2.3,68.0,,1,1,Nuts,40.2,2.76,High,Low,Mixed,Normal,Low,3.86,7.0
101408,Strawberry Protein Smoothie,سموذي الفراولة والبروتين,Beverage,International,Very Easy,Muscle Gain / Post Workout,Anytime,4.0,0.0,4,3,6,6,294,23.5,35.6,3.8,1.5,4.1,18.7,115.0,11.0,99.4,227.0,1.3,0,1,Dairy,57.4,7.99,Medium,Low,Mixed,Normal,Low,4.0,7.0
101409,Green Detox Smoothie,سموذي أخضر,Beverage,International,Very Easy,Detox / Weight Loss,Anytime,4.0,0.0,4,3,7,2,184,5.3,35.4,3.2,1.1,6.0,22.6,106.0,0.0,135.2,79.0,2.6,0,1,None,57.8,2.88,Medium,Very Low,High Carb,Overweight,Low,4.17,6.0
101410,Banana Peanut Butter Smoothie,سموذي الموز وزبدة الفول,Beverage,International,Very Easy,Pre Workout / Energy,Anytime,3.0,0.0,720,4,7,1,336,12.6,48.8,11.2,4.4,5.1,22.5,153.0,11.0,10.3,171.0,1.6,0,1,Dairy|Gluten|Nuts,47.5,3.75,High,Low,High Carb,Normal,Low,5.0,2.0
101411,Mango Turmeric Smoothie,سموذي المانجو والكركم,Beverage,International,Very Easy,Anti-Inflammatory,Anytime,5.0,0.0,5,3,7,2,210,8.6,42.8,3.9,1.1,3.6,30.7,121.0,4.0,59.2,209.0,0.7,0,1,Dairy|Nuts,53.8,4.1,High,Low,High Carb,Normal,Low,4.4,5.0
101412,Berry Antioxidant Smoothie,سموذي التوت المضاد للأكسدة,Beverage,International,Very Easy,Immunity Boost,Anytime,2.0,0.0,2,2,6,2,214,8.3,41.6,2.9,0.9,6.8,25.0,96.0,5.0,38.0,170.0,0.9,0,1,Dairy|Nuts,59.2,3.88,Medium,Low,High Carb,Normal,Low,4.0,4.0
101413,Banana Nice Cream,آيس كريم الموز,Dessert,International,Very Easy,Healthy Dessert / Vegan,Dessert,5.0,0.0,5,1,2,1,116,2.1,25.3,0.5,0.2,2.5,14.5,2.0,0.0,11.2,6.0,,1,1,None,49.7,1.81,Medium,Very Low,High Carb,Normal,Low,,5.0
101414,Chia Pudding,بودنج الشيا,Dessert/Snack,International,Very Easy,High Fiber / Omega 3,Snack,7.0,0.0,7,3,5,2,269,10.4,34.4,12.0,3.6,16.7,19.0,147.0,6.0,3.4,267.0,2.4,0,1,Dairy|Nuts,54.8,3.87,Medium,Low,High Carb,Normal,Low,4.67,3.0
101415,Baked Cinnamon Apples,تفاح مخبوز بالقرفة,Dessert,International,Very Easy,Healthy Dessert,Dessert,5.0,20.0,25,6,6,2,205,1.0,37.8,1.9,0.5,5.3,28.1,8.0,0.0,,22.0,0.5,0,1,Dairy|Gluten,51.4,0.49,Medium,Low,High Carb,Normal,Low,3.8,5.0
101416,Falafel Wrap,سندويتش فلافل,Main Course,Middle Eastern,Medium,Vegan / Protein,Dinner,24.0,13.0,37,12,11,2,548,19.5,61.6,17.1,6.0,11.8,4.3,601.0,0.0,13.0,107.0,,1,1,Gluten,55.1,3.56,High,Moderate,High Carb,Normal,Medium,4.67,3.0
101417,Tabbouleh Salad,سلطة التبولة,Salad,Middle Eastern,Easy,Light / Vegan,Lunch,13.0,0.0,13,6,9,4,190,4.7,28.9,7.6,2.9,7.1,4.7,406.0,0.0,,54.0,,1,1,Gluten,60.2,2.47,Medium,Very Low,High Carb,Normal,Medium,,8.0
101418,Shakshuka,شكشوكة,Breakfast,Middle Eastern,Easy,Balanced,Breakfast,4.0,25.0,29,6,11,1,310,16.4,17.9,16.0,7.0,4.2,9.2,556.0,385.0,30.9,86.0,3.2,0,1,Eggs,45.9,5.29,Low,Low,Balanced Macro,Normal,Medium,4.33,6.0
101419,Meal Prep Chicken Rice,دجاج وأرز للميل بريب,Main Course,International,Easy,Muscle Gain / Meal Prep,Dinner,16.0,18.0,34,9,9,2,469,38.9,47.7,10.7,4.2,3.6,2.1,512.0,89.0,6.8,45.0,1.9,0,0,None,51.0,8.29,High,Moderate,Balanced Macro,Normal,Medium,4.67,3.0
101420,Overnight Oats 5 Ways,شوفان بالليل 5 وصفات,Breakfast,International,Very Easy,Meal Prep / Healthy,Breakfast,12.0,0.0,12,3,6,2,311,13.3,48.4,8.2,3.3,6.8,18.7,139.0,,9.9,212.0,2.7,0,1,Dairy|Gluten,54.5,4.28,High,Low,High Carb,Normal,Low,3.75,4.0
101421,Grilled Chicken Breast,صدر دجاج مشوي,Main Course,Mediterranean,Easy,High Protein / Weight Loss,Dinner,12.0,25.0,37,8,7,6,340,37.2,4.3,13.3,5.3,0.6,1.1,429.0,,10.6,24.0,1.8,0,0,None,46.1,,Low,Low,High Protein,Overweight,Low,3.57,7.0
101422,Egg White Omelette,عجة بياض البيض,Breakfast,International,Very Easy,High Protein / Low Cal,Breakfast,4.0,7.0,11,7,7,2,196,20.5,4.1,6.2,1.6,1.1,2.4,303.0,11.0,,57.0,1.7,0,1,Eggs,52.9,10.46,Low,Very Low,High Protein,Normal,Low,3.5,4.0
101423,Tuna Salad Bowl,بول سلطة التونة,Salad,Mediterranean,Very Easy,Weight Loss,Lunch,7.0,0.0,7,3,7,2,171,29.5,7.5,6.7,2.2,3.3,4.0,493.0,42.0,26.4,39.0,2.2,0,0,Seafood,59.1,17.25,Low,Very Low,High Protein,Overweight,Low,4.5,6.0
101424,Protein Pancakes,بانكيك البروتين,Breakfast,American,Very Easy,Muscle Gain,Breakfast,4.0,13.0,17,6,7,6,301,29.7,27.9,8.5,3.4,2.7,5.6,293.0,197.0,2.1,192.0,,0,1,Dairy|Eggs|Gluten,52.7,9.87,Medium,Low,High Protein,Underweight,Low,3.33,3.0
101425,Greek Yogurt Parfait,بارفيه الزبادي اليوناني,Snack,International,Very Easy,Healthy Snack,Snack,5.0,0.0,5,3,6,2,352,23.4,36.2,7.1,2.5,3.7,18.4,87.0,15.0,,344.0,1.4,0,1,Dairy,52.4,6.65,Medium,Low,Mixed,Normal,Low,4.0,4.0
101426,Chicken Vegetable Stir Fry,دجاج مقلي بالخضار,Main Course,Asian,Easy,Balanced,Dinner,15.0,13.0,28,8,50,6,361,32.9,29.8,12.8,4.0,3.5,6.0,582.0,,43.6,53.0,2.3,0,0,Nuts|Soy,52.8,9.11,Medium,Low,High Protein,Normal,Medium,3.8,5.0
101427,Baked Salmon with Vegetables,سالمون مشوي بالخضار,Main Course,Western,Easy,Heart Health,Dinner,8.0,15.0,23,7,9,4,475,36.2,14.2,21.4,5.7,4.3,4.9,329.0,104.0,37.2,55.0,2.5,0,0,Seafood,53.6,7.62,Low,Moderate,High Protein,Normal,Medium,2.5,
101428,Turkey Lettuce Wraps,لفائف الخس بالديك الرومي,Light Meal,Asian,Easy,Keto / Low Carb,Lunch,9.0,8.0,17,8,8,4,227,27.9,7.3,11.2,3.0,2.4,3.2,519.0,61.0,15.7,34.0,1.9,0,0,Dairy|Nuts|Soy,52.5,12.29,Low,Low,High Protein,Overweight,Low,4.33,3.0
101429,Boiled Eggs with Avocado,بيض مسلوق مع أفوكادو,Breakfast,International,Very Easy,Keto,Breakfast,2.0,11.0,13,5,6,1,294,17.0,8.2,23.9,9.6,6.5,0.8,342.0,341.0,10.8,52.0,1.9,0,1,Eggs,50.2,5.78,Low,Low,Mixed,Overweight,Low,4.33,6.0
101430,Shrimp Stir Fry,روبيان مقلي,Main Course,Asian,Easy,High Protein / Low Cal,Dinner,8.0,13.0,21,7,9,1,300,34.4,16.6,9.3,3.8,3.4,4.6,609.0,,23.8,88.0,3.0,0,0,Nuts|Soy|Seafood,53.2,11.47,Low,Low,High Protein,Normal,Medium,3.75,4.0
101431,Quinoa Buddha Bowl,بودا بول الكينوا,Main Course,International,Medium,Vegan / Balanced,Dinner,17.0,17.0,34,8,9,4,451,16.7,58.9,14.5,5.4,9.8,7.4,380.0,0.0,50.9,112.0,3.9,1,1,None,59.3,3.7,High,Moderate,High Carb,Normal,Medium,5.0,2.0
101432,Lentil Soup,شوربة العدس,Soup,Middle Eastern,Easy,High Fiber / Budget,Lunch,8.0,38.0,46,9,11,1,280,17.5,47.4,4.1,1.4,11.8,4.2,526.0,0.0,12.3,90.0,5.9,1,1,None,63.7,,High,Low,High Carb,Normal,Medium,5.0,3.0
101433,Veggie Omelette,عجة الخضار,Breakfast,International,Very Easy,Balanced,Breakfast,5.0,5.0,10,4,8,4,265,18.8,6.1,16.0,5.7,1.8,3.0,334.0,378.0,16.9,103.0,2.2,0,1,Eggs,47.6,7.09,Low,Low,High Protein,Normal,Low,2.8,5.0
101434,Hummus with Vegetables,حمص مع الخضار,Snack,Middle Eastern,Very Easy,Healthy Snack,Snack,11.0,0.0,11,5,9,1,184,9.6,21.4,9.8,3.4,6.2,3.6,322.0,0.0,20.3,89.0,2.9,1,1,None,59.3,5.22,Medium,Very Low,Mixed,Normal,Medium,3.56,9.0
101435,Spinach Lentil Dal,عدس بالسبانخ,Main Course,Indian,Easy,High Iron / Vegan,Dinner,10.0,23.0,33,10,10,4,342,19.7,46.1,6.2,1.6,16.0,3.9,437.0,0.0,32.5,103.0,7.1,0,1,Dairy|Nuts,67.0,5.76,Medium,Low,High Carb,Normal,Medium,3.5,2.0
101436,Caprese Salad,سلطة كابريزي,Salad,Italian,Very Easy,Light / Healthy,Lunch,4.0,0.0,4,3,7,4,227,13.1,6.0,16.3,7.2,0.5,4.1,335.0,45.0,18.1,249.0,0.8,1,1,None,42.4,5.77,Low,Low,Mixed,Normal,Low,4.2,15.0
101437,Overnight Oats,شوفان بالليل,Breakfast,International,Very Easy,Sustained Energy,Breakfast,4.0,0.0,4,5,8,1,383,14.6,57.4,8.2,3.6,7.7,19.9,168.0,5.0,9.0,228.0,2.8,0,1,Dairy|Gluten|Nuts,54.5,3.81,High,Low,High Carb,Normal,Low,,2.0
101438,Avocado Toast with Egg,توست الأفوكادو مع بيض,Breakfast,International,Very Easy,Balanced,Breakfast,5.0,6.0,11,6,8,2,380,17.3,30.9,20.7,5.3,9.4,1.6,361.0,,11.9,60.0,3.3,0,1,Eggs|Gluten,58.4,4.55,Medium,Low,Balanced Macro,Normal,Low,4.5,4.0
101439,Black Bean Tacos,تاكو الفول الأسود,Main Course,Mexican,Easy,Vegan / Budget,Lunch,9.0,10.0,19,5,10,1,334,16.0,56.6,9.2,2.9,15.6,4.5,521.0,0.0,15.4,115.0,5.5,1,1,None,61.0,4.79,High,Low,High Carb,Normal,Medium,2.5,
101440,Mushroom Risotto,ريزوتو الفطر,Main Course,Italian,Medium,Comfort Food,Dinner,10.0,44.0,54,14,10,2,503,15.4,65.2,15.4,4.1,3.0,4.4,499.0,20.0,4.0,79.0,2.8,0,1,Dairy,46.8,3.06,High,Moderate,High Carb,Normal,Medium,3.6,5.0
101441,Chicken Vegetable Soup,شوربة الدجاج بالخضار,Soup,International,Easy,Immunity / Recovery,Lunch,16.0,31.0,47,11,11,4,222,29.7,23.2,6.6,2.2,3.6,5.3,532.0,80.0,29.9,63.0,2.3,0,0,None,57.4,13.38,Medium,Low,High Protein,Normal,Medium,4.0,6.0
101442,Tomato Basil Soup,شوربة الطماطم والريحان,Soup,Italian,Easy,Light / Vegan,Lunch,10.0,29.0,39,8,9,2,170,4.8,29.4,6.5,1.9,4.2,15.1,460.0,0.0,31.6,52.0,1.8,0,1,Dairy,49.4,2.82,Medium,Very Low,High Carb,Normal,Medium,5.0,3.0
101443,Minestrone Soup,شوربة مينستروني,Soup,Italian,Easy,High Fiber / Balanced,Lunch,11.0,27.0,38,8,10,1,266,13.1,38.1,6.8,,8.9,6.8,663.0,4.0,,83.0,3.8,1,1,Gluten,59.1,4.92,Medium,Low,High Carb,Normal,Medium,4.5,2.0
101444,Beef Stir Fry,لحم مقلي,Main Course,Asian,Easy,Muscle Gain,Dinner,12.0,15.0,27,10,10,6,399,35.4,25.6,18.8,5.9,3.9,5.7,714.0,77.0,15.3,49.0,3.9,0,0,Nuts|Soy,47.4,8.87,Medium,Low,High Protein,Underweight,Medium,3.33,3.0
101445,Lean Beef Rice Bowl,بول أرز باللحمة,Main Course,Asian Fusion,Easy,Muscle Gain / Bulking,Dinner,8.0,24.0,32,9,10,6,474,34.7,58.6,12.7,4.3,4.0,4.6,646.0,81.0,9.6,53.0,3.7,0,0,Nuts|Soy,49.8,7.32,High,Moderate,Mixed,Underweight,Medium,3.5,2.0
101446,Turkey Meatballs,كرات ديك رومي,Main Course,Italian,Easy,High Protein,Dinner,17.0,19.0,36,7,8,2,297,31.1,17.0,12.8,,2.3,2.5,485.0,98.0,7.2,61.0,,0,0,Eggs|Gluten,51.0,10.47,Low,Low,High Protein,Normal,Low,4.0,4.0
101447,Whole Wheat Pasta Turkey,مكرونة قمح بالديك الرومي,Main Course,Italian,Easy,Balanced,Dinner,10.0,29.0,39,11,9,2,473,40.1,51.4,10.0,3.5,7.4,5.9,564.0,85.0,21.4,71.0,3.8,0,0,Gluten,59.9,8.48,High,Moderate,Mixed,Normal,Medium,4.5,2.0
101448,Stuffed Bell Peppers,فلفل محشي,Main Course,Mediterranean,Medium,Balanced,Dinner,15.0,43.0,58,8,9,1,356,26.3,39.7,11.0,3.1,5.0,8.8,522.0,,74.9,53.0,3.2,0,0,Dairy,56.6,7.39,Medium,Low,Mixed,Normal,Medium,3.25,4.0
101449,Chicken Shawarma Bowl,بول شاورما الدجاج,Main Course,Middle Eastern,Easy,High Protein,Dinner,23.0,18.0,41,6,9,4,443,38.7,37.8,13.5,3.7,4.1,3.8,,99.0,14.8,55.0,2.6,0,0,None,53.5,8.74,Medium,Moderate,High Protein,Normal,Medium,4.2,5.0
101450,Salmon Teriyaki,سالمون تيرياكي,Main Course,Japanese,Easy,Omega 3 / Healthy,Dinner,10.0,13.0,23,8,9,6,421,35.2,23.1,14.8,5.6,1.1,11.8,608.0,82.0,,39.0,1.4,0,0,Nuts|Soy|Seafood,37.7,8.36,Medium,Moderate,High Protein,Normal,Medium,-1.0,1.0
101451,Chicken Tikka Masala,دجاج تيكا ماسالا,Main Course,Indian,Medium,Balanced,Dinner,17.0,24.0,41,11,11,1,357,34.8,26.6,16.6,4.9,2.7,6.6,667.0,77.0,13.0,86.0,3.4,0,0,Dairy,46.8,9.75,Medium,Low,High Protein,Normal,Medium,,3.0
101452,Zucchini Noodles with Pesto,نودلز الكوسا بالبيستو,Main Course,Italian,Easy,Low Carb / Keto,Lunch,7.0,6.0,13,6,9,1,297,10.1,13.6,23.9,10.4,3.8,4.2,418.0,16.0,17.3,110.0,1.7,1,1,Nuts,41.7,3.4,Low,Low,High Fat / Keto,Overweight,Medium,4.0,6.0
101453,Energy Balls,كرات الطاقة,Snack,International,Easy,Healthy Snack,Snack,16.0,0.0,16,4,7,1,104,4.0,17.4,4.9,2.0,2.1,9.2,39.0,0.0,1.0,34.0,,0,1,Dairy|Gluten|Nuts,49.0,,Medium,Very Low,High Carb,Normal,Low,4.2,10.0
101454,Chocolate Protein Balls,كرات بروتين بالشوكولاتة,Snack,International,Easy,Post Workout,Snack,17.0,,17,5,7,1,109,5.4,11.9,4.0,1.1,1.7,5.9,45.0,0.0,3.4,23.0,0.8,0,1,Dairy|Gluten|Nuts,51.8,4.95,Low,Very Low,Mixed,Normal,Low,4.5,2.0
101455,Apple Peanut Butter,تفاح مع زبدة فول سوداني,Snack,International,Very Easy,Balanced Snack,Snack,3.0,0.0,3,3,3,4,216,6.1,29.4,10.7,3.8,,16.4,103.0,,7.3,,0.5,0,1,Dairy|Nuts,47.2,2.82,Medium,Low,High Carb,Normal,Low,4.67,3.0
101456,Trail Mix,مكسرات وفواكه مجففة,Snack,International,Very Easy,Energy Boost,Snack,2.0,0.0,2,1,6,4,435,10.9,37.0,22.4,8.4,5.1,16.9,87.0,0.0,2.2,62.0,2.3,1,1,Nuts,41.5,2.51,Medium,Moderate,Mixed,Normal,Low,,2.0
101457,Strawberry Protein Smoothie,سموذي الفراولة والبروتين,Beverage,International,Very Easy,Muscle Gain / Post Workout,Anytime,4.0,0.0,4,4,6,4,265,25.4,35.0,4.2,1.2,4.0,24.9,120.0,9.0,84.8,213.0,1.4,0,1,Dairy,57.6,9.58,Medium,Low,Mixed,Normal,Low,,4.0
101458,Green Detox Smoothie,سموذي أخضر,Beverage,International,Very Easy,Detox / Weight Loss,Anytime,6.0,0.0,6,1,7,6,199,4.9,36.7,3.1,1.2,6.8,17.2,99.0,0.0,134.0,89.0,2.5,0,1,None,60.6,2.46,Medium,Very Low,High Carb,Overweight,Low,4.17,6.0
101459,Banana Peanut Butter Smoothie,سموذي الموز وزبدة الفول,Beverage,International,Very Easy,Pre Workout / Energy,Anytime,3.0,0.0,3,2,7,2,430,13.8,50.6,12.1,5.1,,32.2,198.0,10.0,13.5,203.0,1.4,0,1,Dairy|Gluten|Nuts,44.5,,High,Moderate,High Carb,Normal,Low,4.5,6.0
101460,Mango Turmeric Smoothie,سموذي المانجو والكركم,Beverage,International,Very Easy,Anti-Inflammatory,Anytime,5.0,0.0,5,4,7,1,232,7.8,46.8,4.0,1.7,4.2,25.8,136.0,5.0,53.7,210.0,0.8,0,1,Dairy|Nuts,53.7,3.36,High,Low,High Carb,Normal,Low,4.67,3.0
101461,Berry Antioxidant Smoothie,سموذي التوت المضاد للأكسدة,Beverage,International,Very Easy,Immunity Boost,Anytime,4.0,0.0,4,2,6,1,235,8.8,41.1,3.1,0.8,7.1,26.5,80.0,4.0,42.7,163.0,1.1,0,1,Dairy|Nuts,60.5,3.74,Medium,Low,High Carb,Normal,Low,3.0,3.0
101462,Banana Nice Cream,آيس كريم الموز,Dessert,International,Very Easy,Healthy Dessert / Vegan,Dessert,4.0,0.0,4,2,2,2,105,1.9,25.6,0.5,0.2,3.1,14.0,2.0,0.0,12.8,6.0,0.3,1,1,None,51.3,1.81,Medium,Very Low,High Carb,Normal,Low,,4.0
101463,Chia Pudding,بودنج الشيا,Dessert/Snack,International,Very Easy,High Fiber / Omega 3,Snack,12.0,0.0,12,3,5,6,294,9.8,34.5,10.9,4.2,15.0,18.9,157.0,4.0,3.6,232.0,2.2,0,1,Dairy|Nuts,53.1,3.33,Medium,Low,High Carb,Normal,Low,4.0,
101464,Baked Cinnamon Apples,تفاح مخبوز بالقرفة,Dessert,International,Very Easy,Healthy Dessert,Dessert,4.0,20.0,24,5,6,1,204,0.9,46.1,2.1,0.9,5.9,38.0,9.0,0.0,8.8,20.0,0.6,0,1,Dairy|Gluten,52.0,0.44,High,Low,High Carb,Normal,Low,4.0,6.0
101465,Falafel Wrap,سندويتش فلافل,Main Course,Middle Eastern,Medium,Vegan / Protein,Dinner,17.0,12.0,29,10,11,4,477,16.4,63.6,17.5,7.3,10.7,3.2,617.0,0.0,17.5,124.0,5.2,1,1,Gluten,53.6,3.44,High,Moderate,High Carb,Normal,Medium,4.25,4.0
101466,Tabbouleh Salad,سلطة التبولة,Salad,Middle Eastern,Easy,Light / Vegan,Lunch,16.0,0.0,16,4,9,2,168,5.3,26.0,7.4,2.2,6.4,4.3,407.0,0.0,46.6,,3.3,1,1,Gluten,61.7,3.15,Medium,Very Low,High Carb,Normal,Medium,3.6,5.0
101467,Shakshuka,شكشوكة,Breakfast,Middle Eastern,Easy,Balanced,Breakfast,5.0,17.0,22,8,11,1,289,16.4,17.4,17.2,6.2,4.7,7.4,651.0,406.0,33.0,78.0,3.7,0,1,Eggs,48.7,5.67,Low,Low,Balanced Macro,Normal,Medium,3.75,4.0
101468,Meal Prep Chicken Rice,دجاج وأرز للميل بريب,Main Course,International,Easy,Muscle Gain / Meal Prep,Dinner,16.0,25.0,1440,10,9,1,500,45.2,43.9,10.6,4.3,2.7,1.6,445.0,99.0,7.4,38.0,2.1,0,0,None,50.4,9.04,High,Moderate,High Protein,Normal,Medium,4.2,
101469,Overnight Oats 5 Ways,شوفان بالليل 5 وصفات,Breakfast,International,Very Easy,Meal Prep / Healthy,Breakfast,8.0,0.0,8,4,6,2,378,15.1,54.1,8.4,2.3,6.9,17.8,165.0,9.0,,273.0,2.5,0,1,Dairy|Gluten,57.0,3.99,High,Low,High Carb,Normal,Low,4.33,
101470,Grilled Chicken Breast,صدر دجاج مشوي,Main Course,Mediterranean,Easy,High Protein / Weight Loss,Dinner,10.0,14.0,24,9,7,6,346,41.5,3.9,12.7,5.3,0.4,1.1,394.0,101.0,14.3,27.0,1.6,0,0,None,46.9,11.99,Low,Low,High Protein,Overweight,Low,3.67,3.0
101471,Egg White Omelette,عجة بياض البيض,Breakfast,International,Very Easy,High Protein / Low Cal,Breakfast,4.0,5.0,9,5,7,6,199,21.2,3.9,6.1,2.0,1.1,1.7,309.0,9.0,8.7,59.0,1.7,0,1,Eggs,52.9,10.65,Low,Very Low,High Protein,Normal,Low,3.86,
101472,Tuna Salad Bowl,بول سلطة التونة,Salad,Mediterranean,Very Easy,Weight Loss,Lunch,7.0,0.0,7,6,7,2,211,25.8,7.5,7.6,2.9,2.7,5.1,474.0,43.0,25.1,36.0,2.3,0,0,Seafood,53.9,12.23,Low,Low,High Protein,Overweight,Low,,5.0
101473,Protein Pancakes,بانكيك البروتين,Breakfast,American,Very Easy,Muscle Gain,Breakfast,6.0,10.0,16,8,7,1,321,28.3,30.3,8.6,2.4,2.8,4.9,278.0,186.0,1.9,203.0,2.0,0,1,Dairy|Eggs|Gluten,54.4,8.82,Medium,Low,High Protein,Underweight,Low,3.4,5.0
101474,Greek Yogurt Parfait,بارفيه الزبادي اليوناني,Snack,International,Very Easy,Healthy Snack,Snack,6.0,0.0,6,5,6,4,307,19.8,38.9,7.5,2.4,3.6,17.1,94.0,16.0,14.0,,1.6,0,1,Dairy,52.2,6.45,High,Low,Mixed,Normal,Low,4.33,3.0
101475,Chicken Vegetable Stir Fry,دجاج مقلي بالخضار,Main Course,Asian,Easy,Balanced,Dinner,17.0,17.0,34,10,9,2,333,36.5,25.3,11.7,3.2,3.5,6.8,704.0,90.0,36.2,59.0,2.9,0,0,Nuts|Soy,52.9,,Medium,Low,High Protein,Normal,Medium,3.4,
101476,Baked Salmon with Vegetables,سالمون مشوي بالخضار,Main Course,Western,Easy,Heart Health,Dinner,8.0,24.0,32,10,9,1,398,37.2,14.4,20.8,9.2,4.3,4.4,354.0,97.0,47.7,54.0,2.2,0,0,Seafood,50.1,9.35,Low,Low,High Protein,Normal,Medium,,6.0
101477,Turkey Lettuce Wraps,لفائف الخس بالديك الرومي,Light Meal,Asian,Easy,Keto / Low Carb,Dinner,11.0,12.0,23,7,8,1,266,24.0,7.9,10.8,2.8,1.7,3.4,532.0,64.0,,,2.2,0,0,Dairy|Nuts|Soy,49.3,9.02,Low,Low,High Protein,Overweight,Low,4.0,1.0
101478,Boiled Eggs with Avocado,بيض مسلوق مع أفوكادو,Breakfast,International,Very Easy,Keto,Breakfast,2.0,10.0,12,3,6,2,309,15.8,8.6,23.8,8.4,5.3,0.8,290.0,350.0,,49.0,2.1,0,1,Eggs,49.8,5.11,Low,Low,Mixed,Overweight,Low,4.5,
101479,Shrimp Stir Fry,روبيان مقلي,Main Course,Asian,Easy,High Protein / Low Cal,Dinner,10.0,11.0,21,7,9,2,272,29.6,16.2,9.6,3.7,3.2,5.9,593.0,237.0,21.7,87.0,3.7,0,0,Nuts|Soy|Seafood,52.3,10.88,Low,Low,High Protein,Normal,Medium,4.25,4.0
101480,Quinoa Buddha Bowl,بودا بول الكينوا,Main Course,International,Medium,Vegan / Balanced,Dinner,15.0,18.0,33,8,9,2,440,19.7,59.8,13.5,5.7,9.6,6.1,336.0,0.0,65.9,108.0,4.3,1,1,None,60.5,4.48,High,Moderate,High Carb,Normal,Medium,4.5,2.0
101481,Lentil Soup,شوربة العدس,Soup,Middle Eastern,Easy,High Fiber / Budget,Lunch,10.0,29.0,39,12,11,1,288,180.0,42.4,3.7,1.3,11.2,4.3,549.0,0.0,13.1,69.0,4.8,1,1,None,62.7,5.69,Medium,Low,High Carb,Normal,Medium,5.0,4.0
101482,Veggie Omelette,عجة الخضار,Breakfast,International,Very Easy,Balanced,Breakfast,6.0,7.0,13,7,8,4,274,16.3,6.5,15.5,5.0,2.1,3.5,381.0,408.0,17.0,93.0,2.5,0,1,Eggs,48.0,5.95,Low,Low,High Protein,Normal,Low,4.25,8.0
101483,Hummus with Vegetables,حمص مع الخضار,Snack,Middle Eastern,Very Easy,Healthy Snack,Snack,9.0,0.0,9,7,9,2,239,9.5,22.7,9.7,4.3,6.9,2.5,332.0,0.0,20.9,95.0,3.5,1,1,None,59.6,,Medium,Low,Mixed,Normal,Medium,6.5,6.0
101484,Spinach Lentil Dal,عدس بالسبانخ,Main Course,Indian,Easy,High Iron / Vegan,Dinner,12.0,19.0,31,9,10,2,274,17.3,48.3,5.9,1.9,12.0,4.6,398.0,0.0,35.4,131.0,6.2,0,1,Dairy|Nuts,67.0,6.31,High,Low,High Carb,Normal,Medium,2.5,2.0
101485,Caprese Salad,سلطة كابريزي,Salad,Italian,Very Easy,Light / Healthy,Lunch,5.0,0.0,5,2,7,6,199,12.7,5.6,16.7,4.9,0.5,3.8,324.0,40.0,20.6,251.0,0.8,1,1,None,46.7,6.38,Low,Very Low,Mixed,Normal,Low,4.5,2.0
101486,Overnight Oats,شوفان بالليل,Breakfast,International,Very Easy,Sustained Energy,Breakfast,5.0,0.0,5,6,8,2,355,15.1,60.8,9.4,3.8,8.2,18.5,161.0,6.0,7.5,242.0,2.6,0,1,Dairy|Gluten|Nuts,55.0,4.25,High,Low,High Carb,Normal,Low,,4.0
101487,Avocado Toast with Egg,توست الأفوكادو مع بيض,Breakfast,International,Very Easy,Balanced,Breakfast,5.0,5.0,10,7,8,4,347,16.6,31.5,23.7,8.7,8.6,2.3,375.0,164.0,13.3,56.0,2.8,0,1,Eggs|Gluten,52.7,4.78,Medium,Low,Mixed,Normal,Low,3.0,4.0
101488,Black Bean Tacos,تاكو الفول الأسود,Main Course,Mexican,Easy,Vegan / Budget,Lunch,9.0,10.0,19,7,10,1,402,14.6,60.6,10.1,2.7,14.8,4.0,589.0,0.0,19.1,133.0,4.7,1,1,None,60.5,3.63,High,Moderate,High Carb,Normal,Medium,4.33,3.0
101489,Mushroom Risotto,ريزوتو الفطر,Main Course,Italian,Medium,Comfort Food,Dinner,9.0,29.0,38,11,10,2,473,14.2,72.5,14.7,,2.6,4.2,654.0,17.0,4.5,74.0,2.9,0,1,Dairy,42.3,3.0,High,Moderate,High Carb,Normal,Medium,3.9,10.0
101490,Chicken Vegetable Soup,شوربة الدجاج بالخضار,Soup,International,Easy,Immunity / Recovery,Lunch,16.0,41.0,57,11,11,1,293,28.1,24.0,7.2,3.2,4.6,5.5,613.0,75.0,35.1,55.0,2.4,0,0,None,55.6,9.59,Medium,Low,High Protein,Normal,Medium,4.0,6.0
101491,Tomato Basil Soup,شوربة الطماطم والريحان,Soup,Italian,Easy,Light / Vegan,Lunch,11.0,18.0,29,6,9,2,173,5.0,30.8,6.6,2.6,3.7,11.4,529.0,,29.6,58.0,2.2,0,1,Dairy,48.6,2.89,Medium,Very Low,High Carb,Normal,Medium,4.67,3.0
101492,Minestrone Soup,شوربة مينستروني,Soup,Italian,Easy,High Fiber / Balanced,Lunch,12.0,34.0,46,10,10,4,274,10.9,43.1,7.0,3.1,9.1,5.7,4200.0,6.0,24.1,82.0,3.3,1,1,Gluten,59.2,3.98,Medium,Low,High Carb,Normal,Medium,3.0,4.0
101493,Beef Stir Fry,لحم مقلي,Main Course,Asian,Easy,Muscle Gain,Dinner,18.0,13.0,31,8,10,1,443,32.7,24.4,16.5,4.6,4.2,4.3,855.0,95.0,14.0,40.0,4.1,0,0,Nuts|Soy,48.3,7.38,Medium,Moderate,High Protein,Underweight,Medium,,6.0
101494,Lean Beef Rice Bowl,بول أرز باللحمة,Main Course,Asian Fusion,Easy,Muscle Gain / Bulking,Dinner,12.0,21.0,33,10,10,1,444,39.4,55.0,12.0,3.1,2.9,4.8,744.0,79.0,12.0,,3.6,0,0,Nuts|Soy,49.3,8.87,High,Moderate,Mixed,Underweight,Medium,1.5,2.0
101495,Turkey Meatballs,كرات ديك رومي,Main Course,Italian,Easy,High Protein,Dinner,18.0,24.0,42,7,8,1,337,29.3,17.7,13.5,4.7,2.3,3.4,489.0,88.0,,53.0,2.6,0,0,Eggs|Gluten,48.0,8.69,Medium,Low,High Protein,Normal,Low,3.33,3.0
101496,Whole Wheat Pasta Turkey,مكرونة قمح بالديك الرومي,Main Course,Italian,Easy,Balanced,Dinner,13.0,27.0,40,12,9,4,529,36.7,55.3,9.8,3.0,7.6,6.1,573.0,73.0,21.6,74.0,,0,0,Gluten,59.8,6.94,High,Moderate,Mixed,Normal,Medium,5.0,1.0
101497,Stuffed Bell Peppers,فلفل محشي,Main Course,Mediterranean,Medium,Balanced,Dinner,14.0,35.0,49,10,9,1,360,26.1,42.7,10.9,4.0,7.1,7.1,494.0,,68.4,58.0,3.4,0,0,Dairy,60.6,7.25,High,Low,Mixed,Normal,Medium,4.33,3.0
101498,Chicken Shawarma Bowl,بول شاورما الدجاج,Main Course,Middle Eastern,Easy,High Protein,Dinner,19.0,16.0,35,6,9,4,418,40.5,38.1,14.1,5.4,,4.5,563.0,81.0,12.4,59.0,3.4,0,0,None,53.2,9.69,Medium,Moderate,High Protein,Normal,Medium,3.17,6.0
101499,Salmon Teriyaki,سالمون تيرياكي,Main Course,Japanese,Easy,Omega 3 / Healthy,Dinner,13.0,17.0,30,6,9,2,344,38.0,21.8,16.5,6.1,1.2,9.7,619.0,,,41.0,1.5,0,0,Nuts|Soy|Seafood,39.3,11.05,Medium,Low,High Protein,Normal,Medium,4.33,3.0
101500,Chicken Tikka Masala,دجاج تيكا ماسالا,Main Course,Indian,Medium,Balanced,Dinner,17.0,34.0,51,12,11,6,472,31.2,29.3,18.2,5.4,2.6,5.4,612.0,98.0,,71.0,3.9,0,0,Dairy,45.8,6.61,Medium,Moderate,Balanced Macro,Normal,Medium,3.6,5.0
101501,Zucchini Noodles with Pesto,نودلز الكوسا بالبيستو,Main Course,Italian,Easy,Low Carb / Keto,Lunch,8.0,5.0,13,7,50,6,245,9.3,13.8,23.6,8.4,4.6,4.3,340.0,14.0,21.0,114.0,2.1,1,1,Nuts,47.2,,Low,Low,High Fat / Keto,Overweight,Medium,4.2,15.0
101502,Energy Balls,كرات الطاقة,Snack,International,Easy,Healthy Snack,Snack,18.0,,18,3,7,4,130,4.3,17.4,4.6,1.5,1.8,6.9,42.0,0.0,1.2,,1.1,0,1,Dairy|Gluten|Nuts,50.1,3.31,Medium,Very Low,High Carb,Normal,Low,4.5,6.0
101503,Chocolate Protein Balls,كرات بروتين بالشوكولاتة,Snack,International,Easy,Post Workout,Snack,16.0,0.0,16,4,7,6,85,5.4,12.0,3.6,1.1,1.5,6.8,44.0,0.0,3.4,,0.8,0,1,Dairy|Gluten|Nuts,51.6,6.35,Low,Very Low,Mixed,Normal,Low,4.0,5.0
101504,Apple Peanut Butter,تفاح مع زبدة فول سوداني,Snack,International,Very Easy,Balanced Snack,Snack,2.0,0.0,2,4,3,2,233,6.0,28.3,10.1,3.8,,14.4,127.0,,6.7,22.0,0.5,0,1,Dairy|Nuts,44.7,2.58,Medium,Low,High Carb,Normal,Low,4.0,3.0
101505,Trail Mix,مكسرات وفواكه مجففة,Snack,International,Very Easy,Energy Boost,Snack,3.0,,3,0,6,1,385,9.3,38.2,25.4,11.1,4.3,22.4,72.0,0.0,1.8,60.0,,1,1,Nuts,36.2,2.42,Medium,Low,Mixed,Normal,Low,4.6,5.0
101506,Strawberry Protein Smoothie,سموذي الفراولة والبروتين,Beverage,International,Very Easy,Muscle Gain / Post Workout,Anytime,3.0,0.0,3,3,6,2,8,27.2,37.2,4.0,,4.5,18.3,143.0,9.0,,181.0,1.1,0,1,Dairy,59.1,9.86,Medium,Low,Mixed,Normal,Low,4.75,4.0
101507,Green Detox Smoothie,سموذي أخضر,Beverage,International,Very Easy,Detox / Weight Loss,Anytime,4.0,0.0,4,3,7,4,160,5.2,36.0,2.9,1.1,6.4,16.7,97.0,0.0,96.1,85.0,2.5,0,1,None,60.6,3.25,Medium,Very Low,High Carb,Overweight,Low,4.0,2.0
101508,Banana Peanut Butter Smoothie,سموذي الموز وزبدة الفول,Beverage,International,Very Easy,Pre Workout / Energy,Anytime,3.0,0.0,3,2,7,2,378,15.1,50.6,10.9,3.1,4.9,23.6,204.0,10.0,,,1.5,0,1,Dairy|Gluten|Nuts,49.2,3.99,High,Low,High Carb,Normal,Low,,1.0
101509,Mango Turmeric Smoothie,سموذي المانجو والكركم,Beverage,International,Very Easy,Anti-Inflammatory,Anytime,4.0,,4,3,7,2,234,8.3,42.5,3.7,1.3,3.3,36.2,135.0,5.0,56.9,179.0,0.8,0,1,Dairy|Nuts,52.3,3.55,High,Low,High Carb,Normal,Low,2.0,2.0
101510,Berry Antioxidant Smoothie,سموذي التوت المضاد للأكسدة,Beverage,International,Very Easy,Immunity Boost,Anytime,2.0,0.0,2,4,6,4,232,8.7,39.7,3.1,,5.2,23.3,103.0,5.0,43.1,157.0,1.1,0,1,Dairy|Nuts,55.9,3.75,Medium,Low,High Carb,Normal,Low,,
101511,Banana Nice Cream,آيس كريم الموز,Dessert,International,Very Easy,Healthy Dessert / Vegan,Dessert,5.0,0.0,5,2,2,1,114,2.1,30.7,0.5,0.2,2.7,17.7,2.0,,11.0,,0.3,1,1,None,48.5,1.84,Medium,Very Low,High Carb,Normal,Low,3.83,6.0
101512,Chia Pudding,بودنج الشيا,Dessert/Snack,International,Very Easy,High Fiber / Omega 3,Snack,12.0,0.0,12,5,5,4,317,10.6,36.4,11.0,3.9,16.2,14.0,138.0,5.0,4.4,264.0,2.5,0,1,Dairy|Nuts,56.8,3.34,Medium,Low,High Carb,Normal,Low,4.67,3.0
101513,Baked Cinnamon Apples,تفاح مخبوز بالقرفة,Dessert,International,Very Easy,Healthy Dessert,Dessert,5.0,18.0,23,6,6,1,194,0.9,42.3,1.9,0.5,5.5,35.9,8.0,0.0,8.0,19.0,0.5,0,1,Dairy|Gluten,51.6,0.46,High,Very Low,High Carb,Normal,Low,3.0,1.0
101514,Falafel Wrap,سندويتش فلافل,Main Course,Middle Eastern,Medium,Vegan / Protein,Dinner,17.0,13.0,30,12,11,1,438,19.2,60.0,15.7,6.2,11.0,3.3,651.0,0.0,16.6,113.0,6.9,1,1,Gluten,56.0,4.38,High,Moderate,High Carb,Normal,Medium,4.0,4.0
101515,Tabbouleh Salad,سلطة التبولة,Salad,Middle Eastern,Easy,Light / Vegan,Lunch,11.0,0.0,11,6,9,2,158,4.6,29.1,6.4,1.8,6.5,3.8,402.0,0.0,47.9,57.0,2.8,1,1,Gluten,62.6,2.91,Medium,Very Low,High Carb,Normal,Medium,4.0,2.0
101516,Shakshuka,شكشوكة,Breakfast,Middle Eastern,Easy,Balanced,Breakfast,4.0,17.0,21,6,11,2,268,16.2,16.6,16.5,7.3,3.3,8.5,619.0,,29.0,72.0,,0,1,Eggs,43.7,6.04,Low,Low,Balanced Macro,Normal,Medium,,4.0
101517,Meal Prep Chicken Rice,دجاج وأرز للميل بريب,Main Course,International,Easy,Muscle Gain / Meal Prep,Dinner,15.0,29.0,44,8,9,4,384,45.0,46.0,10.7,3.6,3.4,2.0,535.0,89.0,8.6,41.0,2.0,0,0,None,53.2,11.72,High,Low,High Protein,Normal,Medium,4.75,4.0
101518,Overnight Oats 5 Ways,شوفان بالليل 5 وصفات,Breakfast,International,Very Easy,Meal Prep / Healthy,Breakfast,11.0,,11,5,6,2,298,13.1,49.4,8.9,2.8,5.9,19.6,180.0,8.0,10.0,243.0,2.7,0,1,Dairy|Gluten,53.0,,High,Low,High Carb,Normal,Low,,2.0
101519,Grilled Chicken Breast,صدر دجاج مشوي,Main Course,Mediterranean,Easy,High Protein / Weight Loss,Dinner,11.0,19.0,30,9,7,1,321,41.0,3.9,15.0,,0.6,1.3,420.0,89.0,11.2,23.0,1.8,0,0,None,48.1,,Low,Low,High Protein,Overweight,Low,,3.0
101520,Egg White Omelette,عجة بياض البيض,Breakfast,International,Very Easy,High Protein / Low Cal,Breakfast,6.0,7.0,13,6,7,2,166,19.8,4.3,6.5,2.5,0.9,2.3,333.0,9.0,7.9,63.0,1.3,0,1,Eggs,51.6,11.93,Low,Very Low,High Protein,Normal,Low,,7.0
101521,Tuna Salad Bowl,بول سلطة التونة,Salad,Mediterranean,Very Easy,Weight Loss,Lunch,,0.0,9,6,7,4,176,30.2,8.0,6.3,2.1,2.6,4.1,594.0,38.0,21.2,45.0,2.3,0,0,Seafood,56.4,17.16,Low,Very Low,High Protein,Overweight,Low,3.43,7.0
101522,Protein Pancakes,بانكيك البروتين,Breakfast,American,Very Easy,Muscle Gain,Breakfast,5.0,9.0,14,5,7,2,285,27.8,30.4,8.6,2.9,2.1,7.1,277.0,217.0,1.7,155.0,2.1,0,1,Dairy|Eggs|Gluten,51.2,9.75,Medium,Low,High Protein,Underweight,Low,5.0,1.0
101523,Greek Yogurt Parfait,بارفيه الزبادي اليوناني,Snack,International,Very Easy,Healthy Snack,Snack,6.0,0.0,6,3,50,1,286,20.0,40.6,7.6,3.1,3.0,23.1,,15.0,,293.0,1.7,0,1,Dairy,49.4,6.99,High,Low,Mixed,Normal,Low,4.25,4.0
101524,Chicken Vegetable Stir Fry,دجاج مقلي بالخضار,Main Course,Asian,Easy,Balanced,Dinner,15.0,18.0,33,7,9,2,338,32.0,28.2,10.8,3.6,4.3,5.9,762.0,95.0,42.2,67.0,2.4,0,0,Nuts|Soy,53.5,9.47,Medium,Low,High Protein,Normal,Medium,3.4,5.0
101525,Baked Salmon with Vegetables,سالمون مشوي بالخضار,Main Course,Western,Easy,Heart Health,Dinner,11.0,16.0,27,8,9,2,402,38.6,14.9,20.2,6.3,4.7,4.3,420.0,,38.1,51.0,2.8,0,0,Seafood,54.1,9.6,Low,Moderate,High Protein,Normal,Medium,4.5,2.0
101526,Turkey Lettuce Wraps,لفائف الخس بالديك الرومي,Light Meal,Asian,Easy,Keto / Low Carb,Dinner,11.0,10.0,21,5,8,6,232,28.2,8.2,11.6,4.8,1.7,3.0,439.0,60.0,12.5,32.0,2.1,0,0,Dairy|Nuts|Soy,49.0,12.16,Low,Low,High Protein,Overweight,Low,4.0,5.0
101527,Boiled Eggs with Avocado,بيض مسلوق مع أفوكادو,Breakfast,International,Very Easy,Keto,Breakfast,3.0,10.0,13,6,6,4,281,16.7,9.7,22.6,8.6,5.6,0.6,344.0,,9.6,49.0,2.0,0,1,Eggs,50.0,5.94,Low,Low,Mixed,Overweight,Low,4.67,
101528,Shrimp Stir Fry,روبيان مقلي,Main Course,Asian,Easy,High Protein / Low Cal,Dinner,13.0,10.0,23,8,9,2,263,29.7,17.9,8.8,3.7,2.4,4.5,520.0,244.0,16.1,,3.5,0,0,Nuts|Soy|Seafood,51.6,11.29,Medium,Low,High Protein,Normal,Medium,2.5,2.0
101529,Quinoa Buddha Bowl,بودا بول الكينوا,Main Course,International,Medium,Vegan / Balanced,Dinner,14.0,19.0,33,9,9,4,437,17.4,59.1,14.7,4.3,10.1,7.6,338.0,0.0,59.7,,4.2,1,1,None,61.5,3.98,High,Moderate,High Carb,Normal,Medium,4.25,4.0
101530,Lentil Soup,شوربة العدس,Soup,Middle Eastern,Easy,High Fiber / Budget,Lunch,8.0,31.0,39,11,11,2,297,17.9,42.0,3.7,,11.8,5.5,609.0,0.0,,85.0,4.9,1,1,None,61.9,6.03,Medium,Low,High Carb,Normal,Medium,,6.0
101531,Veggie Omelette,عجة الخضار,Breakfast,International,Very Easy,Balanced,Breakfast,6.0,7.0,13,4,8,4,269,18.1,6.3,16.6,6.8,,3.1,374.0,369.0,20.5,100.0,1.9,0,1,Eggs,45.1,6.73,Low,Low,High Protein,Normal,Low,,1.0
101532,Hummus with Vegetables,حمص مع الخضار,Snack,Middle Eastern,Very Easy,Healthy Snack,Snack,12.0,0.0,12,6,9,2,219,9.7,21.6,10.3,3.0,5.4,2.9,337.0,0.0,22.6,95.0,3.2,1,1,None,58.5,4.43,Medium,Low,Mixed,Normal,Medium,5.0,
101533,Spinach Lentil Dal,عدس بالسبانخ,Main Course,Indian,Easy,High Iron / Vegan,Dinner,10.0,28.0,38,10,10,2,340,18.4,45.7,6.2,2.4,,4.2,401.0,0.0,27.1,113.0,7.7,0,1,Dairy|Nuts,65.7,5.41,Medium,Low,High Carb,Normal,Medium,4.0,4.0
101534,Caprese Salad,سلطة كابريزي,Salad,Italian,Very Easy,Light / Healthy,Lunch,4.0,0.0,4,3,7,4,250,11.8,5.4,15.7,4.2,0.5,4.2,3500.0,34.0,16.9,267.0,0.8,1,1,None,46.2,4.72,Low,Low,Mixed,Normal,Low,4.5,
101535,Overnight Oats,شوفان بالليل,Breakfast,International,Very Easy,Sustained Energy,Breakfast,6.0,0.0,6,5,8,2,339,13.2,56.3,9.1,3.1,6.2,20.8,152.0,5.0,7.3,,2.8,0,1,Dairy|Gluten|Nuts,53.0,3.89,High,Low,High Carb,Normal,Low,3.0,1.0
101536,Avocado Toast with Egg,توست الأفوكادو مع بيض,Breakfast,International,Very Easy,Balanced,Breakfast,5.0,5.0,10,6,8,4,395,15.8,28.0,23.2,5.9,6.6,1.9,405.0,177.0,11.2,61.0,3.4,0,1,Eggs|Gluten,54.8,4.0,Medium,Low,Mixed,Normal,Low,4.0,
101537,Black Bean Tacos,تاكو الفول الأسود,Main Course,Mexican,Easy,Vegan / Budget,Lunch,9.0,9.0,18,6,10,2,360,16.5,58.1,9.8,4.2,,4.2,580.0,0.0,19.4,107.0,5.5,1,1,None,58.9,4.58,High,Low,High Carb,Normal,Medium,2.6,
101538,Mushroom Risotto,ريزوتو الفطر,Main Course,Italian,Medium,Comfort Food,Dinner,12.0,33.0,45,11,10,2,524,12.8,67.4,14.5,,3.0,4.8,522.0,21.0,3.3,88.0,2.9,0,1,Dairy,45.5,2.44,High,Moderate,High Carb,Normal,Medium,4.0,3.0
101539,Chicken Vegetable Soup,شوربة الدجاج بالخضار,Soup,International,Easy,Immunity / Recovery,Lunch,16.0,30.0,46,10,11,1,246,25.5,20.7,7.4,2.9,4.3,4.9,599.0,63.0,32.7,58.0,2.3,0,0,None,56.0,10.37,Medium,Low,High Protein,Normal,Medium,5.0,4.0
101540,Tomato Basil Soup,شوربة الطماطم والريحان,Soup,Italian,Easy,Light / Vegan,Lunch,13.0,24.0,37,6,9,2,195,5.2,26.8,7.7,2.0,3.2,15.1,492.0,0.0,33.6,53.0,2.0,0,1,Dairy,47.2,2.67,Medium,Very Low,High Carb,Normal,Medium,3.33,6.0
101541,Minestrone Soup,شوربة مينستروني,Soup,Italian,Easy,High Fiber / Balanced,Lunch,19.0,23.0,42,10,10,2,277,12.2,42.7,6.4,2.6,7.3,7.0,576.0,4.0,25.5,82.0,4.0,1,1,Gluten,59.0,4.4,High,Low,High Carb,Normal,Medium,4.75,4.0
101542,Beef Stir Fry,لحم مقلي,Main Course,Asian,Easy,Muscle Gain,Dinner,12.0,16.0,28,8,10,1,458,37.7,27.2,17.0,4.7,3.9,5.4,774.0,91.0,12.5,45.0,3.7,0,0,Nuts|Soy,48.0,8.23,Medium,Moderate,High Protein,Underweight,Medium,4.75,4.0
101543,Lean Beef Rice Bowl,بول أرز باللحمة,Main Course,Asian Fusion,Easy,Muscle Gain / Bulking,Dinner,7.0,17.0,24,8,10,4,439,38.0,59.4,12.9,5.1,3.8,5.0,827.0,81.0,10.4,51.0,4.2,0,0,Nuts|Soy,47.2,8.66,High,Moderate,Mixed,Underweight,Medium,4.0,2.0
101544,Turkey Meatballs,كرات ديك رومي,Main Course,Italian,Easy,High Protein,Dinner,16.0,20.0,36,8,8,2,358,30.7,17.5,13.1,4.4,2.3,2.5,491.0,92.0,8.2,66.0,2.3,0,0,Eggs|Gluten,48.8,,Medium,Low,High Protein,Normal,Low,5.0,1.0
101545,Whole Wheat Pasta Turkey,مكرونة قمح بالديك الرومي,Main Course,Italian,Easy,Balanced,Dinner,12.0,32.0,44,9,9,6,442,37.5,60.1,9.8,4.2,,6.4,722.0,69.0,20.4,82.0,,0,0,Gluten,53.0,8.48,High,Moderate,Mixed,Normal,Medium,4.33,
101546,Stuffed Bell Peppers,فلفل محشي,Main Course,Mediterranean,Medium,Balanced,Dinner,25.0,30.0,55,10,9,1,356,23.1,45.1,11.1,3.6,6.5,8.9,446.0,74.0,,67.0,3.0,0,0,Dairy,59.1,6.49,High,Low,Mixed,Normal,Medium,5.0,3.0
101547,Chicken Shawarma Bowl,بول شاورما الدجاج,Main Course,Middle Eastern,Easy,High Protein,Dinner,17.0,18.0,35,9,9,1,494,38.0,40.7,14.6,5.6,4.7,4.6,573.0,94.0,17.8,60.0,2.6,0,0,None,50.5,7.69,High,Moderate,High Protein,Normal,Medium,,
101548,Salmon Teriyaki,سالمون تيرياكي,Main Course,Japanese,Easy,Omega 3 / Healthy,Dinner,10.0,14.0,24,9,9,4,368,38.8,25.2,17.5,6.5,1.2,14.2,625.0,77.0,4.7,41.0,1.5,0,0,Nuts|Soy|Seafood,36.2,10.54,Medium,Low,High Protein,Normal,Medium,4.33,3.0
101549,Chicken Tikka Masala,دجاج تيكا ماسالا,Main Course,Indian,Medium,Balanced,Dinner,14.0,23.0,37,11,11,2,407,32.7,30.0,16.7,6.0,3.3,5.3,573.0,92.0,17.2,70.0,3.7,0,0,Dairy,47.5,8.03,Medium,Moderate,High Protein,Normal,Medium,3.6,5.0
101550,Zucchini Noodles with Pesto,نودلز الكوسا بالبيستو,Main Course,Italian,Easy,Low Carb / Keto,Lunch,10.0,4.0,14,5,9,2,259,9.4,13.2,19.9,7.3,4.4,4.7,384.0,14.0,19.7,,1.7,1,1,Nuts,47.5,3.63,Low,Low,Mixed,Overweight,Medium,4.0,2.0
101551,Energy Balls,كرات الطاقة,Snack,International,Easy,Healthy Snack,Snack,14.0,0.0,14,3,7,2,107,4.3,15.4,5.0,2.2,2.2,8.6,41.0,0.0,1.2,33.0,1.1,0,1,Dairy|Gluten|Nuts,49.4,4.02,Low,Very Low,High Carb,Normal,Low,4.67,6.0
101552,Chocolate Protein Balls,كرات بروتين بالشوكولاتة,Snack,International,Easy,Post Workout,Snack,18.0,0.0,18,4,7,4,103,4.7,12.0,4.0,1.4,1.3,6.5,36.0,0.0,,19.0,,0,1,Dairy|Gluten|Nuts,50.1,4.56,Low,Very Low,Mixed,Normal,Low,3.0,1.0
101553,Apple Peanut Butter,تفاح مع زبدة فول سوداني,Snack,International,Very Easy,Balanced Snack,Snack,2.0,0.0,2,2,3,2,215,6.4,28.1,10.5,,4.7,16.3,116.0,0.0,9.2,20.0,0.5,0,1,Dairy|Nuts,48.9,2.98,Medium,Low,High Carb,Normal,Low,4.14,7.0
101554,Trail Mix,مكسرات وفواكه مجففة,Snack,International,Very Easy,Energy Boost,Snack,3.0,0.0,3,1,6,1,364,9.6,38.1,22.1,,5.6,18.0,70.0,0.0,1.7,61.0,2.2,1,1,Nuts,44.3,2.64,Medium,Low,Mixed,Normal,Low,3.0,5.0
101555,Strawberry Protein Smoothie,سموذي الفراولة والبروتين,Beverage,International,Very Easy,Muscle Gain / Post Workout,Anytime,3.0,0.0,3,3,6,2,321,28.0,34.8,4.0,1.2,3.5,24.2,111.0,11.0,85.0,185.0,1.2,0,1,Dairy,55.9,8.72,Medium,Low,High Protein,Normal,Low,4.38,8.0
101556,Green Detox Smoothie,سموذي أخضر,Beverage,International,Very Easy,Detox / Weight Loss,Anytime,6.0,0.0,6,3,7,4,180,4.6,36.2,2.7,0.7,5.5,22.4,3500.0,0.0,,74.0,2.1,0,1,None,57.1,2.56,Medium,Very Low,High Carb,Overweight,Low,4.43,7.0
101557,Banana Peanut Butter Smoothie,سموذي الموز وزبدة الفول,Beverage,International,Very Easy,Pre Workout / Energy,Anytime,3.0,0.0,3,1,7,2,8,13.0,52.0,11.2,4.6,4.4,28.3,196.0,11.0,11.7,,1.4,0,1,Dairy|Gluten|Nuts,45.7,3.28,High,Low,High Carb,Normal,Low,,4.0
101558,Mango Turmeric Smoothie,سموذي المانجو والكركم,Beverage,International,Very Easy,Anti-Inflammatory,Anytime,6.0,0.0,6,1,7,2,243,8.3,47.3,4.4,1.5,3.7,34.3,118.0,,56.7,203.0,0.7,0,1,Dairy|Nuts,53.1,3.42,High,Low,High Carb,Normal,Low,,4.0
101559,Berry Antioxidant Smoothie,سموذي التوت المضاد للأكسدة,Beverage,International,Very Easy,Immunity Boost,Anytime,2.0,0.0,2,1,6,4,244,8.4,45.8,2.8,1.1,6.8,29.4,92.0,5.0,45.0,169.0,0.9,0,1,Dairy|Nuts,59.4,3.44,High,Low,High Carb,Normal,Low,,2.0
101560,Banana Nice Cream,آيس كريم الموز,Dessert,International,Very Easy,Healthy Dessert / Vegan,Dessert,5.0,0.0,5,4,2,1,134,1.8,29.7,0.5,0.1,2.8,14.6,2.0,0.0,11.3,6.0,0.3,1,1,None,50.1,1.34,Medium,Very Low,High Carb,Normal,Low,4.57,7.0
101561,Chia Pudding,بودنج الشيا,Dessert/Snack,International,Very Easy,High Fiber / Omega 3,Snack,11.0,0.0,11,5,5,1,319,9.2,37.2,12.6,,16.8,18.8,155.0,5.0,4.3,236.0,2.3,0,1,Dairy|Nuts,53.6,2.88,Medium,Low,High Carb,Normal,Low,3.0,3.0
101562,Baked Cinnamon Apples,تفاح مخبوز بالقرفة,Dessert,International,Very Easy,Healthy Dessert,Dessert,5.0,19.0,24,4,6,4,197,1.0,42.4,2.1,0.8,4.8,37.2,8.0,0.0,9.5,18.0,,0,1,Dairy|Gluten,50.0,0.51,High,Very Low,High Carb,Normal,Low,4.6,5.0
101563,Falafel Wrap,سندويتش فلافل,Main Course,Middle Eastern,Medium,Vegan / Protein,Dinner,25.0,,38,11,11,2,473,19.6,64.9,15.2,,13.7,4.6,737.0,0.0,15.8,134.0,5.5,1,1,Gluten,54.1,4.14,High,Moderate,High Carb,Normal,Medium,4.0,1.0
101564,Tabbouleh Salad,سلطة التبولة,Salad,Middle Eastern,Easy,Light / Vegan,Lunch,15.0,0.0,15,6,9,2,196,5.4,30.2,6.6,2.1,5.3,3.5,384.0,0.0,35.3,68.0,2.9,1,1,Gluten,58.9,2.76,Medium,Very Low,High Carb,Normal,Medium,4.33,3.0
101565,Shakshuka,شكشوكة,Breakfast,Middle Eastern,Easy,Balanced,Breakfast,6.0,15.0,21,6,11,1,292,17.4,17.9,17.0,5.9,3.7,8.2,647.0,,27.3,90.0,4.0,0,1,Eggs,46.6,5.96,Low,Low,Balanced Macro,Normal,Medium,4.0,2.0
101566,Meal Prep Chicken Rice,دجاج وأرز للميل بريب,Main Course,International,Easy,Muscle Gain / Meal Prep,Dinner,19.0,32.0,51,7,9,6,398,41.3,43.9,10.9,4.6,2.7,1.9,502.0,89.0,9.0,,2.2,0,0,None,50.1,10.38,High,Low,High Protein,Normal,Medium,5.0,3.0
101567,Overnight Oats 5 Ways,شوفان بالليل 5 وصفات,Breakfast,International,Very Easy,Meal Prep / Healthy,Breakfast,11.0,0.0,11,6,6,2,320,14.6,54.8,9.0,2.9,7.1,19.1,152.0,7.0,10.2,,2.6,0,1,Dairy|Gluten,56.1,4.56,High,Low,High Carb,Normal,Low,4.2,15.0
101568,Grilled Chicken Breast,صدر دجاج مشوي,Main Course,Mediterranean,Easy,High Protein / Weight Loss,Dinner,8.0,16.0,24,6,7,2,295,34.9,3.7,14.4,4.6,0.6,1.4,426.0,100.0,11.6,21.0,1.8,0,0,None,47.5,11.83,Low,Low,High Protein,Overweight,Low,5.0,1.0
101569,Egg White Omelette,عجة بياض البيض,Breakfast,International,Very Easy,High Protein / Low Cal,Breakfast,6.0,7.0,13,4,7,1,183,20.7,4.1,6.6,2.6,1.0,1.9,282.0,9.0,9.6,60.0,1.6,0,1,Eggs,52.3,11.31,Low,Very Low,High Protein,Normal,Low,4.0,
101570,Tuna Salad Bowl,بول سلطة التونة,Salad,Mediterranean,Very Easy,Weight Loss,Lunch,13.0,0.0,13,4,7,2,187,29.7,8.0,7.4,3.3,3.0,4.5,556.0,40.0,,43.0,1.7,0,0,Seafood,55.3,15.88,Low,Very Low,High Protein,Overweight,Low,,2.0
101571,Protein Pancakes,بانكيك البروتين,Breakfast,American,Very Easy,Muscle Gain,Breakfast,6.0,13.0,19,8,7,4,298,28.6,26.1,8.3,2.6,2.4,6.5,283.0,210.0,2.2,189.0,1.9,0,1,Dairy|Eggs|Gluten,52.7,9.6,Medium,Low,High Protein,Underweight,Low,4.67,
101572,Greek Yogurt Parfait,بارفيه الزبادي اليوناني,Snack,International,Very Easy,Healthy Snack,Snack,4.0,0.0,4,5,6,2,305,21.7,37.2,7.2,,2.9,20.8,85.0,13.0,17.5,259.0,1.4,0,1,Dairy,49.2,7.11,Medium,Low,Mixed,Normal,Low,3.75,4.0
101573,Chicken Vegetable Stir Fry,دجاج مقلي بالخضار,Main Course,Asian,Easy,Balanced,Dinner,17.0,16.0,33,8,9,6,330,34.6,26.2,12.3,5.5,5.0,5.6,604.0,78.0,36.2,67.0,2.7,0,0,Nuts|Soy,53.8,,Medium,Low,High Protein,Normal,Medium,,6.0
101574,Baked Salmon with Vegetables,سالمون مشوي بالخضار,Main Course,Western,Easy,Heart Health,Dinner,9.0,22.0,31,10,9,1,452,42.6,14.8,20.0,8.0,3.8,4.7,372.0,91.0,34.0,53.0,2.3,0,0,Seafood,49.3,9.42,Low,Moderate,High Protein,Normal,Medium,3.0,1.0
101575,Turkey Lettuce Wraps,لفائف الخس بالديك الرومي,Light Meal,Asian,Easy,Keto / Low Carb,Dinner,13.0,8.0,21,6,8,2,208,27.6,8.5,11.8,4.8,1.9,3.5,477.0,62.0,15.2,33.0,1.9,0,0,Dairy|Nuts|Soy,49.5,13.27,Low,Low,High Protein,Overweight,Low,4.2,15.0
101576,Boiled Eggs with Avocado,بيض مسلوق مع أفوكادو,Breakfast,International,Very Easy,Keto,Breakfast,2.0,8.0,10,6,6,2,317,17.3,9.6,25.5,8.0,6.5,0.7,295.0,,11.5,43.0,2.1,0,1,Eggs,53.1,5.46,Low,Low,Mixed,Overweight,Low,,
101577,Shrimp Stir Fry,روبيان مقلي,Main Course,Asian,Easy,High Protein / Low Cal,Lunch,8.0,8.0,16,7,9,1,268,34.5,16.9,8.9,3.4,2.7,4.4,681.0,206.0,21.1,103.0,3.1,0,0,Nuts|Soy|Seafood,52.4,12.87,Low,Low,High Protein,Normal,Medium,4.25,8.0
101578,Quinoa Buddha Bowl,بودا بول الكينوا,Main Course,International,Medium,Vegan / Balanced,Dinner,17.0,15.0,32,11,9,2,3,17.0,50.6,14.1,5.5,9.2,7.4,366.0,,,116.0,4.3,1,1,None,59.9,4.35,High,Low,High Carb,Normal,Medium,3.5,2.0
101579,Lentil Soup,شوربة العدس,Soup,Middle Eastern,Easy,High Fiber / Budget,Lunch,,24.0,35,11,11,4,263,19.2,42.7,3.9,1.7,12.8,5.1,532.0,0.0,16.9,73.0,6.3,1,1,None,63.8,7.3,Medium,Low,High Carb,Normal,Medium,,3.0
101580,Veggie Omelette,عجة الخضار,Breakfast,International,Very Easy,Balanced,Breakfast,6.0,5.0,11,7,8,2,242,17.5,5.6,16.7,4.3,1.5,3.6,347.0,374.0,17.7,82.0,2.3,0,1,Eggs,48.6,7.23,Low,Low,High Protein,Normal,Low,4.2,5.0
101581,Hummus with Vegetables,حمص مع الخضار,Snack,Middle Eastern,Very Easy,Healthy Snack,Snack,7.0,0.0,7,6,9,1,184,9.0,23.1,10.6,4.0,5.8,2.8,297.0,0.0,28.8,96.0,3.2,1,1,None,59.1,4.89,Medium,Very Low,Mixed,Normal,Medium,3.6,5.0
101582,Spinach Lentil Dal,عدس بالسبانخ,Main Course,Indian,Easy,High Iron / Vegan,Dinner,10.0,25.0,35,9,10,6,311,17.8,54.9,6.0,1.9,13.8,4.6,461.0,0.0,32.8,110.0,6.7,0,1,Dairy|Nuts,65.8,5.72,High,Low,High Carb,Normal,Medium,5.0,2.0
101583,Caprese Salad,سلطة كابريزي,Salad,Italian,Very Easy,Light / Healthy,Lunch,4.0,0.0,4,4,7,2,212,11.2,5.8,16.2,5.1,0.5,4.7,373.0,45.0,18.3,,,1,1,None,44.4,5.28,Low,Low,Mixed,Normal,Low,4.0,3.0
101584,Overnight Oats,شوفان بالليل,Breakfast,International,Very Easy,Sustained Energy,Breakfast,4.0,0.0,4,4,8,4,370,13.8,59.9,8.8,3.9,6.2,14.8,150.0,6.0,7.6,,3.2,0,1,Dairy|Gluten|Nuts,54.3,3.73,High,Low,High Carb,Normal,Low,4.33,3.0
101585,Avocado Toast with Egg,توست الأفوكادو مع بيض,Breakfast,International,Very Easy,Balanced,Breakfast,4.0,5.0,9,5,8,1,407,16.5,29.8,23.0,5.9,9.0,1.7,,,11.5,65.0,3.1,0,1,Eggs|Gluten,56.2,,Medium,Moderate,Mixed,Normal,Low,4.5,2.0
101586,Black Bean Tacos,تاكو الفول الأسود,Main Course,Mexican,Easy,Vegan / Budget,Dinner,11.0,9.0,20,6,10,4,357,16.1,54.8,10.9,3.8,11.3,3.9,674.0,0.0,18.8,125.0,4.7,1,1,None,58.3,4.51,High,Low,High Carb,Normal,Medium,4.33,3.0
101587,Mushroom Risotto,ريزوتو الفطر,Main Course,Italian,Medium,Comfort Food,Dinner,12.0,41.0,53,11,10,2,522,14.8,69.6,12.7,,2.6,3.4,565.0,,4.0,74.0,2.8,0,1,Dairy,45.4,,High,Moderate,High Carb,Normal,Medium,4.33,6.0
101588,Chicken Vegetable Soup,شوربة الدجاج بالخضار,Soup,International,Easy,Immunity / Recovery,Lunch,11.0,,52,9,11,2,241,28.0,20.7,7.6,2.6,3.6,4.9,,68.0,28.1,63.0,2.5,0,0,None,55.1,11.62,Medium,Low,High Protein,Normal,Medium,4.0,6.0
101589,Tomato Basil Soup,شوربة الطماطم والريحان,Soup,Italian,Easy,Light / Vegan,Lunch,8.0,21.0,29,9,9,2,193,4.9,28.5,7.6,2.0,,12.5,472.0,0.0,30.0,58.0,2.1,0,1,Dairy,50.1,2.54,Medium,Very Low,High Carb,Normal,Medium,4.5,6.0
101590,Minestrone Soup,شوربة مينستروني,Soup,Italian,Easy,High Fiber / Balanced,Lunch,16.0,26.0,42,9,10,4,250,12.9,43.2,7.5,3.1,8.6,5.7,599.0,5.0,25.9,72.0,3.1,1,1,Gluten,58.9,5.16,Medium,Low,High Carb,Normal,Medium,4.5,6.0
101591,Beef Stir Fry,لحم مقلي,Main Course,Asian,Easy,Muscle Gain,Dinner,13.0,16.0,29,7,10,1,406,38.3,26.0,16.4,5.6,3.5,4.1,740.0,98.0,13.3,44.0,3.9,0,0,Nuts|Soy,47.6,9.43,Medium,Moderate,High Protein,Underweight,Medium,4.67,3.0
101592,Lean Beef Rice Bowl,بول أرز باللحمة,Main Course,Asian Fusion,Easy,Muscle Gain / Bulking,Dinner,8.0,21.0,29,10,10,1,513,38.7,57.1,11.2,4.2,3.0,4.7,,87.0,10.8,53.0,,0,0,Nuts|Soy,46.6,7.54,High,Moderate,Mixed,Underweight,Medium,4.4,5.0
101593,Turkey Meatballs,كرات ديك رومي,Main Course,Italian,Easy,High Protein,Dinner,15.0,23.0,38,7,8,4,293,34.1,16.6,14.1,4.0,1.8,2.7,427.0,95.0,7.4,51.0,,0,0,Eggs|Gluten,50.4,11.64,Low,Low,High Protein,Normal,Low,3.0,1.0
101594,Whole Wheat Pasta Turkey,مكرونة قمح بالديك الرومي,Main Course,Italian,Easy,Balanced,Dinner,12.0,30.0,42,9,9,1,521,37.9,59.2,9.0,2.8,7.8,8.1,557.0,65.0,22.0,84.0,3.5,0,0,Gluten,59.6,7.27,High,Moderate,Mixed,Normal,Medium,4.5,4.0
101595,Stuffed Bell Peppers,فلفل محشي,Main Course,Mediterranean,Medium,Balanced,Dinner,22.0,40.0,62,11,9,1,345,23.5,44.4,11.7,,6.9,7.5,532.0,,77.9,63.0,2.6,0,0,Dairy,60.7,6.81,High,Low,Mixed,Normal,Medium,4.2,15.0
101596,Chicken Shawarma Bowl,بول شاورما الدجاج,Main Course,Middle Eastern,Easy,High Protein,Dinner,24.0,19.0,43,9,9,1,469,38.8,39.0,15.0,,5.4,4.4,658.0,,12.5,68.0,2.7,0,0,None,50.1,8.27,Medium,Moderate,High Protein,Normal,Medium,4.0,1.0
101597,Salmon Teriyaki,سالمون تيرياكي,Main Course,Japanese,Easy,Omega 3 / Healthy,Dinner,12.0,11.0,23,9,9,2,421,34.4,23.3,17.5,5.6,0.8,13.8,643.0,78.0,,40.0,1.5,0,0,Nuts|Soy|Seafood,35.7,8.17,Medium,Moderate,High Protein,Normal,Medium,4.4,5.0
101598,Chicken Tikka Masala,دجاج تيكا ماسالا,Main Course,Indian,Medium,Balanced,Dinner,16.0,28.0,44,11,11,4,447,30.4,25.2,17.6,7.7,2.5,7.0,,101.0,,82.0,3.8,0,0,Dairy,41.3,6.8,Medium,Moderate,High Protein,Normal,Medium,4.6,5.0
101599,Zucchini Noodles with Pesto,نودلز الكوسا بالبيستو,Main Course,Italian,Easy,Low Carb / Keto,Lunch,7.0,4.0,11,5,9,6,265,10.3,13.1,20.3,6.4,3.9,5.7,330.0,16.0,20.9,110.0,1.7,1,1,Nuts,48.0,3.89,Low,Low,Mixed,Overweight,Medium,3.75,4.0
101600,Energy Balls,كرات الطاقة,Snack,International,Easy,Healthy Snack,Snack,14.0,0.0,14,2,7,1,123,4.3,14.6,5.3,1.8,1.8,8.9,44.0,0.0,1.1,31.0,1.0,0,1,Dairy|Gluten|Nuts,48.7,3.5,Low,Very Low,High Carb,Normal,Low,4.0,2.0
101601,Chocolate Protein Balls,كرات بروتين بالشوكولاتة,Snack,International,Easy,Post Workout,Snack,14.0,0.0,14,3,7,1,5,4.9,11.6,3.7,1.5,1.3,4.9,37.0,0.0,2.7,21.0,0.9,0,1,Dairy|Gluten|Nuts,50.7,4.54,Low,Very Low,Mixed,Normal,Low,4.44,
101602,Apple Peanut Butter,تفاح مع زبدة فول سوداني,Snack,International,Very Easy,Balanced Snack,Snack,2.0,0.0,2,1,3,1,233,6.0,25.8,9.1,3.9,4.4,20.5,112.0,0.0,8.6,22.0,0.5,0,1,Dairy|Nuts,44.4,2.58,Medium,Low,High Carb,Normal,Low,0.1,3.0
101603,Trail Mix,مكسرات وفواكه مجففة,Snack,International,Very Easy,Energy Boost,Snack,3.0,0.0,3,0,6,1,370,9.3,41.4,22.9,8.6,4.8,20.8,73.0,0.0,2.4,52.0,2.2,1,1,Nuts,39.1,2.51,High,Low,Mixed,Normal,Low,4.2,5.0
101604,Strawberry Protein Smoothie,سموذي الفراولة والبروتين,Beverage,International,Very Easy,Muscle Gain / Post Workout,Anytime,2.0,0.0,2,4,6,2,272,25.3,41.3,4.4,1.2,3.9,21.4,123.0,10.0,97.9,218.0,1.1,0,1,Dairy,57.2,9.3,High,Low,Mixed,Normal,Low,4.5,2.0
101605,Green Detox Smoothie,سموذي أخضر,Beverage,International,Very Easy,Detox / Weight Loss,Anytime,5.0,0.0,5,4,7,4,180,5.0,39.0,2.8,0.9,7.2,21.4,96.0,0.0,142.0,70.0,,0,1,None,60.5,2.78,Medium,Very Low,High Carb,Overweight,Low,3.83,6.0
101606,Banana Peanut Butter Smoothie,سموذي الموز وزبدة الفول,Beverage,International,Very Easy,Pre Workout / Energy,Anytime,3.0,0.0,3,1,7,1,373,14.8,50.0,12.1,4.7,4.5,32.9,5000.0,10.0,10.4,200.0,1.5,0,1,Dairy|Gluten|Nuts,45.7,3.97,High,Low,High Carb,Normal,Low,4.5,4.0
101607,Mango Turmeric Smoothie,سموذي المانجو والكركم,Beverage,International,Very Easy,Anti-Inflammatory,Anytime,4.0,0.0,4,2,7,2,215,8.6,46.8,4.0,1.4,3.4,26.7,136.0,5.0,,201.0,0.9,0,1,Dairy|Nuts,52.7,4.0,High,Low,High Carb,Normal,Low,5.0,2.0
101608,Berry Antioxidant Smoothie,سموذي التوت المضاد للأكسدة,Beverage,International,Very Easy,Immunity Boost,Anytime,2.0,0.0,2,2,6,2,227,8.6,41.6,2.8,0.7,7.1,23.0,97.0,5.0,33.9,140.0,1.1,0,1,Dairy|Nuts,59.4,3.79,Medium,Low,High Carb,Normal,Low,5.0,5.0
101609,Banana Nice Cream,آيس كريم الموز,Dessert,International,Very Easy,Healthy Dessert / Vegan,Dessert,4.0,0.0,4,2,2,1,112,1.9,26.0,0.5,0.2,3.3,12.8,3500.0,0.0,10.9,6.0,0.3,1,1,None,52.0,1.7,Medium,Very Low,High Carb,Normal,Low,4.33,3.0
101610,Chia Pudding,بودنج الشيا,Dessert/Snack,International,Very Easy,High Fiber / Omega 3,Snack,11.0,,11,3,5,2,306,10.1,36.0,12.0,4.3,,18.6,155.0,4.0,3.4,282.0,2.4,0,1,Dairy|Nuts,53.7,3.3,Medium,Low,High Carb,Normal,Low,4.0,3.0
101611,Baked Cinnamon Apples,تفاح مخبوز بالقرفة,Dessert,International,Very Easy,Healthy Dessert,Dessert,5.0,32.0,37,5,6,4,158,1.0,45.7,2.1,0.8,5.8,32.2,8.0,0.0,7.7,23.0,0.5,0,1,Dairy|Gluten,51.9,0.63,High,Very Low,High Carb,Normal,Low,4.33,3.0
101612,Falafel Wrap,سندويتش فلافل,Main Course,Middle Eastern,Medium,Vegan / Protein,Dinner,24.0,14.0,38,10,11,2,525,18.6,60.3,15.9,4.9,14.3,4.4,756.0,0.0,15.0,125.0,5.7,1,1,Gluten,55.3,3.54,High,Moderate,High Carb,Normal,Medium,2.5,2.0
101613,Tabbouleh Salad,سلطة التبولة,Salad,Middle Eastern,Easy,Light / Vegan,Lunch,12.0,0.0,12,5,9,2,160,4.8,27.0,6.4,1.8,5.9,4.0,387.0,0.0,,54.0,3.4,1,1,Gluten,61.4,3.0,Medium,Very Low,High Carb,Normal,Medium,4.33,3.0
101614,Shakshuka,شكشوكة,Breakfast,Middle Eastern,Easy,Balanced,Breakfast,5.0,18.0,1440,6,11,2,275,15.9,17.6,15.6,6.5,3.3,6.8,588.0,331.0,31.5,76.0,3.1,0,1,Eggs,45.9,5.78,Low,Low,Balanced Macro,Normal,Medium,4.0,1.0
101615,Meal Prep Chicken Rice,دجاج وأرز للميل بريب,Main Course,International,Easy,Muscle Gain / Meal Prep,Dinner,12.0,27.0,39,9,9,4,479,41.1,46.7,9.4,2.6,2.8,2.2,,83.0,9.5,37.0,2.1,0,0,None,53.0,8.58,High,Moderate,High Protein,Normal,Medium,4.33,3.0
101616,Overnight Oats 5 Ways,شوفان بالليل 5 وصفات,Breakfast,International,Very Easy,Meal Prep / Healthy,Breakfast,11.0,0.0,11,3,6,2,306,15.2,50.5,9.2,2.7,8.0,17.2,151.0,9.0,,213.0,2.8,0,1,Dairy|Gluten,57.7,4.97,High,Low,High Carb,Normal,Low,4.67,3.0
101617,Grilled Chicken Breast,صدر دجاج مشوي,Main Course,Mediterranean,Easy,High Protein / Weight Loss,Dinner,7.0,15.0,22,8,7,4,346,40.2,4.3,13.1,5.1,0.5,1.3,361.0,89.0,12.5,24.0,1.9,0,0,None,47.3,11.62,Low,Low,High Protein,Overweight,Low,3.4,5.0
101618,Egg White Omelette,عجة بياض البيض,Breakfast,International,Very Easy,High Protein / Low Cal,Breakfast,6.0,9.0,15,6,7,2,187,23.0,4.0,5.5,2.4,1.2,2.0,251.0,9.0,,55.0,1.5,0,1,Eggs,53.6,12.3,Low,Very Low,High Protein,Normal,Low,,8.0
101619,Tuna Salad Bowl,بول سلطة التونة,Salad,Mediterranean,Very Easy,Weight Loss,Lunch,8.0,0.0,8,3,7,2,189,26.8,8.6,7.6,3.3,2.7,3.8,468.0,37.0,22.1,35.0,1.9,0,0,Seafood,54.5,14.18,Low,Very Low,High Protein,Overweight,Low,4.17,6.0
101620,Protein Pancakes,بانكيك البروتين,Breakfast,American,Very Easy,Muscle Gain,Breakfast,4.0,9.0,13,5,7,2,349,30.3,26.9,8.0,3.6,2.9,5.4,277.0,,1.9,192.0,,0,1,Dairy|Eggs|Gluten,52.3,8.68,Medium,Low,High Protein,Underweight,Low,4.5,4.0
101621,Greek Yogurt Parfait,بارفيه الزبادي اليوناني,Snack,International,Very Easy,Healthy Snack,Snack,6.0,0.0,6,5,6,2,275,24.1,40.2,7.2,2.7,3.0,20.6,107.0,16.0,12.8,279.0,,0,1,Dairy,50.1,8.76,High,Low,Mixed,Normal,Low,4.2,15.0
101622,Chicken Vegetable Stir Fry,دجاج مقلي بالخضار,Main Course,Asian,Easy,Balanced,Dinner,16.0,11.0,27,10,9,2,420,37.8,29.2,11.7,4.5,4.3,7.7,694.0,86.0,53.8,,2.3,0,0,Nuts|Soy,52.2,9.0,Medium,Moderate,High Protein,Normal,Medium,4.0,4.0
101623,Baked Salmon with Vegetables,سالمون مشوي بالخضار,Main Course,Western,Easy,Heart Health,Dinner,,18.0,28,7,9,1,383,38.7,14.9,21.0,7.6,4.6,5.1,336.0,86.0,32.5,48.0,2.3,0,0,Seafood,51.8,10.1,Low,Low,High Protein,Normal,Medium,4.0,1.0
101624,Turkey Lettuce Wraps,لفائف الخس بالديك الرومي,Light Meal,Asian,Easy,Keto / Low Carb,Dinner,13.0,8.0,21,7,8,2,238,27.1,7.7,11.5,,2.4,3.3,454.0,79.0,16.4,38.0,2.2,0,0,Dairy|Nuts|Soy,50.7,11.39,Low,Low,High Protein,Overweight,Low,4.8,5.0
101625,Boiled Eggs with Avocado,بيض مسلوق مع أفوكادو,Breakfast,International,Very Easy,Keto,Breakfast,2.0,11.0,13,6,6,4,288,16.4,9.0,25.2,9.2,7.6,0.7,343.0,361.0,,50.0,2.0,0,1,Eggs,52.7,5.69,Low,Low,Mixed,Overweight,Low,3.8,
101626,Shrimp Stir Fry,روبيان مقلي,Main Course,Asian,Easy,High Protein / Low Cal,Lunch,11.0,8.0,19,8,9,6,315,31.5,17.0,9.5,2.4,2.5,4.5,627.0,233.0,22.8,82.0,3.6,0,0,Nuts|Soy|Seafood,52.8,10.0,Low,Low,High Protein,Normal,Medium,4.57,7.0
101627,Quinoa Buddha Bowl,بودا بول الكينوا,Main Course,International,Medium,Vegan / Balanced,Dinner,13.0,26.0,39,9,9,1,464,16.6,59.0,12.7,,,6.2,300.0,0.0,,124.0,4.8,1,1,None,62.8,3.58,High,Moderate,High Carb,Normal,Medium,3.5,2.0
101628,Lentil Soup,شوربة العدس,Soup,Middle Eastern,Easy,High Fiber / Budget,Lunch,12.0,36.0,48,11,11,6,245,19.3,46.2,3.9,1.7,13.4,4.8,636.0,0.0,16.0,82.0,4.8,1,1,None,62.4,7.88,Medium,Low,High Carb,Normal,Medium,4.0,3.0
101629,Veggie Omelette,عجة الخضار,Breakfast,International,Very Easy,Balanced,Breakfast,5.0,6.0,11,7,8,2,220,18.6,5.4,15.9,4.7,2.1,2.9,399.0,,22.1,89.0,2.2,0,1,Eggs,50.1,8.45,Low,Low,High Protein,Normal,Low,3.0,2.0
101630,Hummus with Vegetables,حمص مع الخضار,Snack,Middle Eastern,Very Easy,Healthy Snack,Snack,11.0,0.0,11,7,9,2,182,9.0,21.5,10.1,3.9,7.2,3.5,348.0,,28.8,89.0,2.8,1,1,None,61.0,4.95,Low,Very Low,Mixed,Normal,Medium,4.71,7.0
101631,Spinach Lentil Dal,عدس بالسبانخ,Main Course,Indian,Easy,High Iron / Vegan,Dinner,12.0,18.0,30,9,10,1,337,16.5,54.7,6.2,2.5,12.4,4.5,449.0,0.0,30.4,,7.1,0,1,Dairy|Nuts,64.8,4.9,High,Low,High Carb,Normal,Medium,3.75,4.0
101632,Caprese Salad,سلطة كابريزي,Salad,Italian,Very Easy,Light / Healthy,Lunch,5.0,0.0,5,3,7,2,248,12.1,6.2,15.9,4.5,0.6,4.0,435.0,46.0,19.3,233.0,0.8,1,1,None,45.2,4.88,Low,Low,Mixed,Normal,Low,4.2,5.0
101633,Overnight Oats,شوفان بالليل,Breakfast,International,Very Easy,Sustained Energy,Breakfast,6.0,0.0,6,6,8,1,340,13.7,57.9,8.9,4.0,8.4,20.7,154.0,5.0,8.4,274.0,3.1,0,1,Dairy|Gluten|Nuts,54.6,4.03,High,Low,High Carb,Normal,Low,4.38,8.0
101634,Avocado Toast with Egg,توست الأفوكادو مع بيض,Breakfast,International,Very Easy,Balanced,Breakfast,5.0,6.0,11,4,8,4,363,17.1,31.9,20.8,8.2,9.1,2.3,466.0,172.0,12.0,,2.6,0,1,Eggs|Gluten,52.4,4.71,Medium,Low,Mixed,Normal,Low,4.0,4.0
101635,Black Bean Tacos,تاكو الفول الأسود,Main Course,Mexican,Easy,Vegan / Budget,Dinner,9.0,12.0,21,5,10,2,359,15.1,57.4,9.7,3.6,11.4,3.9,646.0,0.0,15.8,121.0,,1,1,None,58.9,4.21,High,Low,High Carb,Normal,Medium,5.0,3.0
101636,Mushroom Risotto,ريزوتو الفطر,Main Course,Italian,Medium,Comfort Food,Dinner,9.0,41.0,50,14,10,2,2200,12.9,66.7,13.7,5.8,3.6,4.0,614.0,23.0,4.6,70.0,,0,1,Dairy,44.1,2.52,High,Moderate,High Carb,Normal,Medium,4.2,15.0
101637,Chicken Vegetable Soup,شوربة الدجاج بالخضار,Soup,International,Easy,Immunity / Recovery,Lunch,14.0,35.0,49,12,11,4,235,30.7,20.9,6.3,1.9,3.4,5.6,691.0,78.0,35.1,54.0,2.6,0,0,None,56.1,13.06,Medium,Low,High Protein,Normal,Medium,2.0,2.0
101638,Tomato Basil Soup,شوربة الطماطم والريحان,Soup,Italian,Easy,Light / Vegan,Lunch,12.0,27.0,39,8,9,1,200,5.2,26.6,7.5,3.1,4.7,16.3,436.0,0.0,32.5,65.0,1.9,0,1,Dairy,48.4,2.6,Medium,Low,High Carb,Normal,Medium,4.17,
101639,Minestrone Soup,شوربة مينستروني,Soup,Italian,Easy,High Fiber / Balanced,Lunch,16.0,23.0,39,10,10,1,323,10.9,43.1,6.9,2.1,8.9,6.1,612.0,,26.3,73.0,3.2,1,1,Gluten,59.3,3.37,Medium,Low,High Carb,Normal,Medium,,4.0
101640,Beef Stir Fry,لحم مقلي,Main Course,Asian,Easy,Muscle Gain,Dinner,15.0,16.0,31,9,10,6,411,34.3,24.5,17.4,6.9,4.0,4.7,828.0,95.0,14.5,41.0,,0,0,Nuts|Soy,45.1,8.35,Medium,Moderate,High Protein,Underweight,Medium,4.4,5.0
101641,Lean Beef Rice Bowl,بول أرز باللحمة,Main Course,Asian Fusion,Easy,Muscle Gain / Bulking,Dinner,8.0,16.0,24,11,10,2,466,37.8,52.9,11.0,4.1,4.0,5.4,759.0,82.0,8.5,50.0,3.7,0,0,Nuts|Soy,48.8,8.11,High,Moderate,Mixed,Underweight,Medium,4.33,3.0
101642,Turkey Meatballs,كرات ديك رومي,Main Course,Italian,Easy,High Protein,Dinner,15.0,18.0,33,10,8,1,387,29.5,18.9,13.2,,2.3,3.0,543.0,102.0,8.4,65.0,2.8,0,0,Eggs|Gluten,47.9,7.62,Medium,Low,High Protein,Normal,Low,4.33,3.0
101643,Whole Wheat Pasta Turkey,مكرونة قمح بالديك الرومي,Main Course,Italian,Easy,Balanced,Dinner,9.0,25.0,34,10,9,4,526,36.2,56.0,10.9,3.7,6.6,7.7,675.0,69.0,20.1,86.0,4.0,0,0,Gluten,55.4,6.88,High,Moderate,Mixed,Normal,Medium,4.0,3.0
101644,Stuffed Bell Peppers,فلفل محشي,Main Course,Mediterranean,Medium,Balanced,Dinner,15.0,25.0,40,9,9,6,398,24.9,37.9,11.5,3.1,5.4,6.8,471.0,71.0,89.7,56.0,3.2,0,0,Dairy,58.3,6.26,Medium,Low,Mixed,Normal,Medium,3.8,5.0
101645,Chicken Shawarma Bowl,بول شاورما الدجاج,Main Course,Middle Eastern,Easy,High Protein,Dinner,21.0,16.0,37,7,9,1,483,36.7,43.0,14.9,4.8,5.9,4.8,648.0,103.0,,52.0,3.1,0,0,None,53.4,7.6,High,Moderate,Balanced Macro,Normal,Medium,3.6,5.0
101646,Salmon Teriyaki,سالمون تيرياكي,Main Course,Japanese,Easy,Omega 3 / Healthy,Dinner,8.0,19.0,27,9,9,4,430,38.3,22.3,16.4,4.9,1.1,10.2,556.0,82.0,5.9,44.0,1.3,0,0,Nuts|Soy|Seafood,40.3,8.91,Medium,Moderate,High Protein,Normal,Medium,4.5,2.0
101647,Chicken Tikka Masala,دجاج تيكا ماسالا,Main Course,Indian,Medium,Balanced,Dinner,17.0,35.0,52,14,11,4,401,35.0,30.7,16.3,4.8,3.1,6.2,633.0,77.0,12.9,91.0,3.6,0,0,Dairy,47.9,8.73,Medium,Moderate,High Protein,Normal,Medium,,4.0
101648,Zucchini Noodles with Pesto,نودلز الكوسا بالبيستو,Main Course,Italian,Easy,Low Carb / Keto,Lunch,11.0,,16,4,9,4,238,9.6,13.2,22.7,10.1,4.1,5.4,409.0,17.0,,,1.8,1,1,Nuts,42.6,4.03,Low,Low,Mixed,Overweight,Medium,4.0,5.0
101649,Energy Balls,كرات الطاقة,Snack,International,Easy,Healthy Snack,Snack,15.0,0.0,15,3,7,1,113,3.8,15.8,5.4,1.8,1.9,8.8,40.0,0.0,1.1,,1.1,0,1,Dairy|Gluten|Nuts,48.9,3.36,Low,Very Low,High Carb,Normal,Low,,5.0
101650,Chocolate Protein Balls,كرات بروتين بالشوكولاتة,Snack,International,Easy,Post Workout,Snack,18.0,0.0,18,5,7,1,96,5.0,12.9,3.8,1.3,1.5,5.1,45.0,0.0,3.0,20.0,0.8,0,1,Dairy|Gluten|Nuts,51.6,5.21,Low,Very Low,Mixed,Normal,Low,4.5,6.0
101651,Apple Peanut Butter,تفاح مع زبدة فول سوداني,Snack,International,Very Easy,Balanced Snack,Snack,2.0,0.0,2,4,3,2,209,5.8,25.4,9.1,3.2,4.0,18.5,128.0,0.0,7.5,22.0,0.5,0,1,Dairy|Nuts,45.3,2.78,Medium,Low,High Carb,Normal,Low,3.86,7.0
101652,Trail Mix,مكسرات وفواكه مجففة,Snack,International,Very Easy,Energy Boost,Snack,3.0,0.0,3,2,6,2,390,9.2,39.6,23.2,7.4,,20.6,84.0,0.0,1.9,68.0,2.4,1,1,Nuts,39.5,2.36,High,Low,Mixed,Normal,Low,4.0,2.0
101653,Strawberry Protein Smoothie,سموذي الفراولة والبروتين,Beverage,International,Very Easy,Muscle Gain / Post Workout,Anytime,3.0,0.0,3,4,6,1,279,25.1,38.1,4.3,1.3,4.0,23.9,136.0,11.0,77.2,204.0,1.1,0,1,Dairy,56.8,9.0,Medium,Low,Mixed,Normal,Low,4.6,5.0
101654,Green Detox Smoothie,سموذي أخضر,Beverage,International,Very Easy,Detox / Weight Loss,Anytime,5.0,0.0,5,3,7,4,160,5.0,35.3,2.9,1.1,6.2,22.5,99.0,0.0,,75.0,2.7,0,1,None,58.4,3.12,Medium,Very Low,High Carb,Overweight,Low,4.2,5.0
101655,Banana Peanut Butter Smoothie,سموذي الموز وزبدة الفول,Beverage,International,Very Easy,Pre Workout / Energy,Anytime,3.0,0.0,3,2,7,6,376,13.3,54.3,12.9,4.4,4.9,23.9,190.0,10.0,11.2,172.0,1.4,0,1,Dairy|Gluten|Nuts,46.6,3.54,High,Low,High Carb,Normal,Low,2.67,3.0
101656,Mango Turmeric Smoothie,سموذي المانجو والكركم,Beverage,International,Very Easy,Anti-Inflammatory,Anytime,5.0,0.0,5,2,7,1,223,8.4,39.8,3.8,1.1,4.5,37.3,137.0,6.0,67.6,227.0,0.8,0,1,Dairy|Nuts,55.5,3.77,High,Low,High Carb,Normal,Low,5.0,2.0
101657,Berry Antioxidant Smoothie,سموذي التوت المضاد للأكسدة,Beverage,International,Very Easy,Immunity Boost,Anytime,4.0,0.0,720,4,6,4,220,8.7,44.7,2.7,0.8,5.5,26.5,92.0,6.0,38.8,153.0,1.1,0,1,Dairy|Nuts,56.8,3.95,High,Low,High Carb,Normal,Low,,4.0
101658,Banana Nice Cream,آيس كريم الموز,Dessert,International,Very Easy,Healthy Dessert / Vegan,Dessert,6.0,0.0,6,1,2,4,131,2.2,27.9,0.5,0.1,3.3,15.5,,0.0,13.0,6.0,0.3,1,1,None,51.0,1.68,Medium,Very Low,High Carb,Normal,Low,7.0,3.0
101659,Chia Pudding,بودنج الشيا,Dessert/Snack,International,Very Easy,High Fiber / Omega 3,Snack,,0.0,9,3,5,4,295,10.1,35.8,11.0,4.7,15.2,15.7,129.0,5.0,3.9,252.0,2.8,0,1,Dairy|Nuts,54.8,3.42,Medium,Low,High Carb,Normal,Low,0.1,
101660,Baked Cinnamon Apples,تفاح مخبوز بالقرفة,Dessert,International,Very Easy,Healthy Dessert,Dessert,4.0,23.0,27,4,6,2,188,0.9,38.5,1.9,,5.6,32.7,8.0,0.0,,21.0,0.5,0,1,Dairy|Gluten,51.3,0.48,Medium,Very Low,High Carb,Normal,Low,,4.0
101661,Falafel Wrap,سندويتش فلافل,Main Course,Middle Eastern,Medium,Vegan / Protein,Dinner,21.0,16.0,37,9,11,4,543,17.8,62.0,14.5,5.1,14.0,4.3,,0.0,15.2,112.0,6.8,1,1,Gluten,55.3,3.28,High,Moderate,High Carb,Normal,Medium,3.8,5.0
101662,Tabbouleh Salad,سلطة التبولة,Salad,Middle Eastern,Easy,Light / Vegan,Lunch,15.0,0.0,15,5,9,2,195,4.9,26.6,7.5,3.1,6.9,4.5,407.0,0.0,39.0,60.0,2.7,1,1,Gluten,59.9,2.51,Medium,Very Low,High Carb,Normal,Medium,3.33,6.0
101663,Shakshuka,شكشوكة,Breakfast,Middle Eastern,Easy,Balanced,Breakfast,5.0,19.0,24,8,11,2,261,14.5,17.9,16.2,4.9,4.4,8.8,626.0,392.0,30.6,79.0,3.9,0,1,Eggs,49.4,5.56,Low,Low,Balanced Macro,Normal,Medium,4.0,4.0
101664,Meal Prep Chicken Rice,دجاج وأرز للميل بريب,Main Course,International,Easy,Muscle Gain / Meal Prep,Dinner,19.0,26.0,45,7,9,1,424,42.2,49.6,9.6,3.6,3.5,1.9,496.0,85.0,,38.0,1.8,0,0,None,52.7,9.95,High,Moderate,High Protein,Normal,Medium,4.5,4.0
101665,Overnight Oats 5 Ways,شوفان بالليل 5 وصفات,Breakfast,International,Very Easy,Meal Prep / Healthy,Breakfast,9.0,0.0,9,6,6,2,396,14.4,55.0,9.2,4.1,5.6,18.4,163.0,9.0,10.1,,2.2,0,1,Dairy|Gluten,50.9,3.64,High,Low,High Carb,Normal,Low,4.0,
101666,Grilled Chicken Breast,صدر دجاج مشوي,Main Course,Mediterranean,Easy,High Protein / Weight Loss,Dinner,8.0,19.0,720,7,7,4,342,38.6,4.2,13.3,3.5,0.6,1.3,468.0,94.0,10.7,27.0,1.9,0,0,None,48.6,11.29,Low,Low,High Protein,Overweight,Low,4.17,6.0
101667,Egg White Omelette,عجة بياض البيض,Breakfast,International,Very Easy,High Protein / Low Cal,Breakfast,4.0,7.0,11,6,7,4,189,20.1,4.0,6.0,2.0,0.9,2.3,292.0,,9.0,67.0,1.6,0,1,Eggs,52.4,10.63,Low,Very Low,High Protein,Normal,Low,,7.0
101668,Tuna Salad Bowl,بول سلطة التونة,Salad,Mediterranean,Very Easy,Weight Loss,Lunch,7.0,0.0,7,4,7,2,199,28.9,8.5,6.8,2.5,3.4,4.5,530.0,43.0,26.5,37.0,1.9,0,0,Seafood,56.7,14.52,Low,Very Low,High Protein,Overweight,Low,4.67,3.0
101669,Protein Pancakes,بانكيك البروتين,Breakfast,American,Very Easy,Muscle Gain,Breakfast,4.0,9.0,13,5,7,1,365,32.5,26.1,7.3,,2.4,5.4,274.0,,2.4,181.0,2.0,0,1,Dairy|Eggs|Gluten,53.1,8.9,Medium,Low,High Protein,Underweight,Low,3.4,5.0
101670,Greek Yogurt Parfait,بارفيه الزبادي اليوناني,Snack,International,Very Easy,Healthy Snack,Snack,6.0,0.0,6,4,6,2,344,20.4,36.1,6.4,,3.6,20.6,96.0,14.0,13.9,332.0,1.4,0,1,Dairy,51.2,,Medium,Low,Mixed,Normal,Low,4.5,2.0
101671,Chicken Vegetable Stir Fry,دجاج مقلي بالخضار,Main Course,Asian,Easy,Balanced,Dinner,14.0,19.0,33,7,9,1,436,37.9,29.9,12.5,5.4,,8.0,761.0,76.0,39.7,53.0,2.4,0,0,Nuts|Soy,48.7,8.69,Medium,Moderate,High Protein,Normal,Medium,3.0,1.0
101672,Baked Salmon with Vegetables,سالمون مشوي بالخضار,Main Course,Western,Easy,Heart Health,Dinner,12.0,22.0,34,10,9,4,450,39.9,12.7,20.5,5.9,,5.1,363.0,98.0,37.3,44.0,2.1,0,0,Seafood,53.0,8.87,Low,Moderate,High Protein,Normal,Medium,4.17,6.0
101673,Turkey Lettuce Wraps,لفائف الخس بالديك الرومي,Light Meal,Asian,Easy,Keto / Low Carb,Dinner,13.0,7.0,20,7,8,2,211,24.0,7.7,10.6,4.5,2.4,3.4,5000.0,60.0,12.5,36.0,1.8,0,0,Dairy|Nuts|Soy,50.3,11.37,Low,Low,High Protein,Overweight,Low,4.33,
101674,Boiled Eggs with Avocado,بيض مسلوق مع أفوكادو,Breakfast,International,Very Easy,Keto,Breakfast,3.0,8.0,11,5,6,4,282,16.2,8.9,23.2,7.7,7.6,0.9,274.0,384.0,9.8,46.0,1.8,0,1,Eggs,55.5,,Low,Low,Mixed,Overweight,Low,4.2,5.0
101675,Shrimp Stir Fry,روبيان مقلي,Main Course,Asian,Easy,High Protein / Low Cal,Dinner,10.0,10.0,20,9,9,4,277,34.3,16.8,8.5,,2.5,4.8,,,19.4,102.0,3.9,0,0,Nuts|Soy|Seafood,52.9,12.38,Low,Low,High Protein,Normal,Medium,4.5,2.0
101676,Quinoa Buddha Bowl,بودا بول الكينوا,Main Course,International,Medium,Vegan / Balanced,Dinner,14.0,23.0,37,11,9,1,436,17.9,50.1,13.9,6.2,7.9,5.6,380.0,0.0,51.0,136.0,4.9,1,1,None,60.0,4.11,High,Moderate,High Carb,Normal,Medium,4.0,3.0
101677,Lentil Soup,شوربة العدس,Soup,Middle Eastern,Easy,High Fiber / Budget,Lunch,9.0,35.0,44,10,11,1,297,16.5,44.9,4.3,,12.5,5.6,662.0,0.0,13.6,75.0,5.6,1,1,None,61.3,5.56,Medium,Low,High Carb,Normal,Medium,3.75,4.0
101678,Veggie Omelette,عجة الخضار,Breakfast,International,Very Easy,Balanced,Breakfast,4.0,7.0,11,6,8,4,267,17.7,6.0,14.6,6.4,1.8,2.8,,392.0,19.3,91.0,2.1,0,1,Eggs,46.4,6.63,Low,Low,High Protein,Normal,Low,3.33,3.0
101928,Hummus with Vegetables,حمص مع الخضار,Snack,Middle Eastern,Very Easy,Healthy Snack,Snack,9.0,0.0,9,6,9,4,225,9.1,20.4,9.1,2.7,,3.3,348.0,0.0,21.9,87.0,3.1,1,1,None,57.5,4.04,Medium,Low,Mixed,Normal,Medium,4.75,4.0
101680,Spinach Lentil Dal,عدس بالسبانخ,Main Course,Indian,Easy,High Iron / Vegan,Dinner,12.0,18.0,30,7,10,6,291,17.1,48.2,6.3,1.7,13.3,3.7,416.0,0.0,35.1,103.0,7.3,0,1,Dairy|Nuts,67.6,5.88,Medium,Low,High Carb,Normal,Medium,4.0,3.0
101681,Caprese Salad,سلطة كابريزي,Salad,Italian,Very Easy,Light / Healthy,Lunch,,0.0,5,5,7,6,188,13.1,5.7,14.6,5.0,0.6,3.7,403.0,,22.8,,0.8,1,1,None,46.4,6.97,Low,Very Low,Mixed,Normal,Low,4.0,1.0
101682,Overnight Oats,شوفان بالليل,Breakfast,International,Very Easy,Sustained Energy,Breakfast,4.0,0.0,4,5,8,2,366,13.6,53.3,9.8,3.5,6.7,19.4,153.0,6.0,,271.0,,0,1,Dairy|Gluten|Nuts,53.9,3.72,High,Low,High Carb,Normal,Low,4.0,4.0
101683,Avocado Toast with Egg,توست الأفوكادو مع بيض,Breakfast,International,Very Easy,Balanced,Breakfast,5.0,6.0,11,7,8,4,405,14.6,30.5,24.2,10.1,,2.1,361.0,,12.6,68.0,3.3,0,1,Eggs|Gluten,50.7,3.6,Medium,Moderate,Mixed,Normal,Low,4.0,4.0
101684,Black Bean Tacos,تاكو الفول الأسود,Main Course,Mexican,Easy,Vegan / Budget,Lunch,9.0,,19,5,10,1,388,17.4,54.5,9.0,,14.0,4.7,569.0,0.0,16.7,107.0,5.7,1,1,None,60.9,4.48,High,Low,High Carb,Normal,Medium,4.67,3.0
101685,Mushroom Risotto,ريزوتو الفطر,Main Course,Italian,Medium,Comfort Food,Dinner,12.0,42.0,54,14,10,1,492,14.9,66.8,14.7,4.3,3.6,4.5,607.0,21.0,3.2,83.0,3.4,0,1,Dairy,46.8,3.03,High,Moderate,High Carb,Normal,Medium,4.25,4.0
101686,Chicken Vegetable Soup,شوربة الدجاج بالخضار,Soup,International,Easy,Immunity / Recovery,Lunch,11.0,29.0,40,12,100,6,267,25.6,21.0,7.1,2.8,4.5,4.1,614.0,71.0,28.1,61.0,2.6,0,0,None,56.1,9.59,Medium,Low,High Protein,Normal,Medium,5.0,2.0
101687,Tomato Basil Soup,شوربة الطماطم والريحان,Soup,Italian,Easy,Light / Vegan,Lunch,9.0,19.0,28,8,9,6,178,5.0,28.0,6.4,1.6,3.6,14.5,427.0,0.0,32.8,67.0,1.9,0,1,Dairy,49.6,2.81,Medium,Very Low,High Carb,Normal,Medium,4.33,3.0
101688,Minestrone Soup,شوربة مينستروني,Soup,Italian,Easy,High Fiber / Balanced,Lunch,16.0,24.0,40,8,10,6,286,12.3,45.9,6.8,2.7,9.7,6.2,512.0,5.0,28.6,86.0,3.6,1,1,Gluten,60.4,4.3,High,Low,High Carb,Normal,Medium,4.5,4.0
101689,Beef Stir Fry,لحم مقلي,Main Course,Asian,Easy,Muscle Gain,Dinner,14.0,17.0,31,10,10,6,457,37.7,27.5,18.4,6.4,3.3,4.1,747.0,91.0,15.3,,4.0,0,0,Nuts|Soy,45.6,8.25,Medium,Moderate,High Protein,Underweight,Medium,,6.0
101690,Lean Beef Rice Bowl,بول أرز باللحمة,Main Course,Asian Fusion,Easy,Muscle Gain / Bulking,Dinner,11.0,18.0,29,9,10,2,555,34.4,57.4,11.4,3.3,4.0,5.2,747.0,77.0,,51.0,4.3,0,0,Nuts|Soy,49.8,6.2,High,Moderate,Mixed,Underweight,Medium,,2.0
101691,Turkey Meatballs,كرات ديك رومي,Main Course,Italian,Easy,High Protein,Dinner,12.0,19.0,31,7,8,1,368,34.2,18.4,12.8,3.3,1.9,2.7,500.0,108.0,8.2,55.0,2.3,0,0,Eggs|Gluten,49.7,9.29,Medium,Low,High Protein,Normal,Low,,5.0
101692,Whole Wheat Pasta Turkey,مكرونة قمح بالديك الرومي,Main Course,Italian,Easy,Balanced,Dinner,11.0,,40,10,9,6,443,38.4,56.6,9.1,2.8,6.9,7.1,643.0,68.0,21.5,69.0,4.1,0,0,Gluten,58.8,8.67,High,Moderate,Mixed,Normal,Medium,3.67,
101693,Stuffed Bell Peppers,فلفل محشي,Main Course,Mediterranean,Medium,Balanced,Dinner,17.0,32.0,49,9,9,1,8,24.0,38.8,12.1,4.1,5.8,9.1,534.0,58.0,71.1,59.0,,0,0,Dairy,56.1,6.82,Medium,Low,Mixed,Normal,Medium,,8.0
101694,Chicken Shawarma Bowl,بول شاورما الدجاج,Main Course,Middle Eastern,Easy,High Protein,Dinner,22.0,13.0,35,9,9,2,490,38.5,40.1,14.6,6.3,5.7,3.8,625.0,98.0,15.4,59.0,2.7,0,0,None,51.2,7.86,Medium,Moderate,High Protein,Normal,Medium,4.14,7.0
101695,Salmon Teriyaki,سالمون تيرياكي,Main Course,Japanese,Easy,Omega 3 / Healthy,Dinner,10.0,11.0,21,9,9,4,356,37.0,22.6,15.2,5.6,1.2,10.0,613.0,93.0,5.0,,1.4,0,0,Nuts|Soy|Seafood,39.7,10.39,Medium,Low,High Protein,Normal,Medium,3.5,4.0
101696,Chicken Tikka Masala,دجاج تيكا ماسالا,Main Course,Indian,Medium,Balanced,Dinner,20.0,37.0,57,13,11,2,414,31.1,27.5,19.4,7.3,2.7,5.3,510.0,87.0,,73.0,3.9,0,0,Dairy,44.8,7.51,Medium,Moderate,Balanced Macro,Normal,Medium,4.14,
101697,Zucchini Noodles with Pesto,نودلز الكوسا بالبيستو,Main Course,Italian,Easy,Low Carb / Keto,Lunch,11.0,4.0,15,6,9,4,260,9.2,14.8,20.1,8.2,3.7,5.7,412.0,13.0,,102.0,2.2,1,1,Nuts,44.4,3.54,Low,Low,Mixed,Overweight,Medium,4.5,4.0
101698,Energy Balls,كرات الطاقة,Snack,International,Easy,Healthy Snack,Snack,13.0,0.0,13,4,7,2,124,4.4,16.5,4.7,1.2,1.7,9.1,42.0,0.0,0.8,26.0,1.1,0,1,Dairy|Gluten|Nuts,49.3,3.55,Low,Very Low,High Carb,Normal,Low,4.0,3.0
101699,Chocolate Protein Balls,كرات بروتين بالشوكولاتة,Snack,International,Easy,Post Workout,Snack,18.0,0.0,18,5,7,4,89,4.9,10.9,3.7,1.5,1.8,5.8,44.0,0.0,,22.0,0.9,0,1,Dairy|Gluten|Nuts,51.7,5.51,Low,Very Low,Mixed,Normal,Low,3.67,
101700,Apple Peanut Butter,تفاح مع زبدة فول سوداني,Snack,International,Very Easy,Balanced Snack,Snack,2.0,0.0,2,3,3,2,234,6.4,28.7,10.4,4.5,3.4,16.2,112.0,0.0,,23.0,0.5,0,1,Dairy|Nuts,43.6,2.74,Medium,Low,High Carb,Normal,Low,4.75,4.0
101701,Trail Mix,مكسرات وفواكه مجففة,Snack,International,Very Easy,Energy Boost,Snack,4.0,0.0,4,2,6,2,377,9.1,39.2,23.6,,5.6,18.0,82.0,0.0,,56.0,2.7,1,1,Nuts,45.2,2.41,Medium,Low,Mixed,Normal,Low,,8.0
101702,Strawberry Protein Smoothie,سموذي الفراولة والبروتين,Beverage,International,Very Easy,Muscle Gain / Post Workout,Anytime,4.0,0.0,4,1,6,4,247,24.3,36.4,3.7,1.1,,18.2,131.0,11.0,79.4,177.0,1.1,0,1,Dairy,57.6,9.84,Medium,Low,Mixed,Normal,Low,3.0,1.0
101703,Green Detox Smoothie,سموذي أخضر,Beverage,International,Very Easy,Detox / Weight Loss,Anytime,6.0,0.0,6,1,7,4,172,5.3,35.3,2.9,1.1,7.1,22.4,87.0,0.0,128.0,85.0,2.5,0,1,None,60.3,3.08,Medium,Very Low,High Carb,Overweight,Low,4.0,1.0
101704,Banana Peanut Butter Smoothie,سموذي الموز وزبدة الفول,Beverage,International,Very Easy,Pre Workout / Energy,Anytime,2.0,0.0,2,3,7,4,343,14.8,53.0,11.2,3.9,5.6,32.1,188.0,9.0,11.0,215.0,1.4,0,1,Dairy|Gluten|Nuts,49.6,4.31,High,Low,High Carb,Normal,Low,4.67,6.0
101705,Mango Turmeric Smoothie,سموذي المانجو والكركم,Beverage,International,Very Easy,Anti-Inflammatory,Anytime,4.0,0.0,4,1,7,2,254,7.8,44.7,3.8,1.4,3.4,36.5,117.0,5.0,49.0,173.0,0.9,0,1,Dairy|Nuts,52.1,3.07,High,Low,High Carb,Normal,Low,4.43,7.0
101706,Berry Antioxidant Smoothie,سموذي التوت المضاد للأكسدة,Beverage,International,Very Easy,Immunity Boost,Anytime,3.0,0.0,3,1,6,4,216,8.8,42.1,3.0,0.8,,29.4,91.0,5.0,46.2,142.0,1.0,0,1,Dairy|Nuts,58.1,4.07,High,Low,High Carb,Normal,Low,4.0,5.0
101707,Banana Nice Cream,آيس كريم الموز,Dessert,International,Very Easy,Healthy Dessert / Vegan,Dessert,6.0,0.0,6,1,2,2,113,1.9,28.8,0.5,0.2,,14.8,2.0,0.0,13.8,5.0,0.3,1,1,None,51.7,1.68,Medium,Very Low,High Carb,Normal,Low,4.5,6.0
101708,Chia Pudding,بودنج الشيا,Dessert/Snack,International,Very Easy,High Fiber / Omega 3,Snack,12.0,0.0,12,3,5,4,313,9.5,31.8,11.4,5.1,15.2,12.9,124.0,6.0,4.2,287.0,,0,1,Dairy|Nuts,55.6,3.04,Medium,Low,High Carb,Normal,Low,,6.0
101709,Baked Cinnamon Apples,تفاح مخبوز بالقرفة,Dessert,International,Very Easy,Healthy Dessert,Dessert,6.0,25.0,31,5,6,6,166,1.1,44.2,1.9,0.8,4.5,31.0,9.0,0.0,9.6,,0.5,0,1,Dairy|Gluten,49.5,0.66,High,Very Low,High Carb,Normal,Low,5.0,2.0
101710,Falafel Wrap,سندويتش فلافل,Main Course,Middle Eastern,Medium,Vegan / Protein,Dinner,25.0,18.0,43,9,11,2,500,19.5,61.1,15.7,4.0,11.9,3.3,688.0,0.0,13.1,113.0,6.3,1,1,Gluten,58.0,3.9,High,Moderate,High Carb,Normal,Medium,,5.0
101711,Tabbouleh Salad,سلطة التبولة,Salad,Middle Eastern,Easy,Light / Vegan,Lunch,17.0,0.0,17,6,9,2,191,5.4,27.3,6.4,2.2,6.5,4.5,,0.0,,57.0,3.3,1,1,Gluten,60.5,2.83,Medium,Very Low,High Carb,Normal,Medium,4.4,5.0
101712,Shakshuka,شكشوكة,Breakfast,Middle Eastern,Easy,Balanced,Breakfast,,22.0,27,6,11,2,288,16.0,19.2,16.8,6.4,4.7,8.7,3500.0,335.0,35.1,82.0,3.9,0,1,Eggs,49.2,5.56,Low,Low,Balanced Macro,Normal,Medium,3.75,4.0
101713,Meal Prep Chicken Rice,دجاج وأرز للميل بريب,Main Course,International,Easy,Muscle Gain / Meal Prep,Dinner,13.0,27.0,40,10,9,1,487,41.7,49.4,10.0,2.6,3.0,2.4,540.0,83.0,8.1,41.0,2.0,0,0,None,52.0,8.56,High,Moderate,High Protein,Normal,Medium,4.5,2.0
101714,Overnight Oats 5 Ways,شوفان بالليل 5 وصفات,Breakfast,International,Very Easy,Meal Prep / Healthy,Breakfast,10.0,0.0,10,3,6,2,374,14.5,53.0,9.3,2.9,,16.7,151.0,8.0,10.9,,2.7,0,1,Dairy|Gluten,57.4,3.88,High,Low,High Carb,Normal,Low,4.4,5.0
101715,Grilled Chicken Breast,صدر دجاج مشوي,Main Course,Mediterranean,Easy,High Protein / Weight Loss,Dinner,11.0,19.0,30,6,7,4,325,38.8,4.2,13.7,,0.6,1.2,421.0,107.0,,26.0,2.0,0,0,None,47.4,11.94,Low,Low,High Protein,Overweight,Low,4.14,7.0
101716,Egg White Omelette,عجة بياض البيض,Breakfast,International,Very Easy,High Protein / Low Cal,Breakfast,4.0,5.0,9,4,7,1,168,20.6,4.3,6.1,2.6,,1.8,320.0,9.0,,63.0,1.4,0,1,Eggs,52.0,12.26,Low,Very Low,High Protein,Normal,Low,4.5,4.0
101717,Tuna Salad Bowl,بول سلطة التونة,Salad,Mediterranean,Very Easy,Weight Loss,Lunch,8.0,0.0,8,5,7,2,163,27.5,7.7,6.5,1.8,2.7,5.1,587.0,37.0,24.9,40.0,2.3,0,0,Seafood,56.8,16.87,Low,Very Low,High Protein,Overweight,Low,4.0,
101718,Protein Pancakes,بانكيك البروتين,Breakfast,American,Very Easy,Muscle Gain,Breakfast,4.0,11.0,15,5,7,2,297,29.5,29.1,8.5,3.2,2.8,5.9,319.0,166.0,1.7,196.0,2.0,0,1,Dairy|Eggs|Gluten,52.8,9.93,Medium,Low,High Protein,Underweight,Low,4.0,8.0
101719,Greek Yogurt Parfait,بارفيه الزبادي اليوناني,Snack,International,Very Easy,Healthy Snack,Snack,6.0,0.0,6,4,6,2,296,23.6,39.3,7.3,2.0,4.0,18.6,85.0,14.0,17.1,335.0,1.4,0,1,Dairy,54.6,7.97,High,Low,Mixed,Normal,Low,4.25,4.0
101720,Chicken Vegetable Stir Fry,دجاج مقلي بالخضار,Main Course,Asian,Easy,Balanced,Dinner,18.0,17.0,35,9,9,4,350,38.4,30.2,13.2,3.3,4.2,5.9,627.0,73.0,50.7,61.0,,0,0,Nuts|Soy,56.6,10.97,Medium,Low,High Protein,Normal,Medium,3.8,
101721,Baked Salmon with Vegetables,سالمون مشوي بالخضار,Main Course,Western,Easy,Heart Health,Dinner,9.0,22.0,31,7,9,6,395,43.6,14.6,22.8,8.2,4.7,4.3,380.0,85.0,36.2,49.0,2.4,0,0,Seafood,52.0,11.04,Low,Low,High Protein,Normal,Medium,,8.0
101722,Turkey Lettuce Wraps,لفائف الخس بالديك الرومي,Light Meal,Asian,Easy,Keto / Low Carb,Dinner,12.0,8.0,20,7,8,1,250,26.7,7.5,10.0,3.1,2.1,3.1,543.0,66.0,15.0,32.0,1.8,0,0,Dairy|Nuts|Soy,50.6,10.68,Low,Low,High Protein,Overweight,Low,4.25,
101723,Boiled Eggs with Avocado,بيض مسلوق مع أفوكادو,Breakfast,International,Very Easy,Keto,Breakfast,2.0,8.0,10,5,6,2,276,15.6,9.7,25.5,8.8,6.0,0.8,270.0,423.0,9.8,47.0,1.7,0,1,Eggs,50.8,5.65,Low,Low,High Fat / Keto,Overweight,Low,4.67,3.0
101724,Shrimp Stir Fry,روبيان مقلي,Main Course,Asian,Easy,High Protein / Low Cal,Lunch,8.0,8.0,16,9,9,4,306,29.6,17.0,9.8,3.3,2.9,5.7,645.0,241.0,22.6,90.0,3.5,0,0,Nuts|Soy|Seafood,51.3,9.67,Low,Low,High Protein,Normal,Medium,,3.0
101725,Quinoa Buddha Bowl,بودا بول الكينوا,Main Course,International,Medium,Vegan / Balanced,Dinner,15.0,21.0,999,9,9,4,466,17.0,54.8,14.4,4.3,7.2,6.2,344.0,,48.9,112.0,,1,1,None,61.2,3.65,High,Moderate,High Carb,Normal,Medium,,
101726,Lentil Soup,شوربة العدس,Soup,Middle Eastern,Easy,High Fiber / Budget,Lunch,8.0,23.0,31,9,11,1,300,17.7,46.1,4.3,1.6,12.7,5.6,637.0,0.0,16.7,85.0,4.7,1,1,None,61.3,5.9,Medium,Low,High Carb,Normal,Medium,4.75,
101727,Veggie Omelette,عجة الخضار,Breakfast,International,Very Easy,Balanced,Breakfast,5.0,6.0,11,5,8,6,229,17.9,5.8,15.5,5.7,1.6,3.1,410.0,417.0,22.6,93.0,2.4,0,1,Eggs,47.3,7.82,Low,Low,High Protein,Normal,Low,4.67,3.0
101728,Hummus with Vegetables,حمص مع الخضار,Snack,Middle Eastern,Very Easy,Healthy Snack,Snack,10.0,0.0,10,7,9,4,184,9.1,20.9,10.9,2.8,5.3,2.8,303.0,0.0,,92.0,3.0,1,1,None,59.1,4.95,Medium,Very Low,Mixed,Normal,Medium,4.5,2.0
101729,Spinach Lentil Dal,عدس بالسبانخ,Main Course,Indian,Easy,High Iron / Vegan,Dinner,12.0,24.0,36,10,10,2,306,18.5,52.2,6.3,2.3,15.0,3.6,475.0,0.0,30.0,121.0,8.0,0,1,Dairy|Nuts,66.2,6.05,High,Low,High Carb,Normal,Medium,3.0,2.0
101730,Caprese Salad,سلطة كابريزي,Salad,Italian,Very Easy,Light / Healthy,Lunch,5.0,0.0,5,2,7,4,230,13.0,5.6,17.5,5.0,0.4,4.7,407.0,38.0,22.1,218.0,0.7,1,1,None,44.4,5.65,Low,Low,Mixed,Normal,Low,4.75,4.0
101731,Overnight Oats,شوفان بالليل,Breakfast,International,Very Easy,Sustained Energy,Breakfast,6.0,0.0,6,6,8,2,335,13.8,60.0,9.1,3.1,6.0,21.2,132.0,4.0,7.7,284.0,2.7,0,1,Dairy|Gluten|Nuts,53.0,4.12,High,Low,High Carb,Normal,Low,4.0,2.0
101732,Avocado Toast with Egg,توست الأفوكادو مع بيض,Breakfast,International,Very Easy,Balanced,Breakfast,6.0,6.0,12,7,8,2,357,17.4,30.0,22.9,,8.2,1.9,367.0,171.0,10.4,59.0,,0,1,Eggs|Gluten,55.2,4.87,Medium,Low,Mixed,Normal,Low,4.25,8.0
101733,Black Bean Tacos,تاكو الفول الأسود,Main Course,Mexican,Easy,Vegan / Budget,Dinner,10.0,11.0,21,7,10,1,349,16.8,55.6,9.3,4.1,15.9,4.3,638.0,0.0,15.9,130.0,4.6,1,1,None,57.9,4.81,High,Low,High Carb,Normal,Medium,4.25,8.0
101734,Mushroom Risotto,ريزوتو الفطر,Main Course,Italian,Medium,Comfort Food,Dinner,12.0,28.0,40,13,10,2,524,13.8,69.3,14.7,5.2,3.5,4.1,538.0,18.0,4.7,84.0,2.6,0,1,Dairy,45.7,2.63,High,Moderate,High Carb,Normal,Medium,4.5,6.0
101735,Chicken Vegetable Soup,شوربة الدجاج بالخضار,Soup,International,Easy,Immunity / Recovery,Lunch,,28.0,46,9,11,2,240,26.6,23.4,7.6,2.3,4.3,5.6,545.0,61.0,26.9,51.0,2.7,0,0,None,57.0,11.08,Medium,Low,High Protein,Normal,Medium,4.0,1.0
101736,Tomato Basil Soup,شوربة الطماطم والريحان,Soup,Italian,Easy,Light / Vegan,Lunch,9.0,23.0,32,7,9,1,172,4.9,29.0,6.7,2.5,4.8,15.6,521.0,0.0,28.0,53.0,1.7,0,1,Dairy,48.4,2.85,Medium,Very Low,High Carb,Normal,Medium,4.67,6.0
101737,Minestrone Soup,شوربة مينستروني,Soup,Italian,Easy,High Fiber / Balanced,Lunch,18.0,27.0,45,8,10,2,302,10.9,37.9,6.4,2.4,9.9,6.4,528.0,5.0,26.5,78.0,3.9,1,1,Gluten,60.1,3.61,Medium,Low,High Carb,Normal,Medium,4.6,5.0
101738,Beef Stir Fry,لحم مقلي,Main Course,Asian,Easy,Muscle Gain,Dinner,,11.0,29,9,10,4,451,35.0,24.4,17.2,,3.0,5.5,691.0,80.0,16.8,39.0,3.7,0,0,Nuts|Soy,43.5,,Medium,Moderate,High Protein,Underweight,Medium,4.25,4.0
101739,Lean Beef Rice Bowl,بول أرز باللحمة,Main Course,Asian Fusion,Easy,Muscle Gain / Bulking,Dinner,11.0,18.0,29,10,10,2,447,37.9,63.8,11.6,4.8,4.2,4.8,639.0,82.0,11.4,47.0,3.4,0,0,Nuts|Soy,50.0,,High,Moderate,Mixed,Underweight,Medium,,7.0
101740,Turkey Meatballs,كرات ديك رومي,Main Course,Italian,Easy,High Protein,Dinner,17.0,22.0,39,7,8,1,309,32.4,18.3,14.9,5.7,2.0,3.2,545.0,107.0,8.0,52.0,2.5,0,0,Eggs|Gluten,46.2,10.49,Medium,Low,High Protein,Normal,Low,,2.0
101741,Whole Wheat Pasta Turkey,مكرونة قمح بالديك الرومي,Main Course,Italian,Easy,Balanced,Dinner,9.0,19.0,28,12,9,2,492,40.9,57.5,9.9,3.0,5.8,6.3,696.0,75.0,18.3,90.0,4.1,0,0,Gluten,55.9,8.31,High,Moderate,Mixed,Normal,Medium,4.6,5.0
101742,Stuffed Bell Peppers,فلفل محشي,Main Course,Mediterranean,Medium,Balanced,Dinner,25.0,33.0,58,9,9,4,327,23.7,44.6,10.9,4.0,4.8,8.2,578.0,64.0,89.8,65.0,3.0,0,0,Dairy,54.5,7.25,High,Low,Mixed,Normal,Medium,3.56,9.0
101743,Chicken Shawarma Bowl,بول شاورما الدجاج,Main Course,Middle Eastern,Easy,High Protein,Dinner,24.0,11.0,35,8,9,2,504,40.8,43.3,13.7,3.6,5.2,3.4,497.0,96.0,15.6,52.0,3.2,0,0,None,56.1,8.1,High,Moderate,High Protein,Normal,Medium,4.67,3.0
101744,Salmon Teriyaki,سالمون تيرياكي,Main Course,Japanese,Easy,Omega 3 / Healthy,Dinner,11.0,19.0,30,9,9,2,348,37.0,22.8,14.5,3.8,1.0,11.5,517.0,80.0,4.8,35.0,1.3,0,0,Nuts|Soy|Seafood,42.2,10.63,Medium,Low,High Protein,Normal,Medium,4.0,3.0
101745,Chicken Tikka Masala,دجاج تيكا ماسالا,Main Course,Indian,Medium,Balanced,Dinner,17.0,26.0,43,13,11,4,451,35.1,29.6,17.3,7.5,3.2,6.2,656.0,101.0,14.6,87.0,,0,0,Dairy,43.5,7.78,Medium,Moderate,High Protein,Normal,Medium,,3.0
101746,Zucchini Noodles with Pesto,نودلز الكوسا بالبيستو,Main Course,Italian,Easy,Low Carb / Keto,Lunch,12.0,6.0,18,7,9,2,299,9.7,14.8,22.5,9.5,4.4,4.7,394.0,16.0,19.9,133.0,2.1,1,1,Nuts,44.3,3.24,Low,Low,Mixed,Overweight,Medium,,2.0
101747,Energy Balls,كرات الطاقة,Snack,International,Easy,Healthy Snack,Snack,12.0,0.0,12,3,7,2,118,3.7,15.1,5.4,2.2,,7.3,,0.0,1.0,33.0,1.1,0,1,Dairy|Gluten|Nuts,49.9,3.14,Low,Very Low,High Carb,Normal,Low,4.5,2.0
101748,Chocolate Protein Balls,كرات بروتين بالشوكولاتة,Snack,International,Easy,Post Workout,Snack,13.0,0.0,13,5,7,2,109,4.8,13.0,3.9,1.0,1.4,5.0,41.0,0.0,3.4,20.0,0.8,0,1,Dairy|Gluten|Nuts,51.5,,Low,Very Low,Mixed,Normal,Low,4.0,3.0
101749,Apple Peanut Butter,تفاح مع زبدة فول سوداني,Snack,International,Very Easy,Balanced Snack,Snack,2.0,0.0,2,4,3,2,232,5.8,27.2,10.6,4.6,4.7,21.4,136.0,0.0,8.4,19.0,0.5,0,1,Dairy|Nuts,43.7,2.5,Medium,Low,High Carb,Normal,Low,4.2,15.0
101750,Trail Mix,مكسرات وفواكه مجففة,Snack,International,Very Easy,Energy Boost,Snack,3.0,0.0,3,0,6,1,416,11.0,37.7,25.1,10.1,4.3,19.5,91.0,0.0,1.6,,2.5,1,1,Nuts,36.3,2.64,Medium,Moderate,Mixed,Normal,Low,4.0,1.0
101751,Strawberry Protein Smoothie,سموذي الفراولة والبروتين,Beverage,International,Very Easy,Muscle Gain / Post Workout,Anytime,3.0,0.0,3,4,6,2,269,28.0,39.0,4.4,1.3,4.3,21.0,5000.0,11.0,84.2,177.0,1.0,0,1,Dairy,57.7,10.41,Medium,Low,Mixed,Normal,Low,4.14,7.0
101752,Green Detox Smoothie,سموذي أخضر,Beverage,International,Very Easy,Detox / Weight Loss,Anytime,6.0,0.0,6,2,7,4,157,5.0,34.4,3.2,1.0,7.2,16.4,104.0,0.0,138.7,,2.2,0,1,None,62.1,3.18,Medium,Very Low,High Carb,Overweight,Low,4.0,3.0
101753,Banana Peanut Butter Smoothie,سموذي الموز وزبدة الفول,Beverage,International,Very Easy,Pre Workout / Energy,Anytime,4.0,0.0,4,4,7,6,329,15.3,48.5,12.5,4.5,5.3,33.6,186.0,9.0,12.5,198.0,1.4,0,1,Dairy|Gluten|Nuts,48.2,4.65,High,Low,High Carb,Normal,Low,4.33,6.0
101754,Mango Turmeric Smoothie,سموذي المانجو والكركم,Beverage,International,Very Easy,Anti-Inflammatory,Anytime,4.0,0.0,4,4,7,6,210,7.5,46.2,4.0,1.7,4.6,38.1,,4.0,53.0,219.0,,0,1,Dairy|Nuts,54.9,3.57,High,Low,High Carb,Normal,Low,7.0,4.0
101755,Berry Antioxidant Smoothie,سموذي التوت المضاد للأكسدة,Beverage,International,Very Easy,Immunity Boost,Anytime,4.0,0.0,4,1,6,1,249,7.4,40.8,3.2,1.3,4.9,24.3,77.0,6.0,39.4,128.0,1.1,0,1,Dairy|Nuts,54.3,2.97,High,Low,High Carb,Normal,Low,4.33,3.0
101756,Banana Nice Cream,آيس كريم الموز,Dessert,International,Very Easy,Healthy Dessert / Vegan,Dessert,6.0,0.0,6,3,2,6,136,2.2,25.5,0.5,0.2,3.1,16.0,2.0,0.0,13.2,6.0,0.3,1,1,None,50.2,1.62,Medium,Very Low,High Carb,Normal,Low,4.5,
101757,Chia Pudding,بودنج الشيا,Dessert/Snack,International,Very Easy,High Fiber / Omega 3,Snack,13.0,0.0,13,3,5,1,253,9.5,33.4,11.5,4.4,13.4,15.7,140.0,5.0,4.7,261.0,2.3,0,1,Dairy|Nuts,55.3,3.75,Medium,Low,High Carb,Normal,Low,,
101758,Baked Cinnamon Apples,تفاح مخبوز بالقرفة,Dessert,International,Very Easy,Healthy Dessert,Dessert,6.0,27.0,33,6,6,1,190,1.0,45.4,1.9,0.6,5.0,30.5,8.0,,9.3,21.0,0.6,0,1,Dairy|Gluten,50.7,0.53,High,Very Low,High Carb,Normal,Low,,5.0
101759,Falafel Wrap,سندويتش فلافل,Main Course,Middle Eastern,Medium,Vegan / Protein,Dinner,25.0,19.0,44,11,11,4,472,19.4,62.7,17.2,7.1,11.6,4.0,748.0,0.0,17.7,105.0,,1,1,Gluten,52.6,4.11,High,Moderate,High Carb,Normal,Medium,,4.0
101760,Tabbouleh Salad,سلطة التبولة,Salad,Middle Eastern,Easy,Light / Vegan,Lunch,15.0,0.0,15,6,9,2,178,4.7,27.6,7.6,2.1,6.0,4.2,397.0,0.0,34.6,61.0,3.3,1,1,Gluten,59.8,2.64,Medium,Very Low,High Carb,Normal,Medium,,5.0
101761,Shakshuka,شكشوكة,Breakfast,Middle Eastern,Easy,Balanced,Breakfast,5.0,14.0,19,8,11,4,268,16.5,18.1,14.9,6.2,4.6,9.5,665.0,386.0,26.4,76.0,,0,1,Eggs,46.9,6.16,Low,Low,Balanced Macro,Normal,Medium,4.75,4.0
101762,Meal Prep Chicken Rice,دجاج وأرز للميل بريب,Main Course,International,Easy,Muscle Gain / Meal Prep,Dinner,19.0,29.0,48,8,9,2,436,42.7,52.7,10.8,4.6,3.5,1.7,415.0,103.0,8.9,35.0,1.9,0,0,None,52.2,9.79,High,Moderate,High Protein,Normal,Medium,4.0,4.0
101763,Overnight Oats 5 Ways,شوفان بالليل 5 وصفات,Breakfast,International,Very Easy,Meal Prep / Healthy,Breakfast,10.0,0.0,10,4,6,1,401,13.0,49.4,8.1,3.0,7.8,17.7,160.0,,9.4,232.0,,0,1,Dairy|Gluten,56.0,3.24,High,Moderate,High Carb,Normal,Low,4.33,3.0
101764,Grilled Chicken Breast,صدر دجاج مشوي,Main Course,Mediterranean,Easy,High Protein / Weight Loss,Dinner,8.0,16.0,24,7,7,2,2500,36.7,4.0,14.1,4.7,0.5,1.3,445.0,92.0,12.7,22.0,1.8,0,0,None,46.6,,Low,Low,High Protein,Overweight,Low,4.67,3.0
101765,Egg White Omelette,عجة بياض البيض,Breakfast,International,Very Easy,High Protein / Low Cal,Breakfast,6.0,8.0,14,4,7,1,186,22.8,4.4,5.9,,,2.0,330.0,11.0,6.7,,1.4,0,1,Eggs,52.2,12.26,Low,Very Low,High Protein,Normal,Low,4.0,7.0
101766,Tuna Salad Bowl,بول سلطة التونة,Salad,Mediterranean,Very Easy,Weight Loss,Lunch,13.0,,13,3,7,4,218,29.6,8.4,6.4,2.5,3.4,4.5,490.0,42.0,28.5,39.0,2.0,0,0,Seafood,56.9,13.58,Low,Low,High Protein,Overweight,Low,4.0,3.0
101767,Protein Pancakes,بانكيك البروتين,Breakfast,American,Very Easy,Muscle Gain,Breakfast,4.0,13.0,17,8,7,6,290,27.5,27.2,8.0,2.4,2.5,5.5,239.0,170.0,2.2,192.0,1.9,0,1,Dairy|Eggs|Gluten,54.1,9.48,Medium,Low,High Protein,Underweight,Low,6.5,2.0
101768,Greek Yogurt Parfait,بارفيه الزبادي اليوناني,Snack,International,Very Easy,Healthy Snack,Snack,4.0,0.0,4,3,6,2,311,23.7,39.0,6.7,2.8,3.8,20.8,95.0,13.0,,275.0,,0,1,Dairy,51.2,,High,Low,Mixed,Normal,Low,4.25,8.0
101769,Chicken Vegetable Stir Fry,دجاج مقلي بالخضار,Main Course,Asian,Easy,Balanced,Dinner,16.0,11.0,27,9,9,2,337,35.4,25.3,11.9,4.9,4.7,6.0,,83.0,52.6,60.0,2.4,0,0,Nuts|Soy,53.3,10.5,Medium,Low,High Protein,Normal,Medium,3.0,3.0
101770,Baked Salmon with Vegetables,سالمون مشوي بالخضار,Main Course,Western,Easy,Heart Health,Dinner,12.0,21.0,33,9,9,4,371,43.6,14.4,21.5,7.3,3.2,4.6,,99.0,39.9,54.0,2.6,0,0,Seafood,51.0,11.75,Low,Low,High Protein,Normal,Medium,4.0,3.0
101771,Turkey Lettuce Wraps,لفائف الخس بالديك الرومي,Light Meal,Asian,Easy,Keto / Low Carb,Lunch,10.0,8.0,18,7,8,6,271,27.6,8.4,10.7,3.1,2.3,3.0,474.0,62.0,14.6,33.0,1.9,0,0,Dairy|Nuts|Soy,51.5,10.18,Low,Low,High Protein,Overweight,Low,4.5,2.0
101772,Boiled Eggs with Avocado,بيض مسلوق مع أفوكادو,Breakfast,International,Very Easy,Keto,Breakfast,3.0,10.0,13,5,6,2,307,15.3,9.2,24.1,6.2,6.6,0.8,310.0,317.0,8.3,53.0,,0,1,Eggs,55.2,4.98,Low,Low,Mixed,Overweight,Low,3.0,5.0
101773,Shrimp Stir Fry,روبيان مقلي,Main Course,Asian,Easy,High Protein / Low Cal,Lunch,,12.0,19,9,9,1,298,32.2,19.0,8.5,2.6,3.0,5.6,569.0,196.0,16.3,81.0,3.9,0,0,Nuts|Soy|Seafood,53.4,10.81,Medium,Low,High Protein,Normal,Medium,3.0,1.0
101774,Quinoa Buddha Bowl,بودا بول الكينوا,Main Course,International,Medium,Vegan / Balanced,Dinner,11.0,25.0,0,8,9,2,381,18.2,51.6,14.2,,9.9,6.3,291.0,0.0,55.7,114.0,4.5,1,1,None,62.8,4.78,High,Low,High Carb,Normal,Medium,2.0,3.0
101775,Lentil Soup,شوربة العدس,Soup,Middle Eastern,Easy,High Fiber / Budget,Lunch,9.0,34.0,43,11,11,1,268,18.3,42.4,3.7,1.5,10.5,5.2,,0.0,17.3,73.0,5.5,1,1,None,62.2,6.83,Medium,Low,High Carb,Normal,Medium,,9.0
101776,Veggie Omelette,عجة الخضار,Breakfast,International,Very Easy,Balanced,Breakfast,5.0,6.0,11,6,8,4,251,17.4,6.6,17.5,7.6,2.1,2.9,423.0,376.0,21.3,78.0,2.3,0,1,Eggs,44.6,6.93,Low,Low,High Protein,Normal,Low,,7.0
101777,Hummus with Vegetables,حمص مع الخضار,Snack,Middle Eastern,Very Easy,Healthy Snack,Snack,12.0,0.0,12,7,9,2,238,8.8,20.0,9.2,3.0,6.3,3.1,274.0,0.0,24.2,102.0,3.3,1,1,None,60.7,3.7,Low,Low,Mixed,Normal,Medium,4.33,3.0
101778,Spinach Lentil Dal,عدس بالسبانخ,Main Course,Indian,Easy,High Iron / Vegan,Dinner,10.0,30.0,40,7,10,4,285,18.1,48.6,5.5,,16.6,3.9,412.0,0.0,33.8,120.0,6.1,0,1,Dairy|Nuts,66.4,6.35,Medium,Low,High Carb,Normal,Medium,4.0,3.0
101779,Caprese Salad,سلطة كابريزي,Salad,Italian,Very Easy,Light / Healthy,Lunch,4.0,0.0,4,2,7,2,244,12.6,6.4,17.1,7.1,0.4,4.7,375.0,42.0,23.2,267.0,0.8,1,1,None,42.0,5.16,Low,Low,Mixed,Normal,Low,4.5,4.0
101780,Overnight Oats,شوفان بالليل,Breakfast,International,Very Easy,Sustained Energy,Breakfast,5.0,0.0,5,4,8,2,371,13.1,52.6,8.8,2.4,7.3,16.0,163.0,5.0,7.6,237.0,3.2,0,1,Dairy|Gluten|Nuts,57.9,3.53,High,Low,High Carb,Normal,Low,,
101781,Avocado Toast with Egg,توست الأفوكادو مع بيض,Breakfast,International,Very Easy,Balanced,Breakfast,4.0,4.0,8,5,8,2,325,14.6,30.0,21.2,6.9,9.1,2.2,463.0,,13.2,57.0,3.0,0,1,Eggs|Gluten,54.6,4.49,Medium,Low,Mixed,Normal,Low,4.25,4.0
101782,Black Bean Tacos,تاكو الفول الأسود,Main Course,Mexican,Easy,Vegan / Budget,Lunch,12.0,7.0,19,5,10,2,407,15.2,52.5,9.1,3.5,14.5,4.7,602.0,0.0,20.9,,5.0,1,1,None,58.9,3.73,High,Moderate,High Carb,Normal,Medium,3.73,11.0
101783,Mushroom Risotto,ريزوتو الفطر,Main Course,Italian,Medium,Comfort Food,Dinner,11.0,35.0,46,13,10,2,442,13.5,70.6,15.2,4.8,2.6,4.6,576.0,17.0,3.4,77.0,3.4,0,1,Dairy,44.3,3.05,High,Moderate,High Carb,Normal,Medium,4.5,2.0
101784,Chicken Vegetable Soup,شوربة الدجاج بالخضار,Soup,International,Easy,Immunity / Recovery,Lunch,19.0,30.0,49,10,11,1,264,25.8,21.9,6.4,2.0,4.7,4.8,547.0,63.0,32.5,60.0,2.8,0,0,None,58.7,9.77,Medium,Low,High Protein,Normal,Medium,4.5,4.0
101785,Tomato Basil Soup,شوربة الطماطم والريحان,Soup,Italian,Easy,Light / Vegan,Lunch,12.0,26.0,38,7,9,1,164,4.8,30.0,7.2,3.0,4.1,13.6,476.0,0.0,26.6,,,0,1,Dairy,47.9,2.93,Medium,Very Low,High Carb,Normal,Medium,3.75,4.0
101786,Minestrone Soup,شوربة مينستروني,Soup,Italian,Easy,High Fiber / Balanced,Lunch,17.0,28.0,45,8,10,1,266,13.0,43.6,6.5,2.9,10.8,5.6,535.0,4.0,27.4,78.0,3.7,1,1,Gluten,60.3,4.89,Medium,Low,High Carb,Normal,Medium,3.8,5.0
101787,Beef Stir Fry,لحم مقلي,Main Course,Asian,Easy,Muscle Gain,Dinner,13.0,13.0,26,8,10,4,462,37.5,27.9,18.8,7.7,3.3,4.2,664.0,84.0,13.3,40.0,4.3,0,0,Nuts|Soy,44.2,8.12,Medium,Moderate,High Protein,Underweight,Medium,3.33,3.0
101788,Lean Beef Rice Bowl,بول أرز باللحمة,Main Course,Asian Fusion,Easy,Muscle Gain / Bulking,Dinner,11.0,16.0,27,9,10,4,503,34.2,54.0,12.6,,4.1,4.0,624.0,79.0,,52.0,4.5,0,0,Nuts|Soy,48.7,6.8,High,Moderate,Mixed,Underweight,Medium,4.33,3.0
101789,Turkey Meatballs,كرات ديك رومي,Main Course,Italian,Easy,High Protein,Dinner,11.0,15.0,26,10,8,6,5,29.5,18.4,13.2,,2.0,2.8,414.0,109.0,7.5,64.0,2.4,0,0,Eggs|Gluten,46.5,8.26,Medium,Low,High Protein,Normal,Low,,6.0
101790,Whole Wheat Pasta Turkey,مكرونة قمح بالديك الرومي,Main Course,Italian,Easy,Balanced,Dinner,10.0,18.0,28,12,9,4,535,36.4,54.5,9.8,4.0,6.4,7.1,603.0,69.0,21.7,,3.8,0,0,Gluten,55.6,6.8,High,Moderate,Mixed,Normal,Medium,5.0,2.0
101791,Stuffed Bell Peppers,فلفل محشي,Main Course,Mediterranean,Medium,Balanced,Dinner,18.0,34.0,52,10,9,4,421,24.1,45.7,12.7,5.7,5.6,8.8,557.0,71.0,80.5,53.0,3.2,0,0,Dairy,52.7,5.72,High,Moderate,Mixed,Normal,Medium,4.5,2.0
101792,Chicken Shawarma Bowl,بول شاورما الدجاج,Main Course,Middle Eastern,Easy,High Protein,Dinner,14.0,18.0,32,7,9,2,459,37.1,43.7,14.2,5.0,5.8,3.9,630.0,85.0,,66.0,3.2,0,0,None,53.5,8.08,High,Moderate,Balanced Macro,Normal,Medium,5.0,2.0
101793,Salmon Teriyaki,سالمون تيرياكي,Main Course,Japanese,Easy,Omega 3 / Healthy,Dinner,10.0,,26,7,9,4,342,36.5,22.5,17.2,5.3,0.9,13.1,552.0,80.0,5.0,39.0,1.4,0,0,Nuts|Soy|Seafood,38.7,10.67,Medium,Low,High Protein,Normal,Medium,3.6,5.0
101794,Chicken Tikka Masala,دجاج تيكا ماسالا,Main Course,Indian,Medium,Balanced,Dinner,16.0,31.0,47,12,11,4,396,29.2,28.7,17.9,,3.1,5.3,578.0,97.0,13.9,91.0,3.2,0,0,Dairy,47.9,7.37,Medium,Low,Balanced Macro,Normal,Medium,4.4,5.0
101795,Zucchini Noodles with Pesto,نودلز الكوسا بالبيستو,Main Course,Italian,Easy,Low Carb / Keto,Lunch,9.0,5.0,14,6,9,2,241,10.4,14.5,24.0,10.8,3.7,4.8,338.0,13.0,20.4,121.0,1.8,1,1,Nuts,42.9,4.32,Low,Low,Mixed,Overweight,Medium,4.33,
101796,Energy Balls,كرات الطاقة,Snack,International,Easy,Healthy Snack,Snack,13.0,0.0,13,4,7,2,129,3.9,16.6,4.5,1.6,2.4,7.8,36.0,0.0,1.2,33.0,1.1,0,1,Dairy|Gluten|Nuts,50.7,3.02,Low,Very Low,High Carb,Normal,Low,4.67,3.0
101797,Chocolate Protein Balls,كرات بروتين بالشوكولاتة,Snack,International,Easy,Post Workout,Snack,14.0,0.0,14,6,7,2,87,4.9,11.2,4.1,1.8,1.4,6.5,40.0,0.0,3.1,22.0,,0,1,Dairy|Gluten|Nuts,50.1,,Low,Very Low,Mixed,Normal,Low,,3.0
101798,Apple Peanut Butter,تفاح مع زبدة فول سوداني,Snack,International,Very Easy,Balanced Snack,Snack,3.0,0.0,3,2,3,2,209,6.3,26.1,9.5,3.7,4.7,19.6,134.0,0.0,7.3,,0.5,0,1,Dairy|Nuts,45.4,3.01,Medium,Low,High Carb,Normal,Low,3.33,3.0
101799,Trail Mix,مكسرات وفواكه مجففة,Snack,International,Very Easy,Energy Boost,Snack,3.0,0.0,3,0,6,6,396,10.8,41.6,23.6,9.4,4.2,18.8,,0.0,2.0,,2.7,1,1,Nuts,37.5,2.73,High,Low,Mixed,Normal,Low,3.56,9.0
101800,Strawberry Protein Smoothie,سموذي الفراولة والبروتين,Beverage,International,Very Easy,Muscle Gain / Post Workout,Anytime,3.0,0.0,3,4,6,2,329,26.6,35.5,4.4,1.1,4.2,26.3,145.0,9.0,95.2,184.0,1.1,0,1,Dairy,56.7,8.09,Medium,Low,Mixed,Normal,Low,4.25,4.0
101801,Green Detox Smoothie,سموذي أخضر,Beverage,International,Very Easy,Detox / Weight Loss,Anytime,4.0,0.0,4,2,7,1,191,4.7,35.0,2.8,1.2,4.9,19.2,107.0,0.0,133.7,83.0,,0,1,None,55.7,2.46,Medium,Very Low,High Carb,Overweight,Low,3.5,4.0
101802,Banana Peanut Butter Smoothie,سموذي الموز وزبدة الفول,Beverage,International,Very Easy,Pre Workout / Energy,Anytime,3.0,0.0,3,1,7,2,411,15.1,48.5,12.7,4.8,4.2,24.8,180.0,9.0,14.1,,,0,1,Dairy|Gluten|Nuts,45.3,3.67,High,Moderate,High Carb,Normal,Low,4.0,5.0
101803,Mango Turmeric Smoothie,سموذي المانجو والكركم,Beverage,International,Very Easy,Anti-Inflammatory,Anytime,4.0,0.0,4,2,7,6,253,7.7,39.6,4.0,1.2,3.3,31.8,109.0,5.0,,171.0,0.9,0,1,Dairy|Nuts,52.4,3.04,High,Low,High Carb,Normal,Low,4.33,3.0
101804,Berry Antioxidant Smoothie,سموذي التوت المضاد للأكسدة,Beverage,International,Very Easy,Immunity Boost,Anytime,3.0,0.0,3,4,6,2,219,7.7,45.4,3.1,1.0,4.8,30.2,95.0,,46.1,,0.9,0,1,Dairy|Nuts,55.6,3.52,High,Low,High Carb,Normal,Low,3.67,3.0
101805,Banana Nice Cream,آيس كريم الموز,Dessert,International,Very Easy,Healthy Dessert / Vegan,Dessert,4.0,,4,4,2,1,121,1.9,26.4,0.5,0.2,3.5,15.9,2.0,0.0,,5.0,0.3,1,1,None,51.1,1.57,Medium,Very Low,High Carb,Normal,Low,3.75,4.0
101806,Chia Pudding,بودنج الشيا,Dessert/Snack,International,Very Easy,High Fiber / Omega 3,Snack,11.0,0.0,11,3,5,1,249,9.3,37.2,13.0,3.5,15.9,13.1,145.0,5.0,4.2,226.0,2.3,0,1,Dairy|Nuts,57.4,3.73,Medium,Low,High Carb,Normal,Low,4.67,3.0
101807,Baked Cinnamon Apples,تفاح مخبوز بالقرفة,Dessert,International,Very Easy,Healthy Dessert,Dessert,6.0,29.0,35,7,6,1,154,1.1,45.1,1.9,,4.5,26.6,,0.0,8.5,,0.4,0,1,Dairy|Gluten,49.6,0.71,High,Very Low,High Carb,Normal,Low,4.0,6.0
101808,Falafel Wrap,سندويتش فلافل,Main Course,Middle Eastern,Medium,Vegan / Protein,Dinner,19.0,17.0,36,9,11,4,471,18.2,64.8,14.9,6.1,14.2,4.4,612.0,0.0,12.7,118.0,6.8,1,1,Gluten,55.3,3.86,High,Moderate,High Carb,Normal,Medium,3.75,
101809,Tabbouleh Salad,سلطة التبولة,Salad,Middle Eastern,Easy,Light / Vegan,Lunch,17.0,0.0,17,4,9,2,193,5.5,25.2,6.7,2.9,5.6,4.0,423.0,0.0,36.8,60.0,3.3,1,1,Gluten,58.0,2.85,Medium,Very Low,High Carb,Normal,Medium,3.86,7.0
101810,Shakshuka,شكشوكة,Breakfast,Middle Eastern,Easy,Balanced,Breakfast,6.0,15.0,21,9,11,6,292,14.5,19.6,14.4,4.8,4.5,6.6,584.0,316.0,27.1,76.0,3.6,0,1,Eggs,50.4,4.97,Medium,Low,Balanced Macro,Normal,Medium,3.33,3.0
101811,Meal Prep Chicken Rice,دجاج وأرز للميل بريب,Main Course,International,Easy,Muscle Gain / Meal Prep,Dinner,16.0,28.0,44,10,9,1,443,39.8,48.0,9.5,3.0,2.9,2.0,514.0,94.0,9.1,38.0,2.0,0,0,None,51.9,8.98,High,Moderate,High Protein,Normal,Medium,4.29,7.0
101812,Overnight Oats 5 Ways,شوفان بالليل 5 وصفات,Breakfast,International,Very Easy,Meal Prep / Healthy,Breakfast,8.0,0.0,8,4,6,4,306,15.1,51.4,8.9,2.7,7.3,17.6,181.0,8.0,8.4,215.0,2.7,0,1,Dairy|Gluten,56.7,4.93,High,Low,High Carb,Normal,Low,4.43,7.0
101813,Grilled Chicken Breast,صدر دجاج مشوي,Main Course,Mediterranean,Easy,High Protein / Weight Loss,Dinner,9.0,19.0,28,9,7,1,347,40.7,4.0,12.8,3.4,0.5,1.0,361.0,104.0,13.7,25.0,1.6,0,0,None,50.1,11.73,Low,Low,High Protein,Overweight,Low,4.4,5.0
101814,Egg White Omelette,عجة بياض البيض,Breakfast,International,Very Easy,High Protein / Low Cal,Breakfast,5.0,6.0,11,6,7,1,189,21.0,3.9,6.4,2.3,1.0,1.9,291.0,10.0,8.5,51.0,1.6,0,1,Eggs,52.4,11.11,Low,Very Low,High Protein,Normal,Low,4.8,5.0
101815,Tuna Salad Bowl,بول سلطة التونة,Salad,Mediterranean,Very Easy,Weight Loss,Lunch,13.0,0.0,13,6,7,2,215,28.2,8.3,6.5,2.1,2.5,3.8,597.0,39.0,24.4,45.0,2.1,0,0,Seafood,54.5,13.12,Low,Low,High Protein,Overweight,Low,4.2,
101816,Protein Pancakes,بانكيك البروتين,Breakfast,American,Very Easy,Muscle Gain,Breakfast,4.0,13.0,17,5,7,2,326,31.4,25.7,7.3,3.2,2.2,5.0,273.0,199.0,2.0,167.0,2.3,0,1,Dairy|Eggs|Gluten,52.2,9.63,Medium,Low,High Protein,Underweight,Low,,5.0
101817,Greek Yogurt Parfait,بارفيه الزبادي اليوناني,Snack,International,Very Easy,Healthy Snack,Snack,5.0,0.0,5,3,6,2,306,23.6,37.5,7.2,2.5,3.3,17.5,85.0,15.0,15.3,326.0,1.4,0,1,Dairy,52.6,7.71,Medium,Low,Mixed,Normal,Low,4.6,5.0
101818,Chicken Vegetable Stir Fry,دجاج مقلي بالخضار,Main Course,Asian,Easy,Balanced,Dinner,15.0,17.0,32,9,9,2,435,38.2,28.7,12.9,4.8,3.7,7.1,647.0,78.0,45.1,,2.3,0,0,Nuts|Soy,50.9,8.78,Medium,Moderate,High Protein,Normal,Medium,-1.0,
101819,Baked Salmon with Vegetables,سالمون مشوي بالخضار,Main Course,Western,Easy,Heart Health,Dinner,11.0,19.0,30,8,9,2,453,38.3,13.4,20.4,8.3,3.9,5.2,350.0,,40.8,52.0,2.4,0,0,Seafood,49.3,8.45,Low,Moderate,High Protein,Normal,Medium,3.4,5.0
101820,Turkey Lettuce Wraps,لفائف الخس بالديك الرومي,Light Meal,Asian,Easy,Keto / Low Carb,Lunch,9.0,8.0,17,8,8,4,238,25.1,8.8,10.4,2.8,1.8,2.8,417.0,65.0,12.4,32.0,2.2,0,0,Dairy|Nuts|Soy,51.8,10.55,Low,Low,High Protein,Overweight,Low,4.67,
101821,Boiled Eggs with Avocado,بيض مسلوق مع أفوكادو,Breakfast,International,Very Easy,Keto,Breakfast,2.0,10.0,12,4,6,2,338,15.2,9.3,23.2,9.1,,0.8,301.0,367.0,9.1,46.0,1.9,0,1,Eggs,52.5,4.5,Low,Low,Mixed,Overweight,Low,,6.0
101822,Shrimp Stir Fry,روبيان مقلي,Main Course,Asian,Easy,High Protein / Low Cal,Dinner,9.0,13.0,22,8,9,4,264,34.4,19.6,8.3,3.4,2.5,4.7,681.0,223.0,20.3,85.0,3.9,0,0,Nuts|Soy|Seafood,52.1,13.03,Medium,Low,High Protein,Normal,Medium,4.33,3.0
101823,Quinoa Buddha Bowl,بودا بول الكينوا,Main Course,International,Medium,Vegan / Balanced,Dinner,17.0,22.0,39,11,50,2,387,16.6,53.5,13.1,4.4,7.2,8.3,331.0,0.0,,138.0,4.1,1,1,None,60.9,4.29,High,Low,High Carb,Normal,Medium,,3.0
101824,Lentil Soup,شوربة العدس,Soup,Middle Eastern,Easy,High Fiber / Budget,Lunch,8.0,25.0,33,12,11,2,265,18.5,47.1,4.0,1.2,12.0,5.5,592.0,0.0,17.9,84.0,6.0,1,1,None,63.7,6.98,High,Low,High Carb,Normal,Medium,4.6,
101825,Veggie Omelette,عجة الخضار,Breakfast,International,Very Easy,Balanced,Breakfast,5.0,6.0,11,4,8,6,239,18.2,6.5,17.3,5.2,1.5,3.5,416.0,326.0,18.0,103.0,2.5,0,1,Eggs,47.2,7.62,Low,Low,High Protein,Normal,Low,4.0,5.0
101826,Hummus with Vegetables,حمص مع الخضار,Snack,Middle Eastern,Very Easy,Healthy Snack,Snack,11.0,0.0,11,7,9,4,212,9.3,24.1,10.9,4.6,5.5,3.3,355.0,0.0,23.9,,3.1,1,1,None,56.0,4.39,Medium,Low,Mixed,Normal,Medium,3.67,3.0
101827,Spinach Lentil Dal,عدس بالسبانخ,Main Course,Indian,Easy,High Iron / Vegan,Dinner,10.0,25.0,35,9,10,1,295,17.8,48.1,5.5,1.4,15.7,4.5,457.0,0.0,,118.0,6.7,0,1,Dairy|Nuts,67.0,6.03,Medium,Low,High Carb,Normal,Medium,,6.0
101828,Caprese Salad,سلطة كابريزي,Salad,Italian,Very Easy,Light / Healthy,Lunch,6.0,0.0,6,5,7,1,246,11.6,5.6,17.6,6.4,0.4,3.3,427.0,46.0,21.1,221.0,0.7,1,1,None,42.3,4.72,Low,Low,High Fat / Keto,Normal,Low,3.71,7.0
101829,Overnight Oats,شوفان بالليل,Breakfast,International,Very Easy,Sustained Energy,Breakfast,5.0,0.0,5,5,8,2,353,14.6,58.6,8.4,,6.1,17.7,145.0,6.0,8.5,234.0,2.8,0,1,Dairy|Gluten|Nuts,54.7,4.14,High,Low,High Carb,Normal,Low,4.5,6.0
101830,Avocado Toast with Egg,توست الأفوكادو مع بيض,Breakfast,International,Very Easy,Balanced,Breakfast,4.0,6.0,10,5,8,4,368,16.5,28.3,21.9,6.7,7.2,2.3,473.0,210.0,11.1,,3.3,0,1,Eggs|Gluten,54.1,4.48,Medium,Low,Mixed,Normal,Low,4.33,6.0
101831,Black Bean Tacos,تاكو الفول الأسود,Main Course,Mexican,Easy,Vegan / Budget,Lunch,11.0,7.0,18,8,10,4,398,16.6,52.8,10.5,3.4,13.9,4.4,591.0,0.0,,121.0,5.5,1,1,None,59.7,4.17,High,Low,High Carb,Normal,Medium,4.2,15.0
101832,Mushroom Risotto,ريزوتو الفطر,Main Course,Italian,Medium,Comfort Food,Dinner,10.0,31.0,41,11,10,4,410,13.5,69.7,12.7,4.1,3.1,4.2,620.0,23.0,3.9,69.0,2.7,0,1,Dairy,45.8,3.29,High,Moderate,High Carb,Normal,Medium,,
101833,Chicken Vegetable Soup,شوربة الدجاج بالخضار,Soup,International,Easy,Immunity / Recovery,Lunch,15.0,44.0,59,11,11,2,269,30.6,21.7,6.3,2.1,4.2,4.4,584.0,76.0,25.0,,2.3,0,0,None,57.0,,Medium,Low,High Protein,Normal,Medium,3.8,5.0
101834,Tomato Basil Soup,شوربة الطماطم والريحان,Soup,Italian,Easy,Light / Vegan,Lunch,9.0,22.0,31,7,9,6,174,5.3,26.8,6.4,2.2,3.2,15.6,531.0,0.0,28.0,65.0,2.1,0,1,Dairy,46.0,3.05,Medium,Very Low,High Carb,Normal,Medium,4.2,15.0
101835,Minestrone Soup,شوربة مينستروني,Soup,Italian,Easy,High Fiber / Balanced,Lunch,14.0,35.0,49,11,10,4,313,13.1,40.6,7.5,3.0,9.8,5.8,612.0,5.0,27.5,85.0,3.7,1,1,Gluten,59.0,4.19,Medium,Low,High Carb,Normal,Medium,4.67,3.0
101836,Beef Stir Fry,لحم مقلي,Main Course,Asian,Easy,Muscle Gain,Dinner,16.0,16.0,32,10,10,2,367,33.6,25.1,19.1,7.2,3.6,4.6,770.0,97.0,17.1,50.0,4.1,0,0,Nuts|Soy,45.2,9.16,Medium,Low,High Protein,Underweight,Medium,3.83,6.0
101837,Lean Beef Rice Bowl,بول أرز باللحمة,Main Course,Asian Fusion,Easy,Muscle Gain / Bulking,Dinner,9.0,17.0,26,8,10,2,5,36.5,61.0,13.2,3.3,3.3,4.3,,88.0,10.7,48.0,3.4,0,0,Nuts|Soy,48.5,7.19,High,Moderate,Mixed,Underweight,Medium,4.0,
101838,Turkey Meatballs,كرات ديك رومي,Main Course,Italian,Easy,High Protein,Dinner,15.0,,33,7,8,2,366,31.0,18.8,15.2,4.8,,2.9,515.0,100.0,8.3,60.0,2.7,0,0,Eggs|Gluten,46.8,,Medium,Low,High Protein,Normal,Low,4.4,10.0
101839,Whole Wheat Pasta Turkey,مكرونة قمح بالديك الرومي,Main Course,Italian,Easy,Balanced,Dinner,7.0,29.0,36,12,9,4,468,36.6,58.5,10.5,3.7,5.3,5.8,612.0,76.0,20.0,80.0,3.9,0,0,Gluten,54.7,7.82,High,Moderate,Mixed,Normal,Medium,3.71,7.0
101840,Stuffed Bell Peppers,فلفل محشي,Main Course,Mediterranean,easy,Balanced,Dinner,23.0,37.0,60,11,9,4,426,26.4,45.3,11.3,4.0,5.3,8.0,487.0,59.0,90.5,65.0,2.8,0,0,Dairy,55.9,6.2,High,Moderate,Mixed,Normal,Medium,4.33,3.0
101841,Chicken Shawarma Bowl,بول شاورما الدجاج,Main Course,Middle Eastern,Easy,High Protein,Dinner,,,27,6,9,2,422,34.9,43.3,13.3,3.5,5.3,4.6,502.0,,,64.0,3.2,0,0,None,55.9,8.27,High,Moderate,Balanced Macro,Normal,Medium,4.75,4.0
101842,Salmon Teriyaki,سالمون تيرياكي,Main Course,Japanese,Easy,Omega 3 / Healthy,Dinner,8.0,14.0,22,8,9,1,440,35.9,26.3,17.4,7.7,1.0,11.8,574.0,85.0,,35.0,1.4,0,0,Nuts|Soy|Seafood,34.5,8.16,Medium,Moderate,High Protein,Normal,Medium,5.0,
101843,Chicken Tikka Masala,دجاج تيكا ماسالا,Main Course,Indian,Medium,Balanced,Dinner,15.0,28.0,43,13,11,2,434,34.0,29.1,16.9,4.9,3.3,6.5,512.0,83.0,12.3,83.0,3.8,0,0,Dairy,48.8,7.83,Medium,Moderate,High Protein,Normal,Medium,4.5,2.0
101844,Zucchini Noodles with Pesto,نودلز الكوسا بالبيستو,Main Course,Italian,Easy,Low Carb / Keto,Lunch,10.0,5.0,15,4,9,2,254,10.9,12.8,21.4,7.0,4.4,4.1,434.0,14.0,19.5,131.0,2.0,1,1,Nuts,48.3,4.29,Low,Low,Mixed,Overweight,Medium,4.67,3.0
101845,Energy Balls,كرات الطاقة,Snack,International,Easy,Healthy Snack,Snack,12.0,0.0,12,3,7,1,128,3.9,17.6,5.2,1.8,1.8,9.0,40.0,0.0,1.0,33.0,1.1,0,1,Dairy|Gluten|Nuts,48.5,3.05,Medium,Very Low,High Carb,Normal,Low,4.33,3.0
101846,Chocolate Protein Balls,كرات بروتين بالشوكولاتة,Snack,International,Easy,Post Workout,Snack,11.0,0.0,11,4,7,1,86,4.8,11.8,3.9,,1.5,5.2,36.0,0.0,2.6,20.0,0.8,0,1,Dairy|Gluten|Nuts,51.6,5.58,Low,Very Low,Mixed,Normal,Low,4.0,2.0
101847,Apple Peanut Butter,تفاح مع زبدة فول سوداني,Snack,International,Very Easy,Balanced Snack,Snack,2.0,0.0,2,3,3,2,226,6.5,29.2,10.9,3.4,3.7,18.7,136.0,0.0,7.3,19.0,0.5,0,1,Dairy|Nuts,44.2,2.88,Medium,Low,High Carb,Normal,Low,,4.0
101848,Trail Mix,مكسرات وفواكه مجففة,Snack,International,Very Easy,Energy Boost,Snack,4.0,0.0,4,2,6,4,417,9.0,36.2,26.2,10.5,,23.0,91.0,0.0,1.6,52.0,2.6,1,1,Nuts,35.7,2.16,Medium,Moderate,Mixed,Normal,Low,4.5,
101849,Strawberry Protein Smoothie,سموذي الفراولة والبروتين,Beverage,International,Very Easy,Muscle Gain / Post Workout,Anytime,3.0,0.0,3,3,6,1,313,24.0,39.4,3.9,1.2,,24.2,,9.0,85.1,,1.3,0,1,Dairy,57.5,7.67,Medium,Low,Mixed,Normal,Low,,5.0
101850,Green Detox Smoothie,سموذي أخضر,Beverage,International,Very Easy,Detox / Weight Loss,Anytime,6.0,0.0,6,3,7,2,178,5.4,34.4,3.1,1.0,5.4,21.6,98.0,0.0,125.7,,2.7,0,1,None,57.1,3.03,Medium,Very Low,High Carb,Overweight,Low,4.0,1.0
101851,Banana Peanut Butter Smoothie,سموذي الموز وزبدة الفول,Beverage,International,Very Easy,Pre Workout / Energy,Anytime,3.0,0.0,3,4,7,4,363,13.5,48.6,11.6,3.0,5.3,30.4,191.0,,11.2,175.0,1.4,0,1,Dairy|Gluten|Nuts,49.6,3.72,High,Low,High Carb,Normal,Low,,4.0
101852,Mango Turmeric Smoothie,سموذي المانجو والكركم,Beverage,International,Very Easy,Anti-Inflammatory,Anytime,6.0,0.0,6,3,7,4,242,8.0,42.7,4.2,1.6,3.4,29.8,132.0,5.0,,184.0,0.7,0,1,Dairy|Nuts,51.9,3.31,High,Low,High Carb,Normal,Low,4.8,5.0
101853,Berry Antioxidant Smoothie,سموذي التوت المضاد للأكسدة,Beverage,International,Very Easy,Immunity Boost,Anytime,3.0,0.0,3,3,6,2,225,7.8,38.8,2.9,0.8,6.9,23.2,82.0,5.0,38.0,155.0,,0,1,Dairy|Nuts,59.3,3.47,Medium,Low,High Carb,Normal,Low,4.38,8.0
101854,Banana Nice Cream,آيس كريم الموز,Dessert,International,Very Easy,Healthy Dessert / Vegan,Dessert,6.0,0.0,6,4,2,2,125,2.0,28.4,0.5,0.2,3.5,16.4,2.0,0.0,14.4,6.0,0.3,1,1,None,50.9,1.6,Medium,Very Low,High Carb,Normal,Low,4.5,
101855,Chia Pudding,بودنج الشيا,Dessert/Snack,International,Very Easy,High Fiber / Omega 3,Snack,8.0,0.0,8,2,5,1,243,9.3,34.9,11.4,3.8,12.3,16.5,154.0,4.0,3.2,222.0,2.5,0,1,Dairy|Nuts,55.2,3.83,Medium,Low,High Carb,Normal,Low,3.8,5.0
101856,Baked Cinnamon Apples,تفاح مخبوز بالقرفة,Dessert,International,Very Easy,Healthy Dessert,Dessert,4.0,32.0,36,6,6,4,159,1.0,46.0,2.1,0.6,4.2,36.2,9.0,0.0,7.6,20.0,0.4,0,1,Dairy|Gluten,48.9,0.63,High,Very Low,High Carb,Normal,Low,3.83,6.0
101857,Falafel Wrap,سندويتش فلافل,Main Course,Middle Eastern,Medium,Vegan / Protein,Dinner,17.0,17.0,34,9,11,6,435,17.7,58.4,16.8,6.7,12.0,3.8,705.0,0.0,17.0,128.0,5.5,1,1,Gluten,53.8,4.07,High,Moderate,High Carb,Normal,Medium,4.0,
101858,Tabbouleh Salad,سلطة التبولة,Salad,Middle Eastern,Easy,Light / Vegan,Lunch,19.0,0.0,19,4,9,2,164,4.7,25.9,7.4,2.1,5.2,3.9,422.0,0.0,33.3,61.0,3.2,1,1,Gluten,58.1,,Medium,Very Low,High Carb,Normal,Medium,-1.0,6.0
101859,Shakshuka,شكشوكة,Breakfast,Middle Eastern,Easy,Balanced,Breakfast,5.0,26.0,31,6,11,2,308,16.1,18.7,15.8,4.3,4.5,8.7,594.0,339.0,31.8,84.0,3.0,0,1,Eggs,50.4,5.23,Low,Low,Balanced Macro,Normal,Medium,4.5,2.0
101860,Meal Prep Chicken Rice,دجاج وأرز للميل بريب,Main Course,International,Easy,Muscle Gain / Meal Prep,Dinner,14.0,21.0,35,8,9,4,450,38.5,47.9,10.2,3.6,3.4,1.8,,94.0,6.9,45.0,1.9,0,0,None,52.2,8.56,High,Moderate,Balanced Macro,Normal,Medium,4.29,7.0
101861,Overnight Oats 5 Ways,شوفان بالليل 5 وصفات,Breakfast,International,Very Easy,Meal Prep / Healthy,Breakfast,13.0,0.0,13,5,6,2,299,13.2,53.9,9.2,2.6,7.6,19.2,165.0,,8.8,257.0,2.6,0,1,Dairy|Gluten,56.8,4.41,High,Low,High Carb,Normal,Low,3.75,4.0
101862,Grilled Chicken Breast,صدر دجاج مشوي,Main Course,Mediterranean,Easy,High Protein / Weight Loss,Dinner,11.0,15.0,26,8,7,4,332,35.2,4.2,15.3,,0.5,1.2,369.0,94.0,,27.0,1.6,0,0,None,44.3,10.6,Low,Low,High Protein,Overweight,Low,,4.0
101863,Egg White Omelette,عجة بياض البيض,Breakfast,International,Very Easy,High Protein / Low Cal,Breakfast,6.0,7.0,13,5,7,1,171,21.0,4.3,5.8,1.9,1.0,1.7,277.0,9.0,6.8,62.0,1.5,0,1,Eggs,53.7,12.28,Low,Very Low,High Protein,Normal,Low,4.5,2.0
101864,Tuna Salad Bowl,بول سلطة التونة,Salad,Mediterranean,Very Easy,Weight Loss,Lunch,13.0,0.0,13,5,7,2,176,29.3,7.9,6.8,3.0,2.9,4.2,521.0,43.0,25.6,44.0,2.2,0,0,Seafood,56.4,16.65,Low,Very Low,High Protein,Overweight,Low,4.5,2.0
101865,Protein Pancakes,بانكيك البروتين,Breakfast,American,Very Easy,Muscle Gain,Breakfast,4.0,10.0,14,5,7,1,326,28.6,29.6,7.5,1.9,2.9,6.8,300.0,214.0,2.0,177.0,2.1,0,1,Dairy|Eggs|Gluten,54.0,8.77,Medium,Low,High Protein,Underweight,Low,4.6,5.0
101866,Greek Yogurt Parfait,بارفيه الزبادي اليوناني,Snack,International,Very Easy,Healthy Snack,Snack,4.0,0.0,4,4,6,1,329,22.4,34.9,6.8,2.8,3.3,19.2,93.0,16.0,14.3,256.0,1.3,0,1,Dairy,49.9,6.81,Medium,Low,Mixed,Normal,Low,4.3,
101867,Chicken Vegetable Stir Fry,دجاج مقلي بالخضار,Main Course,Asian,Easy,Balanced,Dinner,17.0,15.0,32,8,9,1,341,34.7,27.5,11.1,4.4,4.7,7.3,662.0,76.0,52.2,67.0,,0,0,Nuts|Soy,54.7,10.18,Medium,Low,High Protein,Normal,Medium,4.4,5.0
101868,Baked Salmon with Vegetables,سالمون مشوي بالخضار,Main Course,Western,Easy,Heart Health,Dinner,8.0,16.0,24,10,9,1,476,37.3,14.7,22.3,7.5,3.9,5.7,372.0,103.0,40.1,57.0,2.4,0,0,Seafood,49.7,7.84,Low,Moderate,High Protein,Normal,Medium,3.8,5.0
101869,Turkey Lettuce Wraps,لفائف الخس بالديك الرومي,Light Meal,Asian,Easy,Keto / Low Carb,Dinner,9.0,12.0,21,8,8,4,237,23.9,8.2,9.9,3.0,1.9,3.4,489.0,60.0,13.6,38.0,1.8,0,0,Dairy|Nuts|Soy,50.4,10.08,Low,Low,High Protein,Overweight,Low,3.4,5.0
101870,Boiled Eggs with Avocado,بيض مسلوق مع أفوكادو,Breakfast,International,Very Easy,Keto,Breakfast,2.0,10.0,12,3,6,2,296,16.3,9.2,25.2,7.1,6.1,1.0,347.0,374.0,10.0,51.0,1.7,0,1,Eggs,52.7,5.51,Low,Low,Mixed,Overweight,Low,4.0,3.0
101871,Shrimp Stir Fry,روبيان مقلي,Main Course,Asian,Easy,High Protein / Low Cal,Dinner,13.0,12.0,25,6,9,4,332,29.7,18.3,8.4,2.7,3.4,4.8,576.0,216.0,,99.0,3.8,0,0,Nuts|Soy|Seafood,53.8,8.95,Low,Low,High Protein,Normal,Medium,4.67,3.0
101872,Quinoa Buddha Bowl,بودا بول الكينوا,Main Course,International,Medium,Vegan / Balanced,Dinner,19.0,14.0,33,10,9,2,434,17.9,57.6,12.7,4.4,7.0,7.2,295.0,0.0,,,4.2,1,1,None,61.1,4.12,High,Moderate,High Carb,Normal,Medium,3.33,3.0
101873,Lentil Soup,شوربة العدس,Soup,Middle Eastern,Easy,High Fiber / Budget,Lunch,8.0,31.0,39,12,11,2,309,18.9,43.5,4.1,1.3,14.3,5.1,541.0,0.0,12.9,73.0,4.7,1,1,None,62.5,6.12,Medium,Low,High Carb,Normal,Medium,4.5,4.0
101874,Veggie Omelette,عجة الخضار,Breakfast,International,Very Easy,Balanced,Breakfast,4.0,6.0,10,4,8,1,251,18.8,5.8,14.6,5.3,1.5,3.5,398.0,335.0,20.6,78.0,,0,1,Eggs,46.9,7.49,Low,Low,High Protein,Normal,Low,4.2,5.0
101875,Hummus with Vegetables,حمص مع الخضار,Snack,Middle Eastern,Very Easy,Healthy Snack,Snack,10.0,0.0,10,7,9,2,224,8.5,23.2,9.5,4.0,6.1,2.9,302.0,0.0,25.2,102.0,3.6,1,1,None,59.0,3.79,Medium,Low,Mixed,Normal,Medium,,4.0
101876,Spinach Lentil Dal,عدس بالسبانخ,Main Course,Indian,Easy,High Iron / Vegan,Dinner,10.0,22.0,32,7,10,6,347,19.2,45.2,5.7,2.1,14.6,4.8,426.0,0.0,25.9,129.0,7.3,0,1,Dairy|Nuts,65.5,5.53,Medium,Low,High Carb,Normal,Medium,3.0,3.0
101877,Caprese Salad,سلطة كابريزي,Salad,Italian,Very Easy,Light / Healthy,Lunch,6.0,0.0,6,2,7,6,234,11.2,6.3,15.2,4.0,,3.2,337.0,44.0,16.8,273.0,0.8,1,1,None,47.0,4.79,Low,Low,Mixed,Normal,Low,2.67,3.0
101878,Overnight Oats,شوفان بالليل,Breakfast,International,Very Easy,Sustained Energy,Breakfast,5.0,0.0,5,4,8,4,418,13.7,57.4,8.2,,6.4,19.5,167.0,5.0,9.5,246.0,3.3,0,1,Dairy|Gluten|Nuts,54.3,3.28,High,Moderate,High Carb,Normal,Low,2.33,3.0
101879,Avocado Toast with Egg,توست الأفوكادو مع بيض,Breakfast,International,Very Easy,Balanced,Breakfast,5.0,5.0,10,5,8,1,380,16.8,28.1,22.8,9.7,6.4,1.9,405.0,184.0,14.1,58.0,2.9,0,1,Eggs|Gluten,48.9,4.42,Medium,Low,Mixed,Normal,Low,4.0,3.0
101880,Black Bean Tacos,تاكو الفول الأسود,Main Course,Mexican,Easy,Vegan / Budget,Dinner,11.0,9.0,20,6,10,2,345,15.7,56.9,9.8,4.1,16.5,4.3,518.0,0.0,21.4,113.0,5.5,1,1,None,59.8,4.55,High,Low,High Carb,Normal,Medium,4.14,7.0
101881,Mushroom Risotto,ريزوتو الفطر,Main Course,Italian,Medium,Comfort Food,Dinner,8.0,35.0,43,11,10,4,550,13.5,71.0,14.4,4.6,3.5,4.1,3500.0,20.0,4.6,87.0,3.0,0,1,Dairy,47.1,,High,Moderate,High Carb,Normal,Medium,3.83,6.0
101882,Chicken Vegetable Soup,شوربة الدجاج بالخضار,Soup,International,Easy,Immunity / Recovery,Lunch,,45.0,63,10,11,1,257,26.8,21.7,7.7,2.4,4.2,4.1,604.0,,24.8,56.0,2.3,0,0,None,56.1,10.43,Medium,Low,High Protein,Normal,Medium,3.5,2.0
101883,Tomato Basil Soup,شوربة الطماطم والريحان,Soup,Italian,Easy,Light / Vegan,Lunch,12.0,23.0,35,7,9,4,163,5.0,28.1,6.9,2.3,3.6,14.7,516.0,0.0,34.6,53.0,2.2,0,1,Dairy,47.9,3.07,Medium,Very Low,High Carb,Normal,Medium,1.0,1.0
101884,Minestrone Soup,شوربة مينستروني,Soup,Italian,Easy,High Fiber / Balanced,Lunch,14.0,31.0,45,9,10,4,253,12.9,45.1,7.3,2.5,10.3,7.1,604.0,6.0,30.0,86.0,3.9,1,1,Gluten,60.0,5.1,Medium,Low,High Carb,Normal,Medium,,3.0
101885,Beef Stir Fry,لحم مقلي,Main Course,Asian,Easy,Muscle Gain,Dinner,14.0,19.0,33,10,10,4,371,36.2,26.9,19.0,7.4,3.8,5.4,876.0,102.0,18.0,47.0,,0,0,Nuts|Soy,43.9,9.76,Medium,Low,High Protein,Underweight,Medium,4.5,2.0
101886,Lean Beef Rice Bowl,بول أرز باللحمة,Main Course,Asian Fusion,Easy,Muscle Gain / Bulking,Dinner,10.0,24.0,34,9,10,2,512,34.4,58.7,11.9,3.4,4.0,4.4,726.0,82.0,9.1,54.0,4.3,0,0,Nuts|Soy,50.4,6.72,High,Moderate,Mixed,Underweight,Medium,4.0,6.0
101887,Turkey Meatballs,كرات ديك رومي,Main Course,Italian,Easy,High Protein,Dinner,,17.0,34,9,8,2,303,33.6,16.2,15.2,5.4,2.4,2.9,458.0,91.0,,61.0,2.2,0,0,Eggs|Gluten,48.6,11.09,Low,Low,High Protein,Normal,Low,3.0,2.0
101888,Whole Wheat Pasta Turkey,مكرونة قمح بالديك الرومي,Main Course,Italian,Easy,Balanced,Dinner,8.0,20.0,28,11,9,4,420,40.0,51.0,9.5,3.8,6.2,5.7,718.0,83.0,16.1,92.0,4.1,0,0,Gluten,56.0,9.52,High,Moderate,Mixed,Normal,Medium,3.0,3.0
101889,Stuffed Bell Peppers,فلفل محشي,Main Course,Mediterranean,Medium,Balanced,Dinner,16.0,40.0,56,11,9,6,364,22.1,44.8,12.0,3.5,6.5,8.5,456.0,63.0,81.2,58.0,3.4,0,0,Dairy,59.3,6.07,High,Low,Mixed,Normal,Medium,5.0,1.0
101890,Chicken Shawarma Bowl,بول شاورما الدجاج,Main Course,Middle Eastern,Easy,High Protein,Dinner,24.0,15.0,39,8,9,1,435,39.4,42.2,15.0,4.4,5.1,3.5,4200.0,102.0,16.0,58.0,2.6,0,0,None,53.9,9.06,High,Moderate,High Protein,Normal,Medium,4.5,2.0
101891,Salmon Teriyaki,سالمون تيرياكي,Main Course,Japanese,Easy,Omega 3 / Healthy,Dinner,,13.0,25,9,9,1,431,34.5,21.8,15.9,5.6,1.1,14.2,519.0,78.0,5.7,37.0,1.7,0,0,Nuts|Soy|Seafood,37.3,8.0,Medium,Moderate,High Protein,Normal,Medium,3.8,5.0
101892,Chicken Tikka Masala,دجاج تيكا ماسالا,Main Course,Indian,Medium,Balanced,Dinner,14.0,38.0,52,11,11,2,437,31.6,30.8,17.1,4.8,3.2,5.3,667.0,83.0,14.3,72.0,3.8,0,0,Dairy,47.5,7.23,Medium,Moderate,Balanced Macro,Normal,Medium,4.75,8.0
101893,Zucchini Noodles with Pesto,نودلز الكوسا بالبيستو,Main Course,Italian,Easy,Low Carb / Keto,Lunch,13.0,6.0,19,6,9,4,268,9.6,12.8,23.1,7.5,4.1,4.7,393.0,16.0,20.1,121.0,1.7,1,1,Nuts,46.5,3.58,Low,Low,High Fat / Keto,Overweight,Medium,4.25,4.0
101894,Energy Balls,كرات الطاقة,Snack,International,Easy,Healthy Snack,Snack,11.0,0.0,11,4,7,2,129,4.2,16.9,4.7,2.0,1.9,6.4,39.0,,1.0,34.0,1.1,0,1,Dairy|Gluten|Nuts,49.8,3.26,Low,Very Low,High Carb,Normal,Low,,4.0
101895,Chocolate Protein Balls,كرات بروتين بالشوكولاتة,Snack,International,Easy,Post Workout,Snack,19.0,0.0,19,3,7,2,106,4.8,13.1,3.9,1.1,,6.1,37.0,0.0,2.6,,0.7,0,1,Dairy|Gluten|Nuts,51.2,4.53,Low,Very Low,High Carb,Normal,Low,4.5,8.0
101896,Apple Peanut Butter,تفاح مع زبدة فول سوداني,Snack,International,Very Easy,Balanced Snack,Snack,2.0,0.0,2,1,3,4,210,6.3,29.9,9.0,2.3,3.3,14.9,135.0,,6.5,19.0,0.6,0,1,Dairy|Nuts,47.0,3.0,Medium,Low,High Carb,Normal,Low,6.5,5.0
101897,Trail Mix,مكسرات وفواكه مجففة,Snack,International,Very Easy,Energy Boost,Snack,3.0,0.0,3,2,6,2,372,9.2,38.3,22.7,8.8,4.4,17.6,71.0,0.0,1.7,,2.8,1,1,Nuts,39.6,2.47,Medium,Low,Mixed,Normal,Low,4.0,2.0
101898,Strawberry Protein Smoothie,سموذي الفراولة والبروتين,Beverage,International,Very Easy,Muscle Gain / Post Workout,Anytime,2.0,0.0,2,3,6,4,312,26.4,35.4,4.3,1.8,3.5,26.0,146.0,,97.7,203.0,,0,1,Dairy,54.7,8.46,Medium,Low,Mixed,Normal,Low,4.0,4.0
101899,Green Detox Smoothie,سموذي أخضر,Beverage,International,Very Easy,Detox / Weight Loss,Anytime,6.0,0.0,6,2,7,2,186,4.7,41.5,3.2,1.0,6.6,19.8,92.0,0.0,,91.0,2.7,0,1,None,59.4,2.53,Medium,Very Low,High Carb,Overweight,Low,4.0,3.0
101900,Banana Peanut Butter Smoothie,سموذي الموز وزبدة الفول,Beverage,International,Very Easy,Pre Workout / Energy,Anytime,3.0,0.0,3,4,7,4,378,14.3,55.3,12.7,4.6,4.5,25.0,205.0,9.0,,186.0,,0,1,Dairy|Gluten|Nuts,45.9,3.78,High,Low,High Carb,Normal,Low,4.67,3.0
101901,Mango Turmeric Smoothie,سموذي المانجو والكركم,Beverage,International,Very Easy,Anti-Inflammatory,Anytime,5.0,0.0,5,1,7,6,257,7.2,41.6,3.6,1.6,3.9,28.9,105.0,5.0,56.0,173.0,0.9,0,1,Dairy|Nuts,52.9,2.8,High,Low,High Carb,Normal,Low,3.5,2.0
101902,Berry Antioxidant Smoothie,سموذي التوت المضاد للأكسدة,Beverage,International,Very Easy,Immunity Boost,Anytime,2.0,0.0,2,3,6,6,231,7.7,38.0,2.9,1.0,6.1,32.6,89.0,5.0,43.1,153.0,1.1,0,1,Dairy|Nuts,57.9,3.33,Medium,Low,High Carb,Normal,Low,4.29,7.0
101903,Banana Nice Cream,آيس كريم الموز,Dessert,International,Very Easy,Healthy Dessert / Vegan,Dessert,5.0,0.0,5,3,2,1,136,2.1,25.3,0.5,,2.7,15.3,2.0,0.0,11.9,7.0,0.3,1,1,None,49.6,1.54,Medium,Very Low,High Carb,Normal,Low,5.0,1.0
101904,Chia Pudding,بودنج الشيا,Dessert/Snack,International,Very Easy,High Fiber / Omega 3,Snack,8.0,0.0,8,2,5,2,275,9.4,33.2,10.9,4.6,12.8,18.4,139.0,5.0,3.5,260.0,2.4,0,1,Dairy|Nuts,53.4,3.42,Medium,Low,High Carb,Normal,Low,4.5,2.0
101905,Baked Cinnamon Apples,تفاح مخبوز بالقرفة,Dessert,International,Very Easy,Healthy Dessert,Dessert,6.0,25.0,31,5,6,1,153,0.9,39.9,1.9,0.7,4.8,27.4,8.0,0.0,7.3,20.0,0.4,0,1,Dairy|Gluten,49.9,0.59,High,Very Low,High Carb,Normal,Low,5.0,2.0
101906,Falafel Wrap,سندويتش فلافل,Main Course,Middle Eastern,Medium,Vegan / Protein,Dinner,17.0,13.0,30,10,11,4,470,17.6,62.3,15.9,,10.3,4.5,691.0,0.0,15.7,102.0,6.8,1,1,Gluten,54.1,3.74,High,Moderate,High Carb,Normal,Medium,4.0,3.0
101907,Tabbouleh Salad,سلطة التبولة,Salad,Middle Eastern,Easy,Light / Vegan,Lunch,14.0,0.0,14,4,9,2,166,4.9,29.3,7.5,2.6,5.8,4.0,384.0,0.0,33.5,56.0,3.3,1,1,Gluten,58.9,2.95,Medium,Very Low,High Carb,Normal,Medium,4.5,2.0
101908,Shakshuka,شكشوكة,Breakfast,Middle Eastern,Easy,Balanced,Breakfast,4.0,21.0,25,9,11,6,276,15.5,18.8,15.0,6.3,4.6,7.8,574.0,324.0,27.7,88.0,3.4,0,1,Eggs,48.3,5.62,Low,Low,Balanced Macro,Normal,Medium,3.5,4.0
101909,Meal Prep Chicken Rice,دجاج وأرز للميل بريب,Main Course,International,Easy,Muscle Gain / Meal Prep,Dinner,11.0,25.0,36,7,9,4,510,39.8,46.9,10.6,,2.4,1.8,507.0,100.0,6.5,44.0,2.1,0,0,None,49.3,7.8,High,Moderate,High Protein,Normal,Medium,,6.0
101910,Overnight Oats 5 Ways,شوفان بالليل 5 وصفات,Breakfast,International,Very Easy,Meal Prep / Healthy,Breakfast,12.0,0.0,12,6,6,6,343,14.4,56.1,8.2,2.7,8.0,21.0,175.0,8.0,,270.0,2.6,0,1,Dairy|Gluten,56.3,,High,Low,High Carb,Normal,Low,3.4,5.0
101911,Grilled Chicken Breast,صدر دجاج مشوي,Main Course,Mediterranean,Easy,High Protein / Weight Loss,Dinner,13.0,25.0,38,6,7,2,280,37.3,3.8,12.8,4.6,0.4,1.2,399.0,90.0,11.9,22.0,,0,0,None,48.4,13.32,Low,Low,High Protein,Overweight,Low,4.2,5.0
101912,Egg White Omelette,عجة بياض البيض,Breakfast,International,Very Easy,High Protein / Low Cal,Breakfast,5.0,9.0,14,4,7,4,198,22.4,3.7,6.4,2.5,1.1,2.1,320.0,9.0,,53.0,,0,1,Eggs,52.0,11.31,Low,Very Low,High Protein,Normal,Low,4.2,
101913,Tuna Salad Bowl,بول سلطة التونة,Salad,Mediterranean,Very Easy,Weight Loss,Lunch,8.0,0.0,8,6,7,1,211,26.3,8.3,6.4,1.9,3.4,4.0,582.0,40.0,,43.0,2.2,0,0,Seafood,56.0,12.46,Low,Low,High Protein,Overweight,Low,4.25,4.0
101914,Protein Pancakes,بانكيك البروتين,Breakfast,American,Very Easy,Muscle Gain,Breakfast,4.0,8.0,12,8,7,2,298,28.8,25.2,8.4,3.0,2.3,6.7,269.0,187.0,2.4,179.0,2.1,0,1,Dairy|Eggs|Gluten,52.0,9.66,Medium,Low,High Protein,Underweight,Low,4.0,7.0
101915,Greek Yogurt Parfait,بارفيه الزبادي اليوناني,Snack,International,Very Easy,Healthy Snack,Snack,6.0,0.0,6,5,6,6,280,22.3,39.2,6.8,2.6,3.9,17.2,107.0,,17.4,289.0,1.6,0,1,Dairy,53.6,7.96,High,Low,Mixed,Normal,Low,4.0,4.0
101916,Chicken Vegetable Stir Fry,دجاج مقلي بالخضار,Main Course,Asian,Easy,Balanced,Dinner,,19.0,33,8,9,2,402,37.2,27.5,12.8,5.7,3.9,6.2,727.0,95.0,52.4,66.0,2.4,0,0,Nuts|Soy,50.4,9.25,Medium,Moderate,High Protein,Normal,Medium,4.4,5.0
101917,Baked Salmon with Vegetables,سالمون مشوي بالخضار,Main Course,Western,Easy,Heart Health,Dinner,8.0,19.0,27,9,9,1,402,41.7,12.8,21.7,9.6,4.5,4.9,387.0,81.0,33.0,56.0,2.4,0,0,Seafood,48.5,10.37,Low,Moderate,High Protein,Normal,Medium,4.67,3.0
101918,Turkey Lettuce Wraps,لفائف الخس بالديك الرومي,Light Meal,Asian,Easy,Keto / Low Carb,Dinner,10.0,13.0,23,6,8,4,207,24.0,8.6,10.8,3.2,1.9,3.0,468.0,80.0,16.4,35.0,2.0,0,0,Dairy|Nuts|Soy,51.6,11.59,Low,Low,High Protein,Overweight,Low,4.6,5.0
101919,Boiled Eggs with Avocado,بيض مسلوق مع أفوكادو,Breakfast,International,Very Easy,Keto,Breakfast,3.0,11.0,14,3,6,1,273,17.2,9.5,22.5,,7.0,0.7,331.0,362.0,9.6,56.0,1.8,0,1,Eggs,51.5,6.3,Low,Low,Mixed,Overweight,Low,5.0,1.0
101920,Shrimp Stir Fry,روبيان مقلي,Main Course,Asian,Easy,High Protein / Low Cal,Lunch,9.0,9.0,18,9,9,2,259,31.0,17.1,8.2,3.5,3.2,6.0,4200.0,210.0,,87.0,3.5,0,0,Nuts|Soy|Seafood,52.8,11.97,Low,Low,High Protein,Normal,Medium,,
101921,Quinoa Buddha Bowl,بودا بول الكينوا,Main Course,International,Medium,Vegan / Balanced,Dinner,18.0,18.0,36,8,9,2,481,16.4,51.7,14.3,6.0,8.1,8.1,322.0,0.0,57.7,138.0,4.1,1,1,None,58.9,3.41,High,Moderate,High Carb,Normal,Medium,4.8,5.0
101922,Lentil Soup,شوربة العدس,Soup,Middle Eastern,Easy,High Fiber / Budget,Lunch,9.0,21.0,30,10,11,2,305,18.6,48.9,4.2,1.5,11.4,4.9,662.0,0.0,15.9,85.0,5.4,1,1,None,61.9,6.1,High,Low,High Carb,Normal,Medium,,
101923,Veggie Omelette,عجة الخضار,Breakfast,International,Very Easy,Balanced,Breakfast,4.0,7.0,11,4,8,4,228,18.7,6.5,16.0,6.7,1.8,2.5,386.0,,16.9,87.0,2.4,0,1,Eggs,46.3,8.2,Low,Low,High Protein,Normal,Low,5.0,4.0
101924,Hummus with Vegetables,حمص مع الخضار,Snack,Middle Eastern,Very Easy,Healthy Snack,Snack,11.0,0.0,11,6,9,2,197,8.7,21.4,9.8,4.0,5.6,2.4,265.0,0.0,20.4,87.0,3.2,1,1,None,58.1,4.42,Medium,Very Low,Mixed,Normal,Medium,3.5,6.0
101925,Spinach Lentil Dal,عدس بالسبانخ,Main Course,Indian,Easy,High Iron / Vegan,Dinner,11.0,27.0,38,10,10,4,281,19.0,48.4,6.2,2.4,,4.6,445.0,0.0,,,6.0,0,1,Dairy|Nuts,64.9,6.76,Medium,Low,High Carb,Normal,Medium,3.75,4.0
101926,Caprese Salad,سلطة كابريزي,Salad,Italian,Very Easy,Light / Healthy,Lunch,6.0,0.0,6,5,7,2,231,11.0,5.5,17.0,7.0,0.6,4.6,374.0,41.0,17.7,275.0,0.7,1,1,None,41.9,4.76,Low,Low,High Fat / Keto,Normal,Low,4.67,3.0
101927,Overnight Oats,شوفان بالليل,Breakfast,International,Very Easy,Sustained Energy,Breakfast,5.0,0.0,5,6,8,4,410,13.3,62.3,9.1,3.5,,14.9,172.0,5.0,8.6,218.0,2.7,0,1,Dairy|Gluten|Nuts,53.8,3.24,High,Moderate,High Carb,Normal,Low,,3.0
101928,Avocado Toast with Egg,توست الأفوكادو مع بيض,Breakfast,International,Very Easy,Balanced,Breakfast,5.0,6.0,11,4,8,2,411,15.2,31.9,20.4,7.6,8.6,1.8,468.0,,10.1,61.0,2.9,0,1,Eggs|Gluten,52.9,3.7,Medium,Moderate,Mixed,Normal,Low,4.5,
101929,Black Bean Tacos,تاكو الفول الأسود,Main Course,Mexican,Easy,Vegan / Budget,Dinner,9.0,11.0,20,8,10,1,328,17.1,57.1,10.9,3.9,12.6,3.9,641.0,0.0,21.1,,5.3,1,1,None,59.3,5.21,High,Low,High Carb,Normal,Medium,,7.0
101930,Mushroom Risotto,ريزوتو الفطر,Main Course,Italian,Medium,Comfort Food,Dinner,7.0,27.0,34,12,10,1,455,14.1,69.3,15.0,4.1,2.8,4.2,665.0,22.0,3.7,69.0,,0,1,Dairy,45.0,3.1,High,Moderate,High Carb,Normal,Medium,,6.0
101931,Chicken Vegetable Soup,شوربة الدجاج بالخضار,Soup,International,Easy,Immunity / Recovery,Lunch,18.0,37.0,55,10,11,2,247,30.7,22.9,6.8,2.3,4.2,5.4,649.0,80.0,25.2,58.0,,0,0,None,56.4,12.43,Medium,Low,High Protein,Normal,Medium,3.78,9.0
101932,Tomato Basil Soup,شوربة الطماطم والريحان,Soup,Italian,Easy,Light / Vegan,Lunch,12.0,20.0,32,8,9,2,205,4.6,30.3,7.5,3.1,,16.6,527.0,0.0,28.8,54.0,2.0,0,1,Dairy,46.5,2.24,Medium,Low,High Carb,Normal,Medium,,4.0
101933,Minestrone Soup,شوربة مينستروني,Soup,Italian,Easy,High Fiber / Balanced,Lunch,11.0,25.0,36,11,10,4,297,12.5,40.5,6.4,2.6,7.8,4.8,594.0,6.0,23.5,85.0,,1,1,Gluten,60.0,4.21,Medium,Low,High Carb,Normal,Medium,4.0,
101934,Beef Stir Fry,لحم مقلي,Main Course,Asian,Easy,Muscle Gain,Dinner,14.0,11.0,25,10,10,4,402,38.5,28.2,18.5,7.9,3.1,4.6,797.0,79.0,13.6,39.0,3.9,0,0,Nuts|Soy,42.6,9.58,Medium,Moderate,High Protein,Underweight,Medium,5.0,3.0
101935,Lean Beef Rice Bowl,بول أرز باللحمة,Main Course,Asian Fusion,Easy,Muscle Gain / Bulking,Dinner,12.0,26.0,38,11,10,4,444,38.8,61.1,12.8,4.7,2.8,6.0,,90.0,9.7,56.0,4.2,0,0,Nuts|Soy,45.3,8.74,High,Moderate,Mixed,Underweight,Medium,,2.0
101936,Turkey Meatballs,كرات ديك رومي,Main Course,Italian,Easy,High Protein,Dinner,16.0,,34,8,8,4,339,30.9,17.6,14.0,4.8,1.6,2.8,481.0,99.0,9.4,,2.6,0,0,Eggs|Gluten,47.2,9.12,Medium,Low,High Protein,Normal,Low,,4.0
101937,Whole Wheat Pasta Turkey,مكرونة قمح بالديك الرومي,Main Course,Italian,Easy,Balanced,Dinner,8.0,23.0,31,10,9,6,3,41.3,51.8,9.3,3.8,6.3,6.7,617.0,79.0,17.1,,3.7,0,0,Gluten,55.9,8.45,High,Moderate,High Protein,Normal,Medium,3.75,4.0
101938,Stuffed Bell Peppers,فلفل محشي,Main Course,Mediterranean,Medium,Balanced,Dinner,26.0,38.0,64,8,9,1,362,25.9,38.8,11.3,4.4,6.6,8.7,598.0,73.0,,66.0,3.0,0,0,Dairy,57.0,7.15,Medium,Low,Mixed,Normal,Medium,5.0,5.0
101939,Chicken Shawarma Bowl,بول شاورما الدجاج,Main Course,Middle Eastern,Easy,High Protein,Dinner,17.0,15.0,32,7,9,2,439,38.5,40.8,15.2,4.0,4.3,3.8,,103.0,17.0,,2.8,0,0,None,52.5,8.77,High,Moderate,High Protein,Normal,Medium,4.2,5.0
101940,Salmon Teriyaki,سالمون تيرياكي,Main Course,Japanese,Easy,Omega 3 / Healthy,Dinner,10.0,16.0,26,9,9,1,353,34.1,25.0,17.0,6.8,1.0,12.8,567.0,102.0,4.5,40.0,1.6,0,0,Nuts|Soy|Seafood,36.2,9.66,Medium,Low,High Protein,Normal,Medium,4.44,9.0
101941,Chicken Tikka Masala,دجاج تيكا ماسالا,Main Course,Indian,Medium,Balanced,Dinner,21.0,28.0,49,14,11,2,367,34.4,26.9,18.2,7.7,3.0,5.4,574.0,89.0,15.7,76.0,3.2,0,0,Dairy,44.6,9.37,Medium,Low,High Protein,Normal,Medium,3.67,3.0
101942,Zucchini Noodles with Pesto,نودلز الكوسا بالبيستو,Main Course,Italian,Easy,Low Carb / Keto,Lunch,12.0,5.0,17,7,9,4,250,9.6,14.3,23.9,9.8,3.4,4.5,364.0,15.0,18.7,108.0,1.8,1,1,Nuts,42.0,3.84,Low,Low,Mixed,Overweight,Medium,4.33,3.0
101943,Energy Balls,كرات الطاقة,Snack,International,Easy,Healthy Snack,Snack,12.0,0.0,12,5,7,2,109,3.7,17.4,5.0,2.0,1.9,6.5,43.0,0.0,0.9,33.0,1.1,0,1,Dairy|Gluten|Nuts,49.8,3.39,Medium,Very Low,High Carb,Normal,Low,3.5,4.0
101944,Chocolate Protein Balls,كرات بروتين بالشوكولاتة,Snack,International,Easy,Post Workout,Snack,18.0,0.0,18,6,7,2,94,5.4,12.3,4.3,1.4,1.7,5.4,42.0,0.0,3.4,21.0,0.7,0,1,Dairy|Gluten|Nuts,52.0,5.74,Low,Very Low,Mixed,Normal,Low,5.0,
101945,Apple Peanut Butter,تفاح مع زبدة فول سوداني,Snack,International,Very Easy,Balanced Snack,Snack,2.0,0.0,2,4,3,4,230,5.5,30.7,10.9,,3.7,15.0,,0.0,,22.0,0.5,0,1,Dairy|Nuts,44.6,2.39,Medium,Low,High Carb,Normal,Low,4.5,4.0
101946,Trail Mix,مكسرات وفواكه مجففة,Snack,International,Very Easy,Energy Boost,Snack,4.0,0.0,4,0,6,1,348,9.8,41.2,25.8,8.2,5.7,18.6,85.0,0.0,2.2,54.0,,1,1,Nuts,42.5,2.82,High,Low,Mixed,Normal,Low,4.0,5.0
101947,Strawberry Protein Smoothie,سموذي الفراولة والبروتين,Beverage,International,Very Easy,Muscle Gain / Post Workout,Anytime,4.0,0.0,4,4,6,2,254,24.9,35.8,4.0,1.6,3.9,21.1,118.0,10.0,92.1,,1.2,0,1,Dairy,56.8,9.8,Medium,Low,Mixed,Normal,Low,4.5,4.0
101948,Green Detox Smoothie,سموذي أخضر,Beverage,International,Very Easy,Detox / Weight Loss,Anytime,6.0,0.0,6,4,7,1,154,5.1,39.1,2.7,1.1,4.9,21.9,90.0,0.0,,82.0,,0,1,None,55.8,3.31,Medium,Very Low,High Carb,Overweight,Low,4.5,4.0
101949,Banana Peanut Butter Smoothie,سموذي الموز وزبدة الفول,Beverage,International,Very Easy,Pre Workout / Energy,Anytime,2.0,0.0,2,4,7,4,387,13.7,47.8,12.5,3.9,5.3,31.4,189.0,9.0,10.4,221.0,1.7,0,1,Dairy|Gluten|Nuts,48.7,3.54,High,Low,High Carb,Normal,Low,4.0,2.0
101950,Mango Turmeric Smoothie,سموذي المانجو والكركم,Beverage,International,Very Easy,Anti-Inflammatory,Anytime,,0.0,5,2,7,2,234,8.3,40.7,3.8,1.5,4.0,36.5,136.0,4.0,63.7,222.0,,0,1,Dairy|Nuts,53.7,3.55,High,Low,High Carb,Normal,Low,4.5,
101951,Berry Antioxidant Smoothie,سموذي التوت المضاد للأكسدة,Beverage,International,Very Easy,Immunity Boost,Anytime,4.0,0.0,4,3,6,6,209,8.7,41.7,3.1,1.2,6.4,28.0,,5.0,,131.0,0.9,0,1,Dairy|Nuts,57.6,4.16,High,Low,High Carb,Normal,Low,5.0,2.0
101952,Banana Nice Cream,آيس كريم الموز,Dessert,International,Very Easy,Healthy Dessert / Vegan,Dessert,5.0,0.0,5,1,2,2,124,1.9,27.8,0.5,,3.2,17.2,2.0,0.0,11.5,,0.3,1,1,None,49.6,1.53,Medium,Very Low,High Carb,Normal,Low,4.0,6.0
101953,Chia Pudding,بودنج الشيا,Dessert/Snack,International,Very Easy,High Fiber / Omega 3,Snack,12.0,0.0,12,3,5,4,278,10.6,36.7,12.6,5.6,13.8,17.6,126.0,4.0,3.4,,2.4,0,1,Dairy|Nuts,52.7,3.81,Medium,Low,High Carb,Normal,Low,,3.0
101954,Baked Cinnamon Apples,تفاح مخبوز بالقرفة,Dessert,International,Very Easy,Healthy Dessert,Dessert,6.0,25.0,31,4,6,4,192,1.1,40.5,2.0,0.7,5.5,30.5,7.0,0.0,8.6,21.0,0.5,0,1,Dairy|Gluten,51.5,0.57,High,Very Low,High Carb,Normal,Low,4.0,1.0
101955,Falafel Wrap,سندويتش فلافل,Main Course,Middle Eastern,Medium,Vegan / Protein,Dinner,21.0,16.0,37,12,11,4,447,18.8,65.1,17.5,5.9,9.9,4.3,596.0,0.0,15.4,108.0,6.8,1,1,Gluten,56.2,,High,Moderate,High Carb,Normal,Medium,4.0,7.0
101956,Tabbouleh Salad,سلطة التبولة,Salad,Middle Eastern,Easy,Light / Vegan,Lunch,14.0,0.0,14,3,9,4,8,4.8,28.4,7.4,3.3,6.2,3.3,392.0,0.0,38.2,64.0,2.7,1,1,Gluten,58.9,2.51,Medium,Very Low,High Carb,Normal,Medium,4.4,5.0
101957,Shakshuka,شكشوكة,Breakfast,Middle Eastern,Easy,Balanced,Breakfast,6.0,15.0,21,6,11,6,8,15.6,16.4,16.0,6.8,4.6,9.5,634.0,399.0,28.4,89.0,3.8,0,1,Eggs,46.2,5.29,Low,Low,Balanced Macro,Normal,Medium,,6.0
101958,Meal Prep Chicken Rice,دجاج وأرز للميل بريب,Main Course,International,Easy,Muscle Gain / Meal Prep,Dinner,18.0,29.0,47,10,9,1,484,46.1,49.3,10.2,3.7,2.8,1.7,541.0,,6.6,38.0,2.0,0,0,None,50.6,9.52,High,Moderate,High Protein,Normal,Medium,4.0,
101959,Overnight Oats 5 Ways,شوفان بالليل 5 وصفات,Breakfast,International,Very Easy,Meal Prep / Healthy,Breakfast,9.0,0.0,9,3,6,2,347,15.4,54.0,9.8,2.9,6.7,19.9,181.0,7.0,9.0,260.0,2.7,0,1,Dairy|Gluten,54.4,4.44,High,Low,High Carb,Normal,Low,,9.0
101960,Grilled Chicken Breast,صدر دجاج مشوي,Main Course,Mediterranean,Easy,High Protein / Weight Loss,Dinner,10.0,20.0,30,9,7,4,3,38.5,4.0,13.3,3.8,0.4,1.0,412.0,101.0,13.2,29.0,1.8,0,0,None,49.4,12.83,Low,Low,High Protein,Overweight,Low,3.83,6.0
101961,Egg White Omelette,عجة بياض البيض,Breakfast,International,Very Easy,High Protein / Low Cal,Breakfast,5.0,7.0,12,6,7,4,156,22.4,4.2,6.3,2.8,1.0,2.1,325.0,11.0,7.4,60.0,1.3,0,1,Eggs,52.7,14.36,Low,Very Low,High Protein,Normal,Low,4.0,3.0
101962,Tuna Salad Bowl,بول سلطة التونة,Salad,Mediterranean,Very Easy,Weight Loss,Lunch,8.0,0.0,8,6,7,4,173,29.6,7.4,6.5,2.8,3.3,4.9,537.0,40.0,,45.0,,0,0,Seafood,56.9,,Low,Very Low,High Protein,Overweight,Low,,
101963,Protein Pancakes,بانكيك البروتين,Breakfast,American,Very Easy,Muscle Gain,Breakfast,6.0,9.0,15,6,7,1,301,32.7,27.5,8.3,3.7,2.9,6.0,273.0,167.0,1.6,205.0,2.3,0,1,Dairy|Eggs|Gluten,53.3,10.86,Medium,Low,High Protein,Underweight,Low,4.2,15.0
101964,Greek Yogurt Parfait,بارفيه الزبادي اليوناني,Snack,International,Very Easy,Healthy Snack,Snack,6.0,0.0,6,2,6,4,312,20.0,38.3,6.7,2.4,3.8,22.6,108.0,14.0,12.1,255.0,1.7,0,1,Dairy,50.7,6.41,Medium,Low,Mixed,Normal,Low,3.0,1.0
101965,Chicken Vegetable Stir Fry,دجاج مقلي بالخضار,Main Course,Asian,Easy,Balanced,Dinner,18.0,17.0,35,8,9,2,378,34.9,30.6,11.4,3.3,4.1,7.0,669.0,92.0,41.3,65.0,2.3,0,0,Nuts|Soy,53.6,9.23,Medium,Low,High Protein,Normal,Medium,4.0,2.0
101966,Baked Salmon with Vegetables,سالمون مشوي بالخضار,Main Course,Western,Easy,Heart Health,Dinner,12.0,16.0,28,7,9,6,460,39.5,14.7,21.6,9.2,3.6,5.9,,91.0,,50.0,2.3,0,0,Seafood,46.0,8.59,Low,Moderate,High Protein,Normal,Medium,4.2,5.0
101967,Turkey Lettuce Wraps,لفائف الخس بالديك الرومي,Light Meal,Asian,Easy,Keto / Low Carb,Dinner,11.0,9.0,20,8,8,4,222,28.5,7.3,12.0,,1.7,2.7,463.0,70.0,17.5,36.0,1.8,0,0,Dairy|Nuts|Soy,52.0,12.84,Low,Low,High Protein,Overweight,Low,4.2,5.0
101968,Boiled Eggs with Avocado,بيض مسلوق مع أفوكادو,Breakfast,International,Very Easy,Keto,Breakfast,3.0,10.0,13,3,6,4,363,16.0,8.5,26.3,9.8,6.2,0.8,333.0,,10.9,48.0,1.9,0,1,Eggs,48.7,4.41,Low,Low,High Fat / Keto,Overweight,Low,4.0,5.0
101969,Shrimp Stir Fry,روبيان مقلي,Main Course,Asian,Easy,High Protein / Low Cal,Lunch,,8.0,18,8,9,2,292,34.0,18.0,9.2,3.3,3.2,5.8,3500.0,222.0,19.1,,3.2,0,0,Nuts|Soy|Seafood,52.1,11.64,Low,Low,High Protein,Normal,Medium,3.75,8.0
101970,Quinoa Buddha Bowl,بودا بول الكينوا,Main Course,International,Medium,Vegan / Balanced,Dinner,15.0,20.0,35,11,9,6,400,17.1,54.7,13.4,4.9,8.3,6.0,303.0,0.0,64.2,105.0,4.6,1,1,None,62.1,4.28,High,Moderate,High Carb,Normal,Medium,4.6,5.0
101971,Lentil Soup,شوربة العدس,Soup,Middle Eastern,Easy,High Fiber / Budget,Lunch,11.0,33.0,44,11,11,4,266,18.0,49.4,4.0,1.3,14.3,4.3,526.0,0.0,14.1,71.0,5.1,1,1,None,63.7,6.77,High,Low,High Carb,Normal,Medium,4.5,4.0
101972,Veggie Omelette,عجة الخضار,Breakfast,International,Very Easy,Balanced,Breakfast,4.0,8.0,12,5,8,4,224,17.4,6.1,16.2,6.5,1.6,3.5,356.0,342.0,23.5,101.0,2.4,0,1,Eggs,46.6,7.77,Low,Low,High Protein,Normal,Low,4.67,3.0
101973,Hummus with Vegetables,حمص مع الخضار,Snack,Middle Eastern,Very Easy,Healthy Snack,Snack,12.0,0.0,12,7,9,6,193,8.8,23.3,10.8,2.7,5.7,3.5,293.0,0.0,27.3,80.0,3.1,1,1,None,60.0,4.56,Medium,Very Low,Mixed,Normal,Medium,4.0,6.0
101974,Spinach Lentil Dal,عدس بالسبانخ,Main Course,Indian,Easy,High Iron / Vegan,Dinner,12.0,32.0,44,8,10,4,326,19.0,48.3,6.0,2.4,14.8,4.1,455.0,0.0,29.5,123.0,7.7,0,1,Dairy|Nuts,65.7,5.83,Medium,Low,High Carb,Normal,Medium,4.75,8.0
101975,Caprese Salad,سلطة كابريزي,Salad,Italian,Very Easy,Light / Healthy,Lunch,5.0,0.0,5,4,7,1,243,11.8,6.1,16.5,7.2,0.6,4.0,360.0,42.0,19.5,,0.8,1,1,None,41.8,4.86,Low,Low,Mixed,Normal,Low,4.8,5.0
101976,Overnight Oats,شوفان بالليل,Breakfast,International,Very Easy,Sustained Energy,Breakfast,4.0,0.0,4,6,8,1,401,12.6,57.3,8.5,3.0,6.5,21.2,146.0,5.0,7.4,218.0,2.9,0,1,Dairy|Gluten|Nuts,53.0,3.14,High,Moderate,High Carb,Normal,Low,4.0,3.0
101977,Avocado Toast with Egg,توست الأفوكادو مع بيض,Breakfast,International,Very Easy,Balanced,Breakfast,4.0,5.0,9,7,8,2,375,15.4,30.5,23.5,,9.5,2.4,413.0,213.0,12.8,56.0,,0,1,Eggs|Gluten,51.3,4.11,Medium,Low,Mixed,Normal,Low,5.0,1.0
101978,Black Bean Tacos,تاكو الفول الأسود,Main Course,Mexican,Easy,Vegan / Budget,Dinner,10.0,12.0,22,8,10,4,402,17.0,54.5,10.5,3.5,13.1,4.2,527.0,0.0,16.9,131.0,5.5,1,1,None,60.2,4.23,High,Moderate,High Carb,Normal,Medium,4.0,3.0
101979,Mushroom Risotto,ريزوتو الفطر,Main Course,Italian,Medium,Comfort Food,Dinner,7.0,44.0,51,13,10,2,473,12.8,62.9,12.9,5.7,2.9,3.6,571.0,,4.5,87.0,2.7,0,1,Dairy,43.8,2.71,High,Moderate,High Carb,Normal,Medium,4.5,2.0
101980,Chicken Vegetable Soup,شوربة الدجاج بالخضار,Soup,International,Easy,Immunity / Recovery,Lunch,11.0,45.0,56,10,11,1,245,26.4,20.3,6.6,2.2,4.6,4.9,563.0,71.0,32.2,55.0,2.9,0,0,None,58.4,10.78,Medium,Low,High Protein,Normal,Medium,4.5,2.0
101981,Tomato Basil Soup,شوربة الطماطم والريحان,Soup,Italian,Easy,Light / Vegan,Lunch,10.0,32.0,42,8,9,6,176,4.7,28.2,6.9,1.7,4.3,11.5,465.0,,33.0,57.0,1.8,0,1,Dairy,51.8,2.67,Medium,Very Low,High Carb,Normal,Medium,5.0,3.0
101982,Minestrone Soup,شوربة مينستروني,Soup,Italian,Easy,High Fiber / Balanced,Lunch,17.0,33.0,50,8,10,6,288,12.4,40.8,6.3,1.8,7.3,5.6,637.0,5.0,,,,1,1,Gluten,59.7,4.31,Medium,Low,High Carb,Normal,Medium,4.75,4.0
101983,Beef Stir Fry,لحم مقلي,Main Course,Asian,Easy,Muscle Gain,Dinner,12.0,18.0,30,7,10,1,420,37.8,27.5,18.5,6.1,2.9,4.0,730.0,96.0,,42.0,3.7,0,0,Nuts|Soy,45.9,9.0,Medium,Moderate,High Protein,Underweight,Medium,4.33,3.0
101984,Lean Beef Rice Bowl,بول أرز باللحمة,Main Course,Asian Fusion,Easy,Muscle Gain / Bulking,Dinner,13.0,15.0,28,10,10,2,493,33.3,61.1,12.8,4.1,2.9,5.3,748.0,84.0,8.2,43.0,4.4,0,0,Nuts|Soy,46.3,6.75,High,Moderate,Mixed,Underweight,Medium,4.5,2.0
101985,Turkey Meatballs,كرات ديك رومي,Main Course,Italian,Easy,High Protein,Dinner,16.0,14.0,30,9,8,1,292,32.9,18.3,13.0,4.9,2.0,2.9,536.0,90.0,8.5,64.0,2.8,0,0,Eggs|Gluten,48.4,11.27,Medium,Low,High Protein,Normal,Low,4.4,5.0
101986,Whole Wheat Pasta Turkey,مكرونة قمح بالديك الرومي,Main Course,Italian,Easy,Balanced,Dinner,8.0,23.0,31,9,9,2,541,35.9,57.7,9.4,3.8,5.8,6.4,571.0,76.0,17.8,76.0,4.3,0,0,Gluten,55.0,6.64,High,Moderate,Mixed,Normal,Medium,4.25,4.0
101987,Stuffed Bell Peppers,فلفل محشي,Main Course,Mediterranean,Medium,Balanced,Dinner,22.0,25.0,47,8,9,4,353,24.7,45.1,12.3,4.8,6.8,7.7,552.0,59.0,93.0,64.0,,0,0,Dairy,57.5,7.0,High,Low,Mixed,Normal,Medium,,5.0
101988,Chicken Shawarma Bowl,بول شاورما الدجاج,Main Course,Middle Eastern,Easy,High Protein,Dinner,15.0,16.0,31,6,9,1,449,35.5,40.5,13.4,4.4,5.4,3.8,622.0,,,53.0,2.9,0,0,None,53.5,7.91,High,Moderate,Balanced Macro,Normal,Medium,4.0,5.0
101989,Salmon Teriyaki,سالمون تيرياكي,Main Course,Japanese,Easy,Omega 3 / Healthy,Lunch,8.0,11.0,19,8,9,2,358,32.5,25.7,16.1,6.8,1.0,10.1,524.0,87.0,4.3,39.0,1.3,0,0,Nuts|Soy|Seafood,37.5,9.08,Medium,Low,High Protein,Normal,Medium,4.2,5.0
101990,Chicken Tikka Masala,دجاج تيكا ماسالا,Main Course,Indian,Medium,Balanced,Dinner,23.0,37.0,60,13,11,6,410,29.6,27.5,18.0,6.7,2.9,6.6,521.0,86.0,15.3,83.0,3.7,0,0,Dairy,45.1,7.22,Medium,Moderate,Balanced Macro,Normal,Medium,4.25,4.0
101991,Zucchini Noodles with Pesto,نودلز الكوسا بالبيستو,Main Course,Italian,Easy,Low Carb / Keto,Lunch,7.0,4.0,11,6,9,1,248,10.8,14.4,20.2,6.1,3.7,5.0,,15.0,23.2,,2.2,1,1,Nuts,48.2,4.35,Low,Low,Mixed,Overweight,Medium,3.83,6.0
101992,Energy Balls,كرات الطاقة,Snack,International,Easy,Healthy Snack,Snack,,0.0,19,4,7,6,115,3.9,15.3,4.8,1.4,2.1,8.8,36.0,0.0,1.1,33.0,0.9,0,1,Dairy|Gluten|Nuts,49.9,3.39,Low,Very Low,High Carb,Normal,Low,5.0,5.0
101993,Chocolate Protein Balls,كرات بروتين بالشوكولاتة,Snack,International,Easy,Post Workout,Snack,18.0,0.0,18,5,7,6,97,4.8,12.0,4.3,1.7,1.3,6.2,44.0,0.0,2.6,20.0,0.8,0,1,Dairy|Gluten|Nuts,49.8,4.95,Low,Very Low,Mixed,Normal,Low,,6.0
101994,Apple Peanut Butter,تفاح مع زبدة فول سوداني,Snack,International,Very Easy,Balanced Snack,Snack,2.0,0.0,2,3,3,2,206,6.2,26.9,9.5,4.2,4.4,16.3,,0.0,7.6,20.0,0.4,0,1,Dairy|Nuts,45.7,3.01,Medium,Low,High Carb,Normal,Low,4.17,6.0
101995,Trail Mix,مكسرات وفواكه مجففة,Snack,International,Very Easy,Energy Boost,Snack,3.0,0.0,3,2,6,1,418,9.4,36.1,22.2,7.8,5.4,18.8,88.0,,1.9,,2.8,1,1,Nuts,42.1,2.25,Medium,Moderate,Mixed,Normal,Low,4.67,6.0
101996,Strawberry Protein Smoothie,سموذي الفراولة والبروتين,Beverage,International,Very Easy,Muscle Gain / Post Workout,Anytime,2.0,0.0,2,2,6,6,291,24.8,40.9,4.3,1.2,,21.5,129.0,9.0,86.0,176.0,1.3,0,1,Dairy,57.2,8.52,High,Low,Mixed,Normal,Low,-1.0,1.0
101997,Green Detox Smoothie,سموذي أخضر,Beverage,International,Very Easy,Detox / Weight Loss,Anytime,4.0,0.0,4,1,7,2,162,4.7,35.4,2.9,1.1,5.9,23.3,98.0,0.0,132.6,81.0,2.5,0,1,None,57.7,2.9,Medium,Very Low,High Carb,Overweight,Low,4.6,5.0
101998,Banana Peanut Butter Smoothie,سموذي الموز وزبدة الفول,Beverage,International,Very Easy,Pre Workout / Energy,Anytime,3.0,0.0,3,4,7,2,390,13.0,52.8,11.4,4.4,5.2,31.2,164.0,9.0,13.5,228.0,1.3,0,1,Dairy|Gluten|Nuts,48.1,,High,Low,High Carb,Normal,Low,4.5,2.0
101999,Mango Turmeric Smoothie,سموذي المانجو والكركم,Beverage,International,Very Easy,Anti-Inflammatory,Anytime,4.0,0.0,4,4,7,2,233,7.9,43.5,4.0,1.5,4.4,26.0,105.0,4.0,53.8,172.0,0.7,0,1,Dairy|Nuts,54.3,3.39,High,Low,High Carb,Normal,Low,3.67,6.0
102001,Chicken Shawarma Bowl,بول شاورما دجاج,Main Course,Middle Eastern,Medium,High Protein,Dinner,15.0,20.0,35,8,12,2,480,38.0,42.0,14.0,3.5,4.0,5.0,620.0,95.0,15.0,55.0,3.2,0,0,Dairy,51.7,7.92,High,Moderate,High Protein,Normal,Medium,3.87,30.0
102002,Lentil Soup,شوربة عدس,Soup,Middle Eastern,Easy,High Fiber / Balanced,Lunch,10.0,30.0,40,6,8,4,210,13.0,35.0,3.0,0.5,10.0,4.0,380.0,0.0,8.0,,4.5,1,1,None,65.0,6.19,Medium,Low,High Carb,Normal,Low,3.53,9.0
102003,Falafel Wrap,لفة فلافل,Light Meal,Middle Eastern,Medium,Vegan / Protein,Lunch,20.0,10.0,30,7,10,2,390,16.0,48.0,13.0,2.0,8.0,4.0,540.0,0.0,12.0,80.0,4.8,1,1,Gluten,61.0,4.1,High,Low,High Carb,Normal,Medium,,40.0
102004,Hummus,حمص بالطحينة,Snack,Middle Eastern,Very Easy,Healthy Snack,Snack,10.0,,10,3,6,4,180,8.0,22.0,7.0,1.0,5.0,2.0,290.0,,5.0,60.0,2.1,1,1,None,59.0,4.44,Medium,Very Low,Mixed,Normal,Low,4.0,24.0
102005,Tabouleh Salad,سلطة تبولة,Salad,Middle Eastern,Easy,Light / Vegan,Lunch,15.0,0.0,15,4,7,4,120,3.0,18.0,5.0,0.7,4.0,3.0,180.0,,35.0,50.0,2.4,1,1,None,60.1,2.5,Low,Very Low,High Carb,Normal,Low,3.3,25.0
102006,Egyptian Koshari,كشري مصري,Main Course,Middle Eastern,Medium,High Fiber / Budget,Dinner,15.0,40.0,55,9,10,4,450,18.0,78.0,7.0,1.0,9.0,6.0,410.0,0.0,10.0,60.0,5.8,1,1,None,62.9,4.0,High,Moderate,High Carb,Normal,Medium,3.8,41.0
102007,Shakshuka,شكشوكة,Breakfast,Middle Eastern,Easy,Balanced,Breakfast,5.0,20.0,25,5,8,2,290,16.0,24.0,14.0,3.5,5.0,8.0,620.0,340.0,28.0,80.0,3.8,0,1,Eggs,52.8,5.52,Medium,Low,Balanced Macro,Normal,Low,4.47,23.0
102008,Fattoush Salad,سلطة فتوش,Salad,Middle Eastern,Very Easy,Light / Healthy,Lunch,10.0,5.0,15,4,9,2,150,4.0,22.0,6.0,0.8,4.0,5.0,320.0,0.0,30.0,,2.0,1,1,None,57.0,2.67,Medium,Very Low,High Carb,Normal,Medium,3.3,25.0
102009,Musakhan,مسخن,Main Course,Middle Eastern,Medium,High Protein,Dinner,20.0,45.0,65,8,8,4,580,40.0,48.0,20.0,5.0,4.0,6.0,720.0,,12.0,80.0,3.5,0,0,Gluten|Nuts,47.5,6.9,High,Moderate,Balanced Macro,Normal,Low,4.7,
102010,Greek Salad,سلطة يونانية,Salad,Mediterranean,Very Easy,Light / Healthy,Lunch,10.0,0.0,10,3,8,2,220,7.0,14.0,16.0,,3.0,7.0,540.0,25.0,35.0,,1.2,0,1,Dairy,47.3,3.18,Low,Low,Mixed,Normal,Low,3.2,22.0
102011,Salmon with Lemon Herbs,سلمون بالليمون,Main Course,Mediterranean,Easy,Omega 3 / Healthy,Dinner,5.0,15.0,20,5,7,2,380,42.0,4.0,22.0,4.0,1.0,2.0,380.0,95.0,8.0,55.0,2.8,0,0,Seafood,49.5,11.05,Low,Low,High Protein,Normal,Low,,59.0
102012,Caprese Salad,سلطة كابريز,Salad,Italian,Very Easy,Light / Healthy,Lunch,5.0,0.0,5,2,5,2,220,12.0,8.0,16.0,6.0,1.0,6.0,320.0,35.0,15.0,280.0,0.5,1,1,None,44.1,5.45,Low,Low,Mixed,Normal,Low,4.14,45.0
102013,Minestrone Soup,حساء مينيستروني,Soup,Italian,Easy,High Fiber / Balanced,Lunch,10.0,35.0,45,7,12,4,280,12.0,42.0,7.0,1.0,10.0,8.0,520.0,5.0,25.0,80.0,3.8,1,1,Gluten,61.6,4.29,Medium,Low,High Carb,Normal,Medium,,28.0
102014,Pasta Primavera,باستا بريمافيرا,Main Course,Italian,Easy,Balanced,Dinner,10.0,15.0,25,6,10,2,520,16.0,78.0,16.0,3.0,6.0,8.0,440.0,10.0,35.0,90.0,3.2,1,1,Gluten,56.6,3.08,High,Moderate,High Carb,Normal,Medium,4.3,43.0
102015,Chicken Stir Fry,دجاج مقلي بالخضار,Main Course,Asian,Easy,High Protein,Dinner,10.0,15.0,25,6,10,2,380,35.0,28.0,14.0,3.0,4.0,8.0,820.0,,45.0,55.0,3.8,0,0,Nuts|Soy,52.9,9.21,Medium,Low,High Protein,Normal,Medium,,17.0
102016,Miso Soup,شوربة ميسو,Soup,Japanese,Very Easy,Light / Healthy,Lunch,5.0,10.0,15,4,5,2,80,6.0,8.0,3.0,0.5,1.0,2.0,980.0,5.0,2.0,80.0,1.2,1,1,Soy,45.8,7.5,Low,Very Low,Balanced Macro,Normal,Low,3.62,
102017,Thai Green Curry,كاري أخضر تايلاندي,Main Course,Asian,Medium,Balanced,Dinner,10.0,25.0,35,7,11,3,420,28.0,32.0,18.0,10.0,3.0,6.0,680.0,70.0,35.0,80.0,3.5,0,0,Dairy|Nuts|Seafood,40.6,6.67,Medium,Moderate,Balanced Macro,Normal,Medium,,45.0
102018,Edamame Tofu Salad,سلطة توفو وإيداماميه,Salad,Japanese,Easy,Vegan / Protein,Lunch,10.0,5.0,15,4,8,2,280,18.0,22.0,12.0,1.5,,4.0,380.0,0.0,15.0,180.0,3.8,1,1,Nuts|Soy,62.4,6.43,Medium,Low,Balanced Macro,Normal,Low,4.13,
102019,Dal Tadka,عدس بالتوابل الهندية,Main Course,Indian,Easy,High Fiber / Budget,Dinner,10.0,30.0,40,7,10,4,290,16.0,42.0,8.0,,12.0,5.0,580.0,0.0,15.0,80.0,5.2,1,1,None,62.1,5.52,Medium,Low,High Carb,Normal,Medium,3.28,52.0
102020,Chicken Tikka Masala,دجاج تيكا ماسالا,Main Course,Indian,Medium,High Protein,Dinner,30.0,30.0,60,9,12,4,480,40.0,28.0,22.0,8.0,3.0,8.0,720.0,110.0,18.0,90.0,,0,0,Dairy,41.8,8.33,Medium,Moderate,High Protein,Normal,Medium,4.42,10.0
102021,Palak Tofu,توفو بالسبانخ,Main Course,Indian,Medium,Vegan / Protein,Dinner,10.0,25.0,35,7,10,3,280,16.0,18.0,16.0,2.5,,5.0,520.0,,,280.0,6.5,1,1,Soy,61.0,5.71,Low,Low,Balanced Macro,Normal,Medium,3.32,5.0
102022,Turkey Meatballs,كرات لحم الديك الرومي,Main Course,American,Easy,High Protein / Weight Loss,Dinner,15.0,25.0,40,6,9,4,340,32.0,16.0,14.0,4.0,2.0,4.0,580.0,95.0,5.0,60.0,3.8,0,0,Eggs|Gluten,47.9,9.41,Low,Low,High Protein,Overweight,Medium,4.9,15.0
102023,Avocado Toast,توست أفوكادو مع بيض,Breakfast,American,Very Easy,Balanced,Breakfast,5.0,5.0,10,3,6,1,340,14.0,28.0,20.0,4.0,6.0,2.0,380.0,185.0,12.0,60.0,2.5,0,1,Eggs|Gluten,56.3,4.12,Medium,Low,Mixed,Normal,Low,4.66,10.0
102024,Overnight Oats,شوفان بارد,Breakfast,American,Very Easy,Sustained Energy,Breakfast,,0.0,5,2,7,1,380,14.0,52.0,10.0,2.0,8.0,18.0,120.0,10.0,5.0,280.0,3.2,0,1,Dairy|Gluten|Nuts,58.5,,High,Low,High Carb,Normal,Low,,3.0
102025,Black Bean Burger,برجر الفاصولياء السوداء,Main Course,American,Medium,Vegan / Protein,Dinner,20.0,15.0,35,7,10,2,420,18.0,52.0,14.0,2.5,10.0,6.0,680.0,0.0,8.0,80.0,5.5,0,1,Eggs|Gluten|Soy,57.9,4.29,High,Moderate,High Carb,Normal,Medium,4.43,48.0
102026,Baked Sweet Potato,بطاطا حلوة مشوية,Snack,American,Very Easy,Balanced Snack,Snack,5.0,45.0,50,3,5,1,180,4.0,42.0,0.5,0.1,5.0,9.0,72.0,0.0,22.0,55.0,1.5,1,1,None,59.2,2.22,High,Very Low,High Carb,Normal,Low,4.43,45.0
102027,Greek Yogurt Parfait,طبقات زبادي يوناني,Breakfast,American,Very Easy,High Protein / Low Cal,Breakfast,5.0,0.0,5,2,5,1,260,18.0,32.0,5.0,2.0,3.0,22.0,85.0,12.0,8.0,220.0,1.0,0,1,Dairy,49.1,6.92,Medium,Low,Mixed,Normal,Low,4.09,48.0
102028,Cauliflower Fried Rice,أرز قرنبيط مقلي,Main Course,American,Easy,Keto / Low Carb,Dinner,10.0,15.0,25,5,9,2,220,12.0,18.0,12.0,2.5,5.0,5.0,580.0,185.0,45.0,65.0,,0,1,Eggs|Nuts|Soy,56.9,5.45,Low,Low,Balanced Macro,Overweight,Medium,3.51,18.0
102029,Spinach Smoothie,سموذي السبانخ,Beverage,American,Very Easy,Immunity Boost,Anytime,5.0,0.0,5,2,6,1,180,6.0,32.0,4.0,0.5,4.0,18.0,120.0,,45.0,120.0,2.8,1,1,Nuts,55.8,3.33,Medium,Very Low,High Carb,Normal,Low,3.67,
102030,Chicken Tacos,تاكو دجاج,Main Course,Mexican,Easy,High Protein,Dinner,15.0,20.0,35,6,10,2,420,32.0,38.0,14.0,4.0,4.0,5.0,680.0,85.0,18.0,120.0,3.2,0,0,None,51.1,7.62,Medium,Moderate,Balanced Macro,Normal,Medium,4.56,7.0
102031,Guacamole,جواكامولي,Snack,Mexican,Very Easy,Healthy Snack,Snack,10.0,0.0,10,3,6,3,180,2.0,10.0,16.0,2.5,5.0,2.0,240.0,0.0,18.0,15.0,0.8,1,1,None,55.8,1.11,Low,Very Low,High Fat / Keto,Normal,Low,3.57,5.0
102032,Burrito Bowl,بول بوريتو,Main Course,Mexican,Easy,Balanced,Dinner,10.0,20.0,30,5,11,2,520,30.0,62.0,14.0,4.0,8.0,6.0,680.0,70.0,22.0,120.0,,0,0,Dairy,57.7,5.77,High,Moderate,Mixed,Normal,Medium,3.53,19.0
102033,Berry Protein Smoothie,سموذي التوت البروتيني,Beverage,International,Very Easy,Muscle Gain / Post Workout,Anytime,5.0,0.0,5,2,6,1,280,22.0,38.0,4.0,0.5,4.0,18.0,150.0,8.0,15.0,180.0,2.1,0,1,Dairy|Nuts,55.0,7.86,Medium,Low,Mixed,Normal,Low,,35.0
102034,Golden Turmeric Latte,مشروب الكركم الذهبي,Beverage,International,Very Easy,Anti-Inflammatory,Anytime,5.0,5.0,10,3,6,1,120,4.0,16.0,4.0,2.0,1.0,8.0,80.0,10.0,,280.0,0.8,0,1,Dairy,49.3,3.33,Medium,Very Low,High Carb,Normal,Low,3.91,37.0
102035,Green Detox Juice,عصير التخليص الأخضر,Beverage,International,Very Easy,Detox / Weight Loss,Anytime,5.0,0.0,5,2,7,1,90,2.0,20.0,0.5,0.0,3.0,12.0,80.0,0.0,45.0,45.0,1.5,1,1,None,56.0,2.22,Medium,Very Low,High Carb,Normal,Low,,49.0
102036,Dark Chocolate Energy Balls,كرات طاقة الشوكولاتة,Dessert,International,Very Easy,Energy Boost,Snack,15.0,0.0,15,3,7,12,120,4.0,14.0,6.0,2.0,2.0,6.0,40.0,0.0,0.5,35.0,1.8,0,1,Dairy|Gluten|Nuts,50.6,3.33,Low,Very Low,Mixed,Normal,Low,3.79,15.0
102037,Chia Seed Pudding,بودينغ بذور الشيا,Dessert,International,Very Easy,Omega 3 / Healthy,Snack,5.0,0.0,5,2,5,2,220,6.0,28.0,10.0,1.5,10.0,14.0,80.0,0.0,5.0,,2.8,0,1,Dairy|Nuts,60.0,2.73,Medium,Low,High Carb,Normal,Low,3.55,58.0
102038,Banana Nice Cream,آيس كريم الموز,Dessert,International,Very Easy,Healthy Dessert / Vegan,Snack,5.0,0.0,5,2,3,2,160,2.0,38.0,0.5,0.0,3.0,22.0,2.0,0.0,8.0,25.0,0.5,0,1,Dairy|Nuts,47.9,,High,Very Low,High Carb,Normal,Low,4.93,22.0
102039,Protein Energy Bar,بار طاقة البروتين,Snack,American,Easy,Pre Workout / Energy,Snack,15.0,20.0,35,4,8,8,180,12.0,22.0,6.0,1.5,3.0,8.0,120.0,0.0,,80.0,2.2,0,1,Dairy|Gluten|Nuts,53.8,6.67,Medium,Very Low,Mixed,Normal,Low,3.9,19.0
102040,Chicken Vegetable Soup,شوربة دجاج بالخضار,Soup,International,Easy,Immunity / Recovery,Lunch,10.0,35.0,45,6,11,4,240,22.0,24.0,6.0,1.5,5.0,5.0,680.0,55.0,18.0,55.0,2.8,0,0,None,56.8,9.17,Medium,Low,High Protein,Normal,Medium,4.17,25.0
102041,Pumpkin Soup,شوربة اليقطين,Soup,Western,Easy,Immunity Boost,Lunch,10.0,30.0,40,6,8,4,180,5.0,28.0,7.0,3.0,,10.0,420.0,,22.0,80.0,2.2,0,1,Dairy|Nuts,51.8,2.78,Medium,Very Low,High Carb,Normal,Low,3.84,46.0
102042,Kale Caesar Salad,سلطة كالي سيزر,Salad,American,Easy,Light / Healthy,Lunch,10.0,0.0,10,4,8,2,280,14.0,18.0,18.0,4.0,4.0,3.0,520.0,25.0,80.0,180.0,2.8,0,1,None,56.0,5.0,Low,Low,Balanced Macro,Normal,Low,3.45,16.0
102043,Chickpea Salad,سلطة الحمص,Salad,Mediterranean,Very Easy,Vegan / Balanced,Lunch,10.0,0.0,10,3,9,2,320,14.0,42.0,10.0,1.5,10.0,5.0,380.0,0.0,22.0,80.0,4.5,1,1,None,63.9,4.38,Medium,Low,High Carb,Normal,Medium,,26.0
102044,Keto Egg Salad,سلطة بيض كيتو,Main Course,Western,Very Easy,Keto / Low Carb,Lunch,10.0,0.0,10,3,6,2,380,18.0,4.0,32.0,7.0,0.5,2.0,480.0,380.0,2.0,45.0,2.2,0,1,Eggs,38.8,4.74,Low,Low,High Fat / Keto,Overweight,Low,4.98,25.0
102045,Zucchini Noodles Pesto,نودلز كوسا بالبيستو,Main Course,Italian,Easy,Keto / Low Carb,Dinner,10.0,5.0,15,4,8,2,280,8.0,12.0,22.0,4.0,4.0,5.0,380.0,10.0,35.0,120.0,2.2,1,1,Nuts,52.9,,Low,Low,High Fat / Keto,Overweight,Low,3.91,9.0
102046,Beef and Broccoli,لحم بقري وبروكلي,Main Course,Asian,Easy,Muscle Gain,Dinner,10.0,20.0,720,6,9,2,420,38.0,22.0,18.0,5.0,4.0,5.0,920.0,85.0,65.0,80.0,,0,0,Nuts|Soy,51.5,9.05,Medium,Moderate,High Protein,Underweight,Medium,3.21,12.0
102047,Vegan Buddha Bowl,بول بوذا نباتي,Main Course,Western,Easy,Vegan / Balanced,Dinner,15.0,30.0,45,6,12,1,520,18.0,68.0,18.0,2.5,10.0,8.0,480.0,0.0,35.0,120.0,5.8,1,1,None,61.8,3.46,High,Moderate,High Carb,Normal,Medium,3.56,
102048,Egg Veggie Scramble,بيض مقلي بالخضار,Breakfast,International,Very Easy,High Protein / Low Cal,Breakfast,5.0,10.0,15,4,7,1,220,16.0,12.0,12.0,3.5,3.0,4.0,380.0,340.0,18.0,80.0,2.5,0,1,Eggs,52.4,7.27,Low,Low,Mixed,Normal,Low,4.51,34.0
102049,Baked Falafel,فلافل مشوية,Snack,Middle Eastern,Easy,Vegan / Protein,Snack,20.0,25.0,45,6,9,4,180,9.0,24.0,5.0,,,2.0,380.0,0.0,8.0,,3.2,1,1,Gluten,62.0,5.0,Medium,Very Low,High Carb,Normal,Medium,4.29,43.0
102050,Stuffed Bell Peppers,فلفل رومي محشو,Main Course,Mediterranean,Medium,Balanced,Dinner,15.0,45.0,60,7,10,2,380,24.0,42.0,12.0,3.0,,8.0,580.0,55.0,80.0,,3.5,0,0,None,58.4,6.32,High,Low,Mixed,Normal,Medium,3.85,42.0
102051,Lemon Herb Chicken,دجاج بالليمون والأعشاب,Main Course,Mediterranean,Easy,High Protein / Weight Loss,Dinner,10.0,35.0,45,6,8,3,320,38.0,4.0,16.0,3.5,1.0,2.0,,95.0,12.0,45.0,,0,0,None,49.9,11.88,Low,Low,High Protein,Overweight,Low,4.85,10.0
102052,Watermelon Feta Salad,سلطة البطيخ والفيتا,Salad,Mediterranean,Very Easy,Light / Healthy,Lunch,5.0,0.0,5,2,6,2,160,5.0,22.0,6.0,2.5,1.0,18.0,6000.0,15.0,18.0,120.0,0.5,0,1,Dairy,40.9,3.12,Medium,Very Low,High Carb,Normal,Low,4.32,35.0
102053,Oat Energy Bars,ألواح شوفان بالموز,Snack,American,Easy,Energy Boost,Snack,10.0,25.0,35,4,6,8,2200,5.0,26.0,8.0,1.5,2.5,12.0,80.0,0.0,2.0,25.0,1.2,0,1,Dairy|Gluten|Nuts,48.4,2.78,Medium,Very Low,High Carb,Normal,Low,3.37,56.0
102054,Protein Smoothie Bowl,بول سموذي بروتين,Breakfast,American,Very Easy,Muscle Gain / Post Workout,Breakfast,5.0,0.0,5,3,8,1,3,28.0,48.0,8.0,2.0,5.0,22.0,180.0,10.0,35.0,250.0,3.5,0,1,Dairy|Nuts,56.6,7.37,High,Low,Mixed,Normal,Low,3.76,25.0
102055,Sushi Bowl,بول سوشي,Main Course,Japanese,Medium,Omega 3 / Healthy,Dinner,20.0,20.0,40,7,9,1,480,28.0,55.0,14.0,2.5,2.0,8.0,680.0,55.0,8.0,45.0,2.1,0,0,Nuts|Soy|Seafood,44.7,5.83,High,Moderate,Mixed,Normal,Medium,4.4,45.0
102056,Paneer Tikka,بانير تيكا,Snack,Indian,Easy,Healthy Snack,Snack,20.0,15.0,35,5,8,2,320,18.0,12.0,20.0,8.0,2.0,5.0,480.0,55.0,10.0,380.0,1.5,0,1,Dairy,43.1,5.62,Low,Low,Mixed,Normal,Low,4.35,28.0
102057,Quinoa Mediterranean Bowl,بول كينوا متوسطي,Main Course,Mediterranean,Easy,Balanced,Dinner,10.0,20.0,30,5,10,2,420,18.0,55.0,14.0,2.5,6.0,5.0,380.0,0.0,,,4.2,1,1,None,59.0,4.29,High,Moderate,High Carb,Normal,Medium,4.21,
102058,Black Bean Soup,شوربة الفاصولياء السوداء,Soup,Mexican,Easy,High Fiber / Budget,Lunch,10.0,30.0,40,6,9,4,280,14.0,42.0,6.0,1.2,12.0,5.0,480.0,0.0,12.0,80.0,4.8,1,1,None,62.8,5.0,Medium,Low,High Carb,Normal,Medium,3.42,15.0
102059,Tzatziki Dip,صلصة تزاتزيكي,Snack,Mediterranean,Very Easy,Light / Healthy,Snack,10.0,0.0,10,3,6,4,90,5.0,6.0,5.0,2.5,0.5,3.0,210.0,15.0,5.0,120.0,0.3,0,1,Dairy,48.3,5.56,Low,Very Low,Balanced Macro,Normal,Low,4.73,6.0
102060,Mansaf,منسف,Main Course,Middle Eastern,Hard,Muscle Gain / Bulking,Dinner,20.0,90.0,110,10,10,6,720,45.0,68.0,22.0,8.0,3.0,4.0,850.0,140.0,5.0,120.0,5.2,0,0,Nuts,40.9,6.25,High,High,Mixed,Underweight,Medium,4.21,15.0
102061,Bone Broth,مرق العظام,Beverage,International,Easy,Immunity / Recovery,Anytime,15.0,240.0,255,4,6,6,80,10.0,2.0,3.0,1.0,0.0,1.0,580.0,20.0,2.0,55.0,2.5,0,0,None,50.5,12.5,Low,Very Low,High Protein,Normal,Low,4.09,10.0
102062,Baked Sea Bass,باس البحر المشوي,Main Course,Mediterranean,Medium,Heart Health,Dinner,10.0,25.0,35,6,9,2,340,38.0,5.0,18.0,3.0,1.0,3.0,420.0,80.0,12.0,60.0,2.5,1,0,None,50.4,11.18,Low,Low,High Protein,Normal,Medium,4.48,27.0
